4.5332,2.0477,3.16,9,1
4.5332,2.0477,3.16,9,1
4.5342,2.0499,3.1618,9,1
4.5342,2.0499,3.1618,9,1
4.5342,2.0499,3.1618,9,1
4.5342,2.0499,3.1618,9,1
4.5342,2.0499,3.1618,9,1
4.5332,2.0477,3.16,9,1
4.5319,2.0462,3.159,9,1
4.5336,2.0478,3.1607,9,1
4.5332,2.0477,3.16,9,1
4.5342,2.0499,3.1618,9,1
4.5342,2.0499,3.1618,9,1
4.5342,2.0499,3.1618,9,1
4.5342,2.0499,3.1618,9,1
4.5342,2.0499,3.1618,9,1
4.5342,2.0499,3.1618,9,1
4.5319,2.0462,3.159,9,1
4.5319,2.0462,3.159,9,1
4.5319,2.0462,3.159,9,1
4.5322,2.0466,3.1585,9,1
4.5319,2.0462,3.159,9,1
4.5342,2.0499,3.1618,9,1
4.3813,2.266,3.943,10,2
4.3813,2.266,3.943,10,2
4.3847,2.2699,3.9468,10,2
4.3813,2.266,3.943,10,2
4.3847,2.2699,3.9468,10,2
4.3871,2.2717,3.9499,10,2
4.3871,2.2717,3.9499,10,2
4.3872,2.2711,3.95,10,2
4.3871,2.2717,3.9499,10,2
4.3871,2.2717,3.9499,10,2
4.3872,2.2711,3.95,10,2
4.3871,2.2717,3.9499,10,2
4.3871,2.2717,3.9499,10,2
4.3847,2.2699,3.9468,10,2
4.3886,2.272,3.9506,10,2
4.3835,2.2692,3.9449,10,2
4.3835,2.2692,3.9449,10,2
4.3886,2.272,3.9506,10,2
4.3813,2.266,3.943,10,2
4.3813,2.266,3.943,10,2
4.3871,2.2717,3.9499,10,2
4.3871,2.2717,3.9499,10,2
4.3871,2.2717,3.9499,10,2
4.3813,2.266,3.943,10,2
4.3813,2.266,3.943,10,2
5.4275,2.9807,4.1357,11,3
5.4275,2.9807,4.1357,11,3
5.4275,2.9807,4.1357,11,3
5.4275,2.9807,4.1357,11,3
5.4275,2.9807,4.1357,11,3
5.4275,2.9807,4.1357,11,3
5.4275,2.9807,4.1357,11,3
5.4275,2.9807,4.1357,11,3
5.4275,2.9807,4.1357,11,3
5.4275,2.9807,4.1357,11,3
5.4275,2.9807,4.1357,11,3
5.4275,2.982,4.1352,11,3
5.4275,2.982,4.1352,11,3
5.4275,2.982,4.1352,11,3
5.4275,2.9807,4.1357,11,3
5.4275,2.9807,4.1357,11,3
5.2538,1.5756,4.2597,12,4
5.2538,1.5747,4.2592,12,4
5.2535,1.574,4.262,12,4
5.2538,1.5747,4.2592,12,4
5.2535,1.574,4.262,12,4
5.2535,1.574,4.262,12,4
5.2533,1.5741,4.2638,12,4
5.2535,1.574,4.262,12,4
5.2538,1.5747,4.2592,12,4
5.255,1.5744,4.2606,12,4
5.2538,1.5747,4.2592,12,4
5.255,1.5744,4.2606,12,4
5.2538,1.5756,4.2597,12,4
5.2535,1.574,4.262,12,4
5.2538,1.5756,4.2597,12,4
5.2533,1.5741,4.2638,12,4
5.2533,1.5741,4.2638,12,4
5.2535,1.574,4.262,12,4
5.2535,1.574,4.262,12,4
5.255,1.5744,4.2606,12,4
5.255,1.5744,4.2606,12,4
5.255,1.5744,4.2606,12,4
5.255,1.5744,4.2606,12,4
5.2531,1.5756,4.2575,12,4
5.2531,1.5756,4.2575,12,4
5.2534,1.575,4.2583,12,4
5.2533,1.5741,4.2638,12,4
5.2533,1.5741,4.2638,12,4
5.8594,2.2022,3.5389,13,5
5.8594,2.2022,3.5389,13,5
5.8594,2.2022,3.5389,13,5
5.8594,2.2022,3.5389,13,5
5.8594,2.2022,3.5389,13,5
5.8594,2.2022,3.5389,13,5
5.8594,2.2022,3.5389,13,5
5.8566,2.2026,3.5363,13,5
5.8594,2.2022,3.5389,13,5
5.8594,2.2022,3.5389,13,5
5.8594,2.2022,3.5389,13,5
5.8566,2.2026,3.5363,13,5
5.8594,2.2022,3.5389,13,5
5.8594,2.2022,3.5389,13,5
5.8566,2.2026,3.5363,13,5
5.8566,2.2026,3.5363,13,5
5.8566,2.2026,3.5363,13,5
5.8594,2.2022,3.5389,13,5
5.8594,2.2022,3.5389,13,5
5.8594,2.2022,3.5389,13,5
4.527,2.133,3.3756,14,6
4.5266,2.1342,3.3747,14,6
4.527,2.133,3.3756,14,6
4.5266,2.1342,3.3747,14,6
4.5266,2.1342,3.3747,14,6
4.5265,2.1335,3.373,14,6
4.5266,2.1342,3.3747,14,6
4.5265,2.1335,3.373,14,6
4.527,2.133,3.3756,14,6
4.527,2.133,3.3756,14,6
4.527,2.133,3.3756,14,6
4.5265,2.1335,3.373,14,6
4.5265,2.1335,3.373,14,6
4.5275,2.1337,3.3757,14,6
4.5269,2.1333,3.3738,14,6
4.5255,2.1324,3.3723,14,6
4.5255,2.1324,3.3723,14,6
4.5266,2.1342,3.3747,14,6
4.5266,2.1342,3.3747,14,6
4.5265,2.1335,3.373,14,6
5.6089,2.5759,3.549,16,7
5.609,2.5764,3.5493,16,7
5.6089,2.5759,3.549,16,7
5.609,2.5764,3.5493,16,7
5.609,2.5764,3.5493,16,7
5.609,2.5764,3.5493,16,7
5.6089,2.5759,3.549,16,7
5.6089,2.5759,3.549,16,7
5.6119,2.5805,3.5532,16,7
5.6074,2.5807,3.5535,16,7
5.6074,2.5807,3.5535,16,7
5.6119,2.5805,3.5532,16,7
5.6153,2.58,3.5576,16,7
5.6089,2.5759,3.549,16,7
5.609,2.5764,3.5493,16,7
5.609,2.5764,3.5493,16,7
5.5976,2.5827,3.5401,19,8
5.5976,2.5827,3.5401,19,8
5.6007,2.5813,3.542,19,8
5.6007,2.5813,3.542,19,8
5.6007,2.5813,3.542,19,8
5.6007,2.5813,3.542,19,8
5.6007,2.5813,3.542,19,8
5.6007,2.5813,3.542,19,8
5.5972,2.5819,3.5393,19,8
5.5972,2.5819,3.5393,19,8
5.5976,2.5827,3.5401,19,8
5.5998,2.5826,3.5425,19,8
5.5998,2.5826,3.5425,19,8
5.5998,2.5826,3.5425,19,8
5.6007,2.5813,3.542,19,8
5.6007,2.5813,3.542,19,8
5.5972,2.5819,3.5393,19,8
5.5972,2.5819,3.5393,19,8
5.5972,2.5819,3.5393,19,8
5.5972,2.5819,3.5393,19,8
5.5965,2.5844,3.5387,19,8
5.5965,2.5844,3.5387,19,8
5.6007,2.5813,3.542,19,8
5.6007,2.5813,3.542,19,8
4.5298,1.6691,2.8766,20,9
4.5301,1.6694,2.876,20,9
4.5282,1.6686,2.8779,20,9
4.5282,1.6686,2.8779,20,9
4.5282,1.6686,2.8779,20,9
4.5282,1.6686,2.8779,20,9
4.5284,1.6686,2.8787,20,9
4.5284,1.6686,2.8787,20,9
4.5301,1.6694,2.876,20,9
4.5298,1.6691,2.8766,20,9
4.5282,1.6677,2.8781,20,9
4.5305,1.6684,2.8752,20,9
4.5282,1.6677,2.8781,20,9
4.5284,1.6686,2.8787,20,9
4.5301,1.6694,2.876,20,9
4.5282,1.6686,2.8779,20,9
4.5301,1.6694,2.876,20,9
4.5301,1.6694,2.876,20,9
4.5284,1.6686,2.8787,20,9
4.5284,1.6686,2.8787,20,9
4.5305,1.6684,2.8752,20,9
4.5301,1.6694,2.876,20,9
4.5284,1.6686,2.8787,20,9
4.5287,2.0436,3.1454,21,10
4.5288,2.0441,3.1445,21,10
4.5287,2.0436,3.1454,21,10
4.5288,2.0441,3.1445,21,10
4.5288,2.0441,3.1445,21,10
4.5291,2.044,3.1446,21,10
4.5288,2.0441,3.1445,21,10
4.5291,2.044,3.1446,21,10
4.5287,2.0436,3.1454,21,10
4.5287,2.0436,3.1454,21,10
4.5287,2.0436,3.1454,21,10
4.5288,2.0441,3.1445,21,10
4.5291,2.044,3.1446,21,10
4.5291,2.044,3.1446,21,10
4.5291,2.044,3.1446,21,10
4.5291,2.044,3.1446,21,10
4.5291,2.044,3.1446,21,10
4.5288,2.0441,3.1445,21,10
4.5287,2.0436,3.1454,21,10
4.5288,2.0441,3.1445,21,10
4.5291,1.6644,2.8652,22,11
4.5291,1.6644,2.8652,22,11
4.5281,1.6645,2.8674,22,11
4.5281,1.6645,2.8674,22,11
4.5283,1.6644,2.8663,22,11
4.5281,1.6645,2.8674,22,11
4.5281,1.6645,2.8674,22,11
4.5283,1.6644,2.8663,22,11
4.5282,1.6644,2.868,22,11
4.5281,1.6637,2.8721,22,11
4.5281,1.6637,2.8721,22,11
4.5279,1.6645,2.8741,22,11
4.5279,1.6645,2.8741,22,11
4.5279,1.6645,2.8741,22,11
4.5281,1.6637,2.8721,22,11
4.5282,1.6644,2.868,22,11
4.5288,1.6642,2.8665,22,11
4.5283,1.6644,2.8663,22,11
4.5283,1.6642,2.8654,22,11
4.5283,1.6644,2.8663,22,11
4.5291,1.6644,2.8652,22,11
4.5278,1.6634,2.8719,22,11
4.5279,1.6645,2.8741,22,11
4.5278,1.6634,2.8719,22,11
4.5283,1.6644,2.8663,22,11
4.5288,1.6642,2.8665,22,11
4.5282,1.6644,2.868,22,11
4.5282,1.6644,2.868,22,11
4.5281,1.6637,2.8721,22,11
4.5279,1.6645,2.8741,22,11
4.5279,1.6645,2.8741,22,11
4.5291,1.6644,2.8652,22,11
4.5288,1.6642,2.8665,22,11
4.5288,1.6642,2.8665,22,11
4.5279,1.6645,2.8741,22,11
4.5279,1.6645,2.8741,22,11
4.5279,1.6645,2.8741,22,11
5.0994,1.6847,3.5234,24,12
5.1001,1.6845,3.5261,24,12
5.1005,1.6834,3.53,24,12
5.1006,1.6822,3.5307,24,12
5.1004,1.6826,3.531,24,12
5.1004,1.6826,3.531,24,12
5.1004,1.6826,3.531,24,12
5.1007,1.6811,3.5312,24,12
5.1006,1.6808,3.5307,24,12
5.1004,1.684,3.5272,24,12
5.1003,1.6828,3.5283,24,12
5.1003,1.6828,3.5283,24,12
5.1,1.6827,3.5285,24,12
5.1006,1.6808,3.5307,24,12
5.1002,1.682,3.5293,24,12
5.0999,1.6826,3.5286,24,12
5.0999,1.6829,3.5284,24,12
5.101,1.6836,3.5267,24,12
5.1008,1.6827,3.5297,24,12
5.1004,1.6826,3.531,24,12
5.1004,1.6826,3.531,24,12
5.1004,1.6826,3.531,24,12
5.1004,1.6826,3.531,24,12
5.1004,1.6826,3.531,24,12
5.1007,1.6811,3.5312,24,12
5.1006,1.6808,3.5307,24,12
5.1002,1.682,3.5293,24,12
5.1002,1.682,3.5293,24,12
5.0999,1.6829,3.5284,24,12
5.0999,1.6826,3.5286,24,12
5.0999,1.6826,3.5286,24,12
5.1004,1.6826,3.531,24,12
4.2188,2.585,3.1563,25,13
4.2188,2.585,3.1563,25,13
4.2188,2.585,3.1563,25,13
4.2188,2.585,3.1563,25,13
4.2195,2.5845,3.157,25,13
4.2195,2.5845,3.157,25,13
4.2185,2.5859,3.1562,25,13
4.2185,2.5859,3.1562,25,13
4.2195,2.5845,3.157,25,13
4.2195,2.5845,3.157,25,13
4.2195,2.5845,3.157,25,13
4.2188,2.585,3.1563,25,13
4.218,2.5841,3.1556,25,13
4.2186,2.5829,3.1568,25,13
4.2186,2.5829,3.1568,25,13
4.2188,2.585,3.1563,25,13
5.6524,1.739,4.2197,27,14
5.6524,1.739,4.2197,27,14
5.6518,1.7386,4.2205,27,14
5.6518,1.7386,4.2205,27,14
5.6541,1.7408,4.2225,27,14
5.6542,1.7396,4.2225,27,14
5.6524,1.7387,4.222,27,14
5.6542,1.7396,4.2225,27,14
5.6542,1.7396,4.2225,27,14
5.6524,1.7387,4.222,27,14
5.6542,1.7396,4.2225,27,14
5.6555,1.7392,4.2237,27,14
5.6555,1.7392,4.2237,27,14
5.6555,1.7392,4.2237,27,14
5.6566,1.7392,4.2252,27,14
5.6566,1.7392,4.2252,27,14
5.652,1.7337,4.2218,27,14
5.652,1.7337,4.2218,27,14
5.6534,1.7285,4.2247,27,14
5.6534,1.7285,4.2247,27,14
5.6538,1.7404,4.2217,27,14
5.6535,1.7388,4.221,27,14
5.6543,1.7412,4.2223,27,14
5.6543,1.7412,4.2223,27,14
5.6535,1.7388,4.221,27,14
5.6524,1.7376,4.221,27,14
5.6566,1.7392,4.2252,27,14
5.6566,1.7392,4.2252,27,14
5.6566,1.7392,4.2252,27,14
5.652,1.7337,4.2218,27,14
5.652,1.7337,4.2218,27,14
5.6524,1.739,4.2197,27,14
5.6518,1.7386,4.2205,27,14
5.6524,1.739,4.2197,27,14
5.6524,1.7387,4.222,27,14
5.6524,1.7387,4.222,27,14
5.6524,1.7387,4.222,27,14
5.6524,1.739,4.2197,27,14
5.5159,2.2139,4.3452,29,15
5.5159,2.2139,4.3452,29,15
5.5161,2.2135,4.3456,29,15
5.5161,2.2135,4.3456,29,15
5.5168,2.2114,4.3472,29,15
5.5168,2.2114,4.3472,29,15
5.5155,2.2119,4.3466,29,15
5.5173,2.2082,4.3489,29,15
5.5173,2.2082,4.3489,29,15
5.5165,2.2077,4.3489,29,15
5.5165,2.2077,4.3489,29,15
5.5173,2.2082,4.3489,29,15
5.5165,2.2077,4.3489,29,15
5.5175,2.2073,4.351,29,15
5.5179,2.2079,4.3502,29,15
5.5175,2.2073,4.351,29,15
5.518,2.2072,4.3518,29,15
5.5183,2.2076,4.3521,29,15
5.518,2.2072,4.3518,29,15
5.5171,2.2067,4.3508,29,15
5.5168,2.2071,4.3506,29,15
5.5164,2.2069,4.3494,29,15
5.5168,2.2071,4.3506,29,15
5.5164,2.2069,4.3494,29,15
5.5183,2.2076,4.3521,29,15
5.5185,2.2083,4.3496,29,15
5.5182,2.2087,4.3491,29,15
5.5182,2.2087,4.3491,29,15
5.5168,2.2106,4.3472,29,15
5.5165,2.2067,4.3487,29,15
5.5165,2.2067,4.3487,29,15
5.5168,2.2071,4.35,29,15
5.5168,2.2071,4.35,29,15
5.5137,2.2081,4.3451,29,15
5.5137,2.2081,4.3451,29,15
5.5142,2.206,4.3469,29,15
5.5142,2.206,4.3469,29,15
5.5159,2.2139,4.3452,29,15
5.5158,2.2137,4.3453,29,15
5.5157,2.213,4.3457,29,15
5.5159,2.2139,4.3452,29,15
5.5164,2.2121,4.3462,29,15
5.5164,2.2121,4.3462,29,15
5.5168,2.2106,4.3472,29,15
5.5182,2.2087,4.3491,29,15
5.5182,2.2087,4.3491,29,15
5.5185,2.2083,4.3496,29,15
5.5185,2.2083,4.3496,29,15
5.5171,2.2067,4.3508,29,15
5.518,2.2072,4.3518,29,15
5.5183,2.2076,4.3521,29,15
5.5183,2.2076,4.3521,29,15
5.5183,2.2076,4.3521,29,15
5.6138,2.5811,3.5506,31,16
5.6138,2.5811,3.5506,31,16
5.6087,2.5785,3.5476,31,16
5.6087,2.5785,3.5476,31,16
5.6115,2.5765,3.5505,31,16
5.6115,2.5765,3.5505,31,16
5.6115,2.5765,3.5505,31,16
5.6115,2.5765,3.5505,31,16
5.6122,2.5761,3.5519,31,16
5.6122,2.5761,3.5519,31,16
5.6078,2.5745,3.5477,31,16
5.6122,2.5761,3.5519,31,16
5.6138,2.5811,3.5506,31,16
5.6138,2.5811,3.5506,31,16
5.609,2.5758,3.5474,31,16
5.6138,2.5811,3.5506,31,16
5.609,2.5758,3.5474,31,16
5.6079,2.5751,3.5474,31,16
5.6078,2.5745,3.5477,31,16
5.6137,2.5811,3.5506,31,16
5.6137,2.5811,3.5506,31,16
5.606,2.5787,3.5459,31,16
5.606,2.5787,3.5459,31,16
5.6115,2.5765,3.5505,31,16
5.6122,2.5761,3.5519,31,16
5.6122,2.5761,3.5519,31,16
5.6138,2.5811,3.5506,31,16
5.6137,2.5811,3.5506,31,16
5.6078,2.5745,3.5477,31,16
5.6078,2.5745,3.5477,31,16
5.5938,2.1317,4.7422,33,17
5.5945,2.1315,4.7431,33,17
5.5977,2.1323,4.7477,33,17
5.5976,2.1325,4.7474,33,17
5.5976,2.1325,4.7474,33,17
5.5991,2.1323,4.7492,33,17
5.5991,2.1323,4.7492,33,17
5.5945,2.1315,4.7431,33,17
5.5936,2.1318,4.7419,33,17
5.5977,2.1323,4.7477,33,17
5.5993,2.1319,4.7499,33,17
5.5993,2.1319,4.7499,33,17
5.5945,2.1315,4.7431,33,17
5.5976,2.1325,4.7474,33,17
5.5991,2.1323,4.7492,33,17
5.5991,2.1323,4.7492,33,17
5.5991,2.1323,4.7492,33,17
5.5357,2.1413,3.5875,34,18
5.5363,2.141,3.5882,34,18
5.5357,2.1413,3.5875,34,18
5.5363,2.141,3.5882,34,18
5.5363,2.141,3.5882,34,18
5.5363,2.141,3.5882,34,18
5.5363,2.141,3.5882,34,18
5.5357,2.1413,3.5875,34,18
5.5357,2.1413,3.5875,34,18
5.5398,2.1457,3.5924,34,18
5.5357,2.1413,3.5875,34,18
5.5363,2.141,3.5882,34,18
5.5363,2.141,3.5882,34,18
5.5363,2.141,3.5882,34,18
5.5363,2.141,3.5882,34,18
5.5363,2.141,3.5882,34,18
5.5402,2.1442,3.5923,34,18
5.5398,2.1457,3.5924,34,18
5.5363,2.141,3.5882,34,18
4.4472,2.6049,3.6764,35,19
4.4472,2.6049,3.6764,35,19
4.4593,2.6033,3.6862,35,19
4.4472,2.6049,3.6764,35,19
4.4593,2.6033,3.6862,35,19
4.4631,2.6041,3.6897,35,19
4.464,2.6015,3.6945,35,19
4.4631,2.6041,3.6897,35,19
4.4649,2.6024,3.6922,35,19
4.4664,2.6014,3.6963,35,19
4.4649,2.6024,3.6922,35,19
4.4652,2.6009,3.6928,35,19
4.4647,2.597,3.7005,35,19
4.4652,2.6009,3.6928,35,19
4.4647,2.5971,3.7006,35,19
4.4647,2.5971,3.7006,35,19
4.4652,2.6009,3.6928,35,19
4.4647,2.5971,3.7006,35,19
4.4647,2.5971,3.7006,35,19
4.4647,2.5971,3.7006,35,19
4.4652,2.6009,3.6928,35,19
4.4652,2.6009,3.6928,35,19
4.4652,2.6009,3.6928,35,19
4.4626,2.6035,3.6906,35,19
4.4628,2.6028,3.6903,35,19
4.4626,2.6035,3.6906,35,19
4.4628,2.6028,3.6903,35,19
4.4626,2.6035,3.6906,35,19
4.4622,2.605,3.6883,35,19
4.4613,2.6053,3.6881,35,19
4.46,2.6043,3.686,35,19
4.4593,2.6049,3.6856,35,19
4.4629,2.6042,3.6909,35,19
4.4629,2.6042,3.6909,35,19
4.4647,2.5971,3.7006,35,19
4.4657,2.5969,3.7011,35,19
4.4647,2.5971,3.7006,35,19
4.4657,2.5969,3.7011,35,19
4.4651,2.5969,3.6999,35,19
4.4686,2.5962,3.7021,35,19
4.4671,2.5953,3.6984,35,19
4.4671,2.5953,3.6984,35,19
4.4689,2.593,3.7005,35,19
4.4679,2.5914,3.6998,35,19
4.4781,2.5946,3.7106,35,19
4.4679,2.5914,3.6998,35,19
4.4781,2.5946,3.7106,35,19
4.4472,2.6049,3.6764,35,19
4.4629,2.6042,3.6909,35,19
4.4629,2.6042,3.6909,35,19
4.4629,2.6042,3.6909,35,19
4.4629,2.6042,3.6909,35,19
4.4629,2.6042,3.6909,35,19
4.4593,2.6049,3.6856,35,19
4.462,2.6049,3.6896,35,19
4.462,2.6049,3.6896,35,19
4.4529,2.6018,3.6799,35,19
4.4489,2.6008,3.6757,35,19
4.447,2.6041,3.6758,35,19
4.4467,2.6022,3.6737,35,19
4.4467,2.6022,3.6737,35,19
4.4472,2.6049,3.6764,35,19
4.4582,2.5927,3.6899,35,19
4.4472,2.6049,3.6764,35,19
4.4582,2.5927,3.6899,35,19
4.4594,2.5913,3.6915,35,19
4.4594,2.5913,3.6915,35,19
4.4611,2.5904,3.6933,35,19
4.447,2.6041,3.6758,35,19
4.4657,2.5969,3.7011,35,19
4.4781,2.5946,3.7106,35,19
4.4781,2.5946,3.7106,35,19
4.4679,2.5914,3.6998,35,19
4.4679,2.5914,3.6998,35,19
4.4679,2.5914,3.6998,35,19
4.447,2.6041,3.6758,35,19
4.447,2.6041,3.6758,35,19
5.983,2.0106,4.4618,36,20
5.9846,2.0118,4.4617,36,20
5.983,2.0106,4.4618,36,20
5.9846,2.0118,4.4617,36,20
5.9846,2.0118,4.4617,36,20
5.9846,2.0118,4.4617,36,20
5.9846,2.0118,4.4617,36,20
5.983,2.0108,4.4628,36,20
5.983,2.0108,4.4628,36,20
5.983,2.0106,4.4618,36,20
5.9846,2.0118,4.4617,36,20
5.9846,2.0118,4.4617,36,20
5.9846,2.0118,4.4617,36,20
5.9846,2.0118,4.4617,36,20
5.9851,2.012,4.4616,36,20
5.9839,2.0113,4.4616,36,20
5.9851,2.012,4.4616,36,20
5.9851,2.012,4.4616,36,20
5.9851,2.012,4.4616,36,20
5.224,1.3655,4.0335,37,21
5.2251,1.3652,4.0334,37,21
5.2229,1.3657,4.0346,37,21
5.2251,1.3652,4.0334,37,21
5.2229,1.3657,4.0346,37,21
5.2229,1.3657,4.0346,37,21
5.2229,1.3657,4.0346,37,21
5.2229,1.3657,4.0346,37,21
5.2229,1.3657,4.0346,37,21
5.2229,1.3657,4.0346,37,21
5.2229,1.3657,4.0346,37,21
5.224,1.3637,4.0351,37,21
5.2236,1.3647,4.0354,37,21
5.2236,1.3647,4.0354,37,21
5.224,1.3644,4.0356,37,21
5.224,1.3644,4.0356,37,21
5.224,1.3637,4.0351,37,21
5.224,1.3655,4.0335,37,21
5.2233,1.3653,4.0345,37,21
5.2233,1.3653,4.0345,37,21
5.2251,1.3652,4.0334,37,21
5.2251,1.3652,4.0334,37,21
5.2251,1.3652,4.0334,37,21
5.2251,1.3652,4.0334,37,21
5.2251,1.3652,4.0334,37,21
5.2229,1.3657,4.0346,37,21
5.224,1.3637,4.0351,37,21
5.224,1.3637,4.0351,37,21
5.2229,1.3657,4.0346,37,21
5.2229,1.3657,4.0346,37,21
5.1272,1.3326,4.3954,38,22
5.1272,1.3326,4.3954,38,22
5.1291,1.3316,4.3987,38,22
5.1291,1.3316,4.3987,38,22
5.1275,1.3306,4.3986,38,22
5.1291,1.3316,4.3987,38,22
5.1291,1.3316,4.3987,38,22
5.13,1.3319,4.3995,38,22
5.13,1.3319,4.3995,38,22
5.1317,1.3327,4.3996,38,22
5.1313,1.3324,4.3986,38,22
5.1313,1.332,4.3989,38,22
5.1313,1.3324,4.3986,38,22
5.1313,1.332,4.3989,38,22
5.1297,1.3333,4.3974,38,22
5.1275,1.3306,4.3986,38,22
5.1275,1.3306,4.3986,38,22
5.1275,1.3306,4.3986,38,22
5.13,1.3319,4.3995,38,22
5.1266,1.3319,4.3948,38,22
5.1266,1.3319,4.3948,38,22
5.1272,1.3326,4.3954,38,22
5.1272,1.3326,4.3954,38,22
5.1287,1.3343,4.3946,38,22
5.1304,1.3322,4.3972,38,22
5.1304,1.3322,4.3972,38,22
5.1313,1.332,4.3989,38,22
5.1317,1.3327,4.3996,38,22
5.1313,1.332,4.3989,38,22
5.1313,1.332,4.3989,38,22
5.13,1.3319,4.3995,38,22
5.13,1.3319,4.3995,38,22
5.1317,1.3327,4.3996,38,22
5.5733,2.3003,4.5267,40,23
5.5708,2.3008,4.5267,40,23
5.5713,2.2997,4.5272,40,23
5.57,2.3002,4.5275,40,23
5.5713,2.2997,4.5272,40,23
5.57,2.3002,4.5275,40,23
5.5711,2.3008,4.5301,40,23
5.5713,2.301,4.5309,40,23
5.5713,2.301,4.5309,40,23
5.5717,2.3009,4.5324,40,23
5.5732,2.3011,4.5345,40,23
5.57,2.3002,4.5275,40,23
5.5717,2.3009,4.5324,40,23
5.57,2.3002,4.5275,40,23
5.5695,2.3011,4.528,40,23
5.5708,2.3008,4.5267,40,23
5.5712,2.3015,4.5325,40,23
5.5712,2.3015,4.5325,40,23
5.5712,2.3015,4.5325,40,23
5.5732,2.3011,4.5345,40,23
5.5724,2.3019,4.5273,40,23
5.5724,2.3019,4.5273,40,23
5.5711,2.3017,4.5321,40,23
5.5711,2.3017,4.5321,40,23
5.5728,2.3016,4.5341,40,23
5.5732,2.3011,4.5345,40,23
5.5728,2.3016,4.5341,40,23
5.5711,2.3008,4.5301,40,23
5.5702,2.3021,4.5275,40,23
5.5702,2.3021,4.5275,40,23
5.5702,2.3021,4.5275,40,23
5.5732,2.3011,4.5345,40,23
5.5732,2.3011,4.5345,40,23
5.5712,2.3015,4.5325,40,23
5.5712,2.3015,4.5325,40,23
5.5712,2.3015,4.5325,40,23
5.5712,2.3015,4.5325,40,23
5.5686,2.2975,4.523,40,23
5.5686,2.2975,4.523,40,23
5.5688,2.2984,4.5239,40,23
5.3541,1.4916,3.7948,41,24
5.3541,1.4916,3.7948,41,24
5.3535,1.4914,3.7973,41,24
5.3536,1.491,3.7967,41,24
5.3534,1.4896,3.7993,41,24
5.3556,1.4911,3.798,41,24
5.3536,1.4887,3.7989,41,24
5.3534,1.4896,3.7993,41,24
5.3556,1.4911,3.798,41,24
5.3536,1.4887,3.7989,41,24
5.3529,1.4885,3.801,41,24
5.3549,1.4887,3.8011,41,24
5.3529,1.4885,3.801,41,24
5.3529,1.4885,3.801,41,24
5.3549,1.4887,3.8011,41,24
5.3529,1.4885,3.801,41,24
5.3529,1.4885,3.801,41,24
5.354,1.4881,3.7987,41,24
5.354,1.4881,3.7987,41,24
5.356,1.4879,3.7955,41,24
5.356,1.4879,3.7955,41,24
5.3556,1.4911,3.798,41,24
5.3565,1.4902,3.7964,41,24
5.3556,1.4911,3.798,41,24
5.3565,1.4902,3.7964,41,24
5.3536,1.491,3.7967,41,24
5.3554,1.4906,3.7945,41,24
5.3562,1.4906,3.7946,41,24
5.3564,1.4916,3.7948,41,24
5.3561,1.4908,3.7955,41,24
5.3564,1.4916,3.7948,41,24
5.3561,1.4908,3.7955,41,24
5.356,1.4911,3.7949,41,24
5.3561,1.4908,3.7955,41,24
5.356,1.4911,3.7949,41,24
5.3564,1.4916,3.7948,41,24
5.3557,1.493,3.7945,41,24
5.3557,1.493,3.7945,41,24
5.3557,1.493,3.7945,41,24
5.3557,1.493,3.7945,41,24
5.3544,1.488,3.7997,41,24
5.3544,1.488,3.7997,41,24
5.354,1.4869,3.7999,41,24
5.354,1.4869,3.7999,41,24
5.3529,1.4885,3.801,41,24
5.3542,1.4919,3.7956,41,24
5.3542,1.4919,3.7956,41,24
5.3541,1.4899,3.799,41,24
5.3541,1.4899,3.799,41,24
5.3542,1.4911,3.7941,41,24
5.355,1.491,3.7933,41,24
5.355,1.491,3.7933,41,24
5.3564,1.4916,3.793,41,24
5.3565,1.4924,3.7941,41,24
5.3555,1.493,3.7936,41,24
5.3549,1.4887,3.8011,41,24
5.3549,1.4887,3.8011,41,24
5.3549,1.4887,3.8011,41,24
5.356,1.4879,3.7955,41,24
5.356,1.4879,3.7955,41,24
5.356,1.4911,3.7949,41,24
5.356,1.4911,3.7949,41,24
5.356,1.4911,3.7949,41,24
5.3557,1.493,3.7945,41,24
5.3557,1.493,3.7945,41,24
5.3557,1.493,3.7945,41,24
5.3557,1.493,3.7945,41,24
5.356,1.4911,3.7949,41,24
5.3534,1.4923,3.7945,41,24
5.3534,1.4923,3.7945,41,24
5.3555,1.493,3.7936,41,24
5.3555,1.493,3.7936,41,24
5.3529,1.4885,3.801,41,24
5.3549,1.4887,3.8011,41,24
4.8366,1.9502,3.9119,42,25
4.8366,1.9502,3.9119,42,25
4.8366,1.9502,3.9119,42,25
4.8366,1.9502,3.9119,42,25
4.8402,1.948,3.9159,42,25
4.8402,1.948,3.9159,42,25
4.8397,1.9484,3.9146,42,25
4.8402,1.948,3.9159,42,25
4.8402,1.9475,3.9169,42,25
4.8384,1.9478,3.9156,42,25
4.8384,1.9478,3.9156,42,25
4.8402,1.9475,3.9169,42,25
4.8402,1.948,3.9159,42,25
4.8397,1.9484,3.9146,42,25
4.8366,1.9502,3.9119,42,25
4.8366,1.9502,3.9119,42,25
4.8397,1.9484,3.9146,42,25
4.8397,1.9484,3.9146,42,25
4.8366,1.9502,3.9119,42,25
4.8366,1.9502,3.9119,42,25
5.2611,2.1629,3.7806,44,26
5.2611,2.1627,3.7806,44,26
5.2611,2.1629,3.7806,44,26
5.2621,2.1626,3.7818,44,26
5.2621,2.1626,3.7818,44,26
5.2621,2.1626,3.7818,44,26
5.2621,2.1626,3.7818,44,26
5.2611,2.1627,3.7806,44,26
5.2611,2.1637,3.7796,44,26
5.2611,2.1629,3.7806,44,26
5.2599,2.1632,3.7794,44,26
5.2611,2.1637,3.7796,44,26
5.2626,2.1626,3.7812,44,26
5.2626,2.1626,3.7812,44,26
5.2611,2.1627,3.7806,44,26
5.2621,2.1626,3.7818,44,26
5.2621,2.1626,3.7818,44,26
5.2599,2.1632,3.7794,44,26
5.2621,2.1626,3.7818,44,26
5.2621,2.1626,3.7818,44,26
4.5306,1.6601,2.8662,46,27
4.5309,1.6596,2.8668,46,27
4.5309,1.6596,2.8668,46,27
4.53,1.6597,2.8669,46,27
4.5309,1.6596,2.8668,46,27
4.5309,1.6596,2.8668,46,27
4.53,1.6597,2.8669,46,27
4.5293,1.6595,2.8675,46,27
4.5293,1.6595,2.8675,46,27
4.5309,1.6596,2.8668,46,27
4.53,1.6597,2.8669,46,27
4.5295,1.6601,2.8683,46,27
4.5306,1.6601,2.8662,46,27
4.5306,1.6601,2.8662,46,27
4.5295,1.6601,2.8683,46,27
4.5306,1.6601,2.8662,46,27
4.5309,1.6596,2.8668,46,27
4.5309,1.6596,2.8668,46,27
4.5309,1.6596,2.8668,46,27
4.5293,1.6595,2.8675,46,27
4.5293,1.6595,2.8675,46,27
4.5309,1.6596,2.8668,46,27
4.5309,1.6596,2.8668,46,27
4.5309,1.6596,2.8668,46,27
4.5306,1.6601,2.8662,46,27
4.5293,1.6595,2.8675,46,27
4.3151,1.8146,2.9965,48,28
4.3145,1.8125,2.9981,48,28
4.3151,1.8146,2.9965,48,28
4.3145,1.8125,2.9981,48,28
4.3151,1.8146,2.9965,48,28
4.3145,1.8125,2.9981,48,28
4.2423,1.7145,2.9866,48,28
4.2423,1.7145,2.9866,48,28
4.3145,1.8125,2.9981,48,28
4.3145,1.8111,3.0007,48,28
4.3145,1.8125,2.9981,48,28
4.3145,1.8111,3.0007,48,28
4.3151,1.8146,2.9965,48,28
4.3151,1.8146,2.9965,48,28
4.3151,1.8146,2.9965,48,28
4.3145,1.8111,3.0007,48,28
4.3145,1.8111,3.0007,48,28
4.2423,1.7145,2.9866,48,28
4.2423,1.7145,2.9866,48,28
4.3152,1.8151,2.9959,48,28
4.3155,1.8139,2.9975,48,28
4.3155,1.8139,2.9975,48,28
4.3154,1.8126,2.9994,48,28
4.3151,1.8146,2.9965,48,28
4.2423,1.7145,2.9866,48,28
4.2423,1.7145,2.9866,48,28
5.0419,1.3082,3.8105,50,29
5.0425,1.3089,3.8108,50,29
5.0419,1.3082,3.8105,50,29
5.0425,1.3089,3.8108,50,29
5.0425,1.3089,3.8108,50,29
5.0418,1.3094,3.8134,50,29
5.0418,1.3094,3.8134,50,29
5.0422,1.3107,3.8132,50,29
5.0426,1.3102,3.8119,50,29
5.0426,1.3102,3.8119,50,29
5.0425,1.3089,3.8108,50,29
5.0419,1.3082,3.8105,50,29
5.0419,1.3082,3.8105,50,29
5.0417,1.3093,3.8138,50,29
5.0418,1.3094,3.8134,50,29
5.0417,1.3093,3.8138,50,29
5.0418,1.3094,3.8134,50,29
5.0422,1.3107,3.8132,50,29
5.0422,1.3107,3.8132,50,29
5.0426,1.3102,3.8119,50,29
5.0426,1.3102,3.8119,50,29
5.0422,1.3078,3.8064,50,29
5.0421,1.3075,3.8068,50,29
5.0421,1.3075,3.8068,50,29
5.0426,1.3102,3.8119,50,29
4.9814,1.9107,4.1105,51,30
4.9817,1.9109,4.11,51,30
4.9813,1.91,4.1117,51,30
4.9831,1.9111,4.1139,51,30
4.985,1.9105,4.115,51,30
4.9861,1.9103,4.1171,51,30
4.9873,1.9102,4.1204,51,30
4.9836,1.9109,4.111,51,30
4.9841,1.9106,4.111,51,30
4.9841,1.9106,4.111,51,30
4.985,1.9106,4.1112,51,30
4.9861,1.9103,4.1171,51,30
4.9867,1.9103,4.1177,51,30
4.987,1.91,4.1199,51,30
4.9869,1.9098,4.119,51,30
4.987,1.91,4.1199,51,30
4.987,1.91,4.1199,51,30
4.9869,1.9098,4.119,51,30
4.987,1.91,4.1199,51,30
4.9889,1.912,4.1226,51,30
4.9867,1.9099,4.1186,51,30
4.9867,1.9099,4.1186,51,30
4.9858,1.9106,4.1139,51,30
4.9858,1.9106,4.1139,51,30
4.9852,1.9107,4.1113,51,30
4.9853,1.9109,4.1113,51,30
4.9821,1.9105,4.1115,51,30
4.9813,1.91,4.1117,51,30
4.9889,1.912,4.1226,51,30
4.9889,1.912,4.1226,51,30
4.9887,1.9109,4.1213,51,30
4.9813,1.91,4.1117,51,30
4.9867,1.9099,4.1186,51,30
4.9867,1.9099,4.1186,51,30
4.9867,1.9099,4.1186,51,30
4.9853,1.9109,4.1113,51,30
4.9853,1.9109,4.1113,51,30
4.9867,1.9099,4.1186,51,30
4.9889,1.912,4.1226,51,30
4.9889,1.912,4.1226,51,30
4.987,1.91,4.1199,51,30
4.9869,1.9098,4.119,51,30
4.2918,2.1985,4.137,52,31
4.2918,2.1985,4.137,52,31
4.2956,2.1993,4.1388,52,31
4.2956,2.1993,4.1388,52,31
4.3899,2.2876,4.091,52,31
4.2956,2.1993,4.1388,52,31
4.2956,2.1993,4.1388,52,31
4.3899,2.2876,4.091,52,31
4.3916,2.2882,4.0913,52,31
4.3916,2.2882,4.0913,52,31
4.3925,2.2897,4.09,52,31
4.3886,2.2843,4.094,52,31
4.2943,2.198,4.139,52,31
4.2943,2.198,4.139,52,31
4.2925,2.1976,4.138,52,31
4.3916,2.2891,4.0903,52,31
4.3926,2.2896,4.0901,52,31
4.3926,2.2896,4.0901,52,31
4.2921,2.1982,4.1383,52,31
4.2921,2.1982,4.1383,52,31
4.2918,2.1985,4.137,52,31
4.2915,2.1998,4.1363,52,31
4.2925,2.1976,4.138,52,31
4.2943,2.198,4.139,52,31
4.3886,2.2843,4.094,52,31
4.3886,2.2843,4.094,52,31
4.2925,2.1976,4.138,52,31
4.3925,2.2897,4.09,52,31
4.3925,2.2897,4.09,52,31
4.3916,2.2882,4.0913,52,31
4.3886,2.2843,4.094,52,31
5.6023,1.6685,4.6536,53,32
5.6016,1.6683,4.6536,53,32
5.6026,1.6676,4.6534,53,32
5.6018,1.6672,4.654,53,32
5.6026,1.6676,4.6534,53,32
5.6018,1.6672,4.654,53,32
5.6024,1.6646,4.6561,53,32
5.6024,1.6646,4.6561,53,32
5.6024,1.6646,4.6561,53,32
5.6022,1.6636,4.6546,53,32
5.6018,1.6672,4.654,53,32
5.6011,1.6652,4.6538,53,32
5.6018,1.6672,4.654,53,32
5.6011,1.6652,4.6538,53,32
5.6016,1.6683,4.6536,53,32
5.6008,1.6663,4.6533,53,32
5.6015,1.6649,4.6541,53,32
5.6015,1.6649,4.6541,53,32
5.6033,1.6687,4.6535,53,32
5.6037,1.6707,4.6547,53,32
5.6037,1.6707,4.6547,53,32
5.6033,1.6687,4.6535,53,32
5.6033,1.6687,4.6535,53,32
5.6022,1.6636,4.6546,53,32
5.6015,1.6649,4.6541,53,32
5.6015,1.6649,4.6541,53,32
5.6008,1.6663,4.6533,53,32
5.6015,1.6649,4.6541,53,32
5.6015,1.6649,4.6541,53,32
5.6015,1.6649,4.6541,53,32
5.6014,1.669,4.6529,53,32
5.6014,1.669,4.6529,53,32
5.6005,1.6685,4.6526,53,32
5.5996,1.669,4.6526,53,32
5.6024,1.6646,4.6561,53,32
5.6024,1.6646,4.6561,53,32
5.6033,1.6597,4.6561,53,32
5.6033,1.6597,4.6561,53,32
4.4076,2.2925,4.1067,54,33
4.4076,2.2925,4.1067,54,33
4.4092,2.2937,4.1075,54,33
4.4092,2.2943,4.1066,54,33
4.4092,2.2937,4.1075,54,33
4.4094,2.2945,4.1068,54,33
4.4094,2.2945,4.1068,54,33
4.4094,2.2945,4.1068,54,33
4.4078,2.2922,4.1071,54,33
4.4076,2.2925,4.1067,54,33
4.4039,2.2857,4.1066,54,33
4.4099,2.2941,4.1078,54,33
4.4099,2.2941,4.1078,54,33
4.4092,2.2943,4.1066,54,33
4.4092,2.2943,4.1066,54,33
4.4094,2.2945,4.1068,54,33
4.4094,2.2945,4.1068,54,33
4.4094,2.2945,4.1068,54,33
4.4094,2.2945,4.1068,54,33
4.4092,2.2937,4.1075,54,33
5.4481,1.6976,4.4083,55,34
5.4486,1.6972,4.4087,55,34
5.4481,1.6976,4.4083,55,34
5.4486,1.6972,4.4087,55,34
5.4486,1.6972,4.4087,55,34
5.4486,1.6968,4.4083,55,34
5.4486,1.6972,4.4087,55,34
5.4486,1.6968,4.4083,55,34
5.4479,1.6989,4.4086,55,34
5.4481,1.6976,4.4083,55,34
5.4486,1.698,4.4092,55,34
5.4479,1.6989,4.4086,55,34
5.4486,1.6968,4.4083,55,34
5.4486,1.6968,4.4083,55,34
5.4486,1.698,4.4092,55,34
5.4487,1.6977,4.4091,55,34
5.4481,1.6976,4.4083,55,34
5.4486,1.6972,4.4087,55,34
5.4486,1.697,4.4083,55,34
5.4486,1.697,4.4083,55,34
5.8388,2.2724,4.572,56,35
5.8383,2.2732,4.573,56,35
5.8387,2.2716,4.5716,56,35
5.8387,2.2716,4.5716,56,35
5.8387,2.2716,4.5716,56,35
5.8387,2.2716,4.5716,56,35
5.8377,2.272,4.5708,56,35
5.8387,2.2716,4.5716,56,35
5.8383,2.2732,4.573,56,35
5.8383,2.2732,4.573,56,35
5.8379,2.2741,4.5736,56,35
5.8377,2.272,4.5708,56,35
5.8377,2.272,4.5708,56,35
5.8377,2.272,4.5708,56,35
5.8387,2.2716,4.5716,56,35
5.8409,2.2734,4.5733,56,35
5.8409,2.2734,4.5733,56,35
5.8377,2.272,4.5708,56,35
5.8387,2.2716,4.5716,56,35
5.8387,2.2716,4.5716,56,35
5.8387,2.2716,4.5716,56,35
5.8383,2.2732,4.573,56,35
5.8379,2.2741,4.5736,56,35
5.8379,2.2741,4.5736,56,35
5.8379,2.2741,4.5736,56,35
5.838,2.273,4.5716,56,35
5.8379,2.2734,4.572,56,35
5.8379,2.2734,4.572,56,35
5.8379,2.2741,4.5736,56,35
4.9923,1.654,3.473,57,36
4.9923,1.654,3.473,57,36
4.9934,1.6532,3.4746,57,36
4.9934,1.6532,3.4746,57,36
4.995,1.6538,3.4752,57,36
4.9934,1.6532,3.4746,57,36
4.995,1.6538,3.4752,57,36
4.995,1.6538,3.4752,57,36
4.9966,1.654,3.4747,57,36
4.9966,1.654,3.4747,57,36
4.995,1.6538,3.4752,57,36
4.9931,1.6534,3.4752,57,36
4.9931,1.6534,3.4752,57,36
4.9921,1.655,3.4731,57,36
4.9924,1.6548,3.4724,57,36
4.9927,1.6536,3.4744,57,36
4.9935,1.6532,3.4745,57,36
4.9935,1.6532,3.4745,57,36
4.996,1.6539,3.4753,57,36
4.9966,1.654,3.4747,57,36
4.9966,1.654,3.4747,57,36
4.9966,1.654,3.4747,57,36
4.9966,1.654,3.4747,57,36
4.9921,1.655,3.4731,57,36
4.9931,1.6534,3.4752,57,36
4.9931,1.6534,3.4752,57,36
4.9931,1.6534,3.4752,57,36
4.992,1.6543,3.472,57,36
4.992,1.6543,3.472,57,36
4.9921,1.655,3.4731,57,36
5.537,2.2171,4.1418,58,37
5.537,2.2171,4.1418,58,37
5.5367,2.2167,4.1417,58,37
5.5376,2.2162,4.1424,58,37
5.5367,2.2167,4.1417,58,37
5.5367,2.2167,4.1417,58,37
5.5376,2.2162,4.1424,58,37
5.5367,2.2167,4.1417,58,37
5.5393,2.2127,4.1438,58,37
5.5393,2.2127,4.1438,58,37
5.5367,2.2167,4.1417,58,37
5.5366,2.2166,4.1413,58,37
5.5366,2.2166,4.1413,58,37
5.537,2.2162,4.1409,58,37
5.5366,2.2166,4.1413,58,37
5.5366,2.2166,4.1413,58,37
5.5365,2.2168,4.1415,58,37
5.5365,2.2168,4.1415,58,37
5.5366,2.2173,4.1414,58,37
5.537,2.2162,4.1409,58,37
5.537,2.2171,4.1418,58,37
5.5376,2.2162,4.1424,58,37
5.5404,2.2112,4.1449,58,37
5.5404,2.2112,4.1449,58,37
5.5366,2.2173,4.1414,58,37
5.5366,2.2166,4.1413,58,37
5.5393,2.2127,4.1438,58,37
5.5393,2.2127,4.1438,58,37
5.5393,2.2127,4.1438,58,37
4.722,2.233,3.1676,60,38
4.722,2.2333,3.1678,60,38
4.723,2.2329,3.1704,60,38
4.723,2.2332,3.1694,60,38
4.7232,2.2326,3.1717,60,38
4.7224,2.2335,3.1701,60,38
4.7224,2.2335,3.1701,60,38
4.7237,2.2348,3.1704,60,38
4.7247,2.2353,3.1721,60,38
4.7213,2.2342,3.1681,60,38
4.7205,2.2341,3.1677,60,38
4.7205,2.2341,3.1677,60,38
4.7205,2.2341,3.1677,60,38
4.7247,2.2353,3.1721,60,38
4.7247,2.2353,3.1721,60,38
4.7205,2.2341,3.1677,60,38
4.7222,2.2336,3.168,60,38
4.7227,2.2329,3.1705,60,38
4.7232,2.2325,3.1719,60,38
4.7224,2.2335,3.1701,60,38
4.7224,2.2335,3.1701,60,38
4.7247,2.2353,3.1721,60,38
4.7247,2.2353,3.1721,60,38
4.7247,2.2353,3.1721,60,38
4.7247,2.2353,3.1721,60,38
4.7247,2.2353,3.1721,60,38
4.7205,2.2341,3.1677,60,38
4.7232,2.2326,3.1717,60,38
4.7224,2.2335,3.1701,60,38
5.2457,1.6714,3.6987,62,39
5.2457,1.6714,3.6987,62,39
5.2515,1.6714,3.7013,62,39
5.2515,1.6714,3.7013,62,39
5.2487,1.6705,3.7007,62,39
5.2515,1.6714,3.7013,62,39
5.2515,1.6714,3.7013,62,39
5.2501,1.6717,3.7023,62,39
5.2501,1.6717,3.7023,62,39
5.2515,1.6714,3.7013,62,39
5.2501,1.6717,3.7023,62,39
5.2501,1.6717,3.7023,62,39
5.2514,1.6721,3.7022,62,39
5.2514,1.6721,3.7022,62,39
5.2514,1.6721,3.7022,62,39
5.251,1.6714,3.7002,62,39
5.2489,1.6718,3.7,62,39
5.251,1.6714,3.7002,62,39
5.2484,1.6689,3.7005,62,39
5.2492,1.6685,3.7007,62,39
5.2492,1.6685,3.7007,62,39
5.2501,1.6717,3.7023,62,39
5.2501,1.6717,3.7023,62,39
5.2464,1.6701,3.6999,62,39
5.2464,1.6701,3.6999,62,39
5.246,1.6717,3.6986,62,39
5.2501,1.6717,3.7023,62,39
5.2501,1.6717,3.7023,62,39
5.2514,1.6721,3.7022,62,39
5.2514,1.6721,3.7022,62,39
5.2514,1.6721,3.7022,62,39
5.251,1.6714,3.7002,62,39
5.251,1.6714,3.7002,62,39
5.251,1.6714,3.7002,62,39
5.246,1.6717,3.6986,62,39
5.2468,1.6715,3.6985,62,39
5.251,1.6714,3.7002,62,39
5.2501,1.6717,3.7023,62,39
5.9499,2.0867,4.5716,63,40
5.9499,2.0867,4.5716,63,40
5.9518,2.0863,4.5734,63,40
5.9516,2.0864,4.573,63,40
5.9518,2.0863,4.5734,63,40
5.9516,2.0864,4.573,63,40
5.9516,2.0864,4.573,63,40
5.9508,2.0869,4.5722,63,40
5.9508,2.0869,4.5722,63,40
5.9505,2.0863,4.5724,63,40
5.9518,2.0864,4.5733,63,40
5.9518,2.0864,4.5733,63,40
5.9508,2.0869,4.5722,63,40
5.9508,2.0869,4.5722,63,40
5.9516,2.0864,4.573,63,40
5.9497,2.0866,4.5713,63,40
5.9497,2.0866,4.5713,63,40
5.9508,2.0869,4.5722,63,40
5.9538,2.0861,4.5741,63,40
5.9538,2.0861,4.5741,63,40
5.9516,2.0864,4.573,63,40
5.3703,2.5087,4.4032,64,41
5.3703,2.5087,4.4032,64,41
5.3703,2.5087,4.4032,64,41
5.3703,2.5087,4.4032,64,41
5.3703,2.5087,4.4032,64,41
5.3645,2.5083,4.3967,64,41
5.3715,2.509,4.4052,64,41
5.3715,2.509,4.4052,64,41
5.3638,2.5085,4.3973,64,41
5.3645,2.5083,4.3967,64,41
5.3661,2.5072,4.3948,64,41
5.3661,2.5072,4.3948,64,41
5.3638,2.5085,4.3973,64,41
5.3703,2.5087,4.4032,64,41
5.3703,2.5087,4.4032,64,41
5.3703,2.5087,4.4032,64,41
5.3341,2.236,4.6362,66,42
5.3341,2.236,4.6362,66,42
5.3341,2.236,4.6362,66,42
5.3338,2.234,4.6357,66,42
5.3341,2.236,4.6362,66,42
5.3338,2.234,4.6357,66,42
5.3338,2.234,4.6357,66,42
5.335,2.2332,4.6373,66,42
5.3338,2.234,4.6357,66,42
5.335,2.2332,4.6373,66,42
5.3374,2.2336,4.6409,66,42
5.3374,2.2336,4.6409,66,42
5.3374,2.2336,4.6409,66,42
5.3375,2.2335,4.6411,66,42
5.3375,2.2335,4.6411,66,42
5.3374,2.2336,4.6409,66,42
5.3375,2.2335,4.6411,66,42
5.3375,2.2335,4.6411,66,42
5.3366,2.2333,4.6391,66,42
5.3366,2.2333,4.6391,66,42
5.335,2.2332,4.6373,66,42
5.3327,2.2352,4.6352,66,42
5.3327,2.2352,4.6352,66,42
5.3341,2.236,4.6362,66,42
5.3341,2.236,4.6362,66,42
5.3375,2.2335,4.6411,66,42
5.3375,2.2335,4.6411,66,42
5.3338,2.234,4.6357,66,42
5.3338,2.234,4.6357,66,42
5.3338,2.234,4.6357,66,42
5.3341,2.236,4.6362,66,42
5.3341,2.236,4.6362,66,42
5.3341,2.236,4.6362,66,42
5.3341,2.236,4.6362,66,42
5.3341,2.236,4.6362,66,42
5.3375,2.2335,4.6411,66,42
5.3375,2.2335,4.6411,66,42
5.5621,1.9582,3.6841,67,43
5.562,1.9575,3.6837,67,43
5.5616,1.9572,3.6848,67,43
5.562,1.9566,3.6856,67,43
5.5616,1.9572,3.6848,67,43
5.562,1.9566,3.6856,67,43
5.562,1.9566,3.6856,67,43
5.5621,1.9567,3.6855,67,43
5.562,1.9566,3.6856,67,43
5.5621,1.9567,3.6855,67,43
5.562,1.9575,3.6837,67,43
5.5611,1.957,3.6831,67,43
5.5611,1.957,3.6831,67,43
5.5621,1.9567,3.6855,67,43
5.5611,1.9578,3.6845,67,43
5.5611,1.9578,3.6845,67,43
5.5606,1.9572,3.6845,67,43
5.5621,1.9567,3.6855,67,43
5.562,1.9566,3.6856,67,43
5.562,1.9566,3.6856,67,43
5.5616,1.9572,3.6848,67,43
5.5621,1.9567,3.6855,67,43
5.5621,1.9567,3.6855,67,43
5.5611,1.957,3.6831,67,43
5.5621,1.9567,3.6855,67,43
5.5616,1.9574,3.6828,67,43
5.5621,1.9582,3.6841,67,43
5.5618,1.9578,3.683,67,43
5.5616,1.9574,3.6828,67,43
5.5616,1.9574,3.6828,67,43
5.5616,1.9574,3.6828,67,43
5.5621,1.9567,3.6855,67,43
5.0469,1.436,3.9124,68,44
5.0469,1.436,3.9124,68,44
5.0469,1.4363,3.9126,68,44
5.0469,1.4363,3.9128,68,44
5.0468,1.4362,3.9134,68,44
5.0468,1.4362,3.9134,68,44
5.0455,1.437,3.9174,68,44
5.0468,1.4362,3.9134,68,44
5.0455,1.437,3.9174,68,44
5.0455,1.437,3.9174,68,44
5.0455,1.437,3.9174,68,44
5.0455,1.437,3.9174,68,44
5.0469,1.4363,3.9126,68,44
5.0469,1.4363,3.9126,68,44
5.0469,1.436,3.9124,68,44
5.0469,1.436,3.9124,68,44
5.0469,1.436,3.9124,68,44
5.0469,1.436,3.9124,68,44
5.0469,1.4363,3.9128,68,44
5.0469,1.4363,3.9128,68,44
5.0468,1.4362,3.9134,68,44
5.0455,1.437,3.9174,68,44
5.0455,1.437,3.9174,68,44
5.3744,2.5009,4.4076,72,45
5.3744,2.5009,4.4076,72,45
5.3758,2.5005,4.4084,72,45
5.3758,2.5005,4.4084,72,45
5.3793,2.5019,4.412,72,45
5.3793,2.5019,4.412,72,45
5.3793,2.5019,4.412,72,45
5.3843,2.5004,4.4157,72,45
5.3834,2.4956,4.4172,72,45
5.3851,2.4973,4.418,72,45
5.3834,2.4956,4.4172,72,45
5.3851,2.4973,4.418,72,45
5.3851,2.4973,4.418,72,45
5.3851,2.4955,4.4199,72,45
5.3854,2.4956,4.4206,72,45
5.3854,2.4956,4.4206,72,45
5.3851,2.4955,4.4199,72,45
5.3895,2.4982,4.4242,72,45
5.3895,2.4982,4.4242,72,45
5.3947,2.5033,4.4298,72,45
5.3965,2.5027,4.4306,72,45
5.3965,2.5027,4.4306,72,45
5.3951,2.5013,4.4293,72,45
5.3876,2.4965,4.4211,72,45
5.3896,2.4975,4.4215,72,45
5.3876,2.4965,4.4211,72,45
5.3896,2.4975,4.4215,72,45
5.3848,2.4958,4.4184,72,45
5.3853,2.4979,4.4213,72,45
5.3853,2.4997,4.4215,72,45
5.385,2.4982,4.4206,72,45
5.3853,2.4997,4.4215,72,45
5.3855,2.4993,4.4192,72,45
5.3853,2.4997,4.4215,72,45
5.3848,2.5019,4.4153,72,45
5.3848,2.5019,4.4153,72,45
5.3782,2.5029,4.4126,72,45
5.3747,2.5014,4.4085,72,45
5.3853,2.4997,4.4215,72,45
5.3853,2.4997,4.4215,72,45
5.3896,2.4975,4.4215,72,45
5.3882,2.497,4.4206,72,45
5.3882,2.497,4.4206,72,45
5.3848,2.4958,4.4184,72,45
5.3857,2.501,4.4169,72,45
5.3789,2.502,4.4118,72,45
5.3789,2.502,4.4118,72,45
5.3744,2.5009,4.4076,72,45
5.3896,2.4975,4.4215,72,45
5.3942,2.4995,4.4266,72,45
5.3942,2.4995,4.4266,72,45
5.3951,2.5013,4.4293,72,45
5.3959,2.5038,4.4305,72,45
5.3959,2.5038,4.4305,72,45
5.3965,2.5027,4.4306,72,45
5.3965,2.5027,4.4306,72,45
5.3965,2.5027,4.4306,72,45
5.3853,2.4979,4.4213,72,45
5.3853,2.4979,4.4213,72,45
5.3853,2.4997,4.4215,72,45
5.3853,2.4997,4.4215,72,45
5.3744,2.5009,4.4076,72,45
5.3732,2.5012,4.4074,72,45
5.3732,2.5012,4.4074,72,45
5.3744,2.5009,4.4076,72,45
5.3747,2.5014,4.4085,72,45
5.3782,2.5029,4.4126,72,45
5.3782,2.5029,4.4126,72,45
5.3851,2.4998,4.421,72,45
5.3851,2.4998,4.421,72,45
5.3853,2.4997,4.4215,72,45
5.3853,2.4997,4.4215,72,45
5.3853,2.4997,4.4215,72,45
5.3744,2.5009,4.4076,72,45
4.4977,1.6378,4.168,73,46
4.497,1.6371,4.1683,73,46
4.4983,1.6372,4.1691,73,46
4.4979,1.6369,4.1693,73,46
4.4983,1.6372,4.1691,73,46
4.4979,1.6369,4.1693,73,46
4.4921,1.5524,4.2984,73,46
4.4921,1.5524,4.2984,73,46
4.4921,1.5524,4.2984,73,46
4.4922,1.5517,4.2993,73,46
4.4926,1.5497,4.3016,73,46
4.4926,1.5497,4.3016,73,46
4.4926,1.5497,4.3016,73,46
4.4918,1.55,4.3032,73,46
4.4918,1.55,4.3032,73,46
4.4918,1.55,4.3032,73,46
4.4902,1.5507,4.3068,73,46
4.4913,1.5503,4.3068,73,46
4.4913,1.5503,4.3068,73,46
4.4914,1.5523,4.31,73,46
4.4914,1.5523,4.31,73,46
4.4914,1.5523,4.31,73,46
4.4913,1.5503,4.3068,73,46
4.4922,1.5496,4.3039,73,46
4.4922,1.5517,4.2993,73,46
4.4976,1.6369,4.1693,73,46
4.4979,1.6369,4.1693,73,46
4.4968,1.637,4.1684,73,46
4.497,1.6371,4.1683,73,46
4.4977,1.6378,4.168,73,46
4.4983,1.6372,4.1691,73,46
4.497,1.6372,4.1675,73,46
4.4983,1.6372,4.1691,73,46
4.4921,1.5524,4.2984,73,46
4.4918,1.5504,4.3014,73,46
4.4983,1.6372,4.1691,73,46
4.4917,1.5501,4.3022,73,46
4.4911,1.5504,4.3033,73,46
4.4911,1.5504,4.3033,73,46
4.4902,1.5507,4.3068,73,46
4.4911,1.5526,4.3094,73,46
4.4911,1.5526,4.3094,73,46
4.4914,1.5523,4.31,73,46
4.4914,1.5523,4.31,73,46
4.4968,1.637,4.1684,73,46
4.4976,1.6369,4.1693,73,46
4.4968,1.637,4.1684,73,46
4.496,1.6366,4.1675,73,46
4.497,1.6372,4.1675,73,46
4.4974,1.637,4.1691,73,46
4.4922,1.5517,4.2993,73,46
4.4928,1.5496,4.3021,73,46
4.4928,1.5496,4.3021,73,46
4.4922,1.5496,4.3039,73,46
4.4913,1.5503,4.3068,73,46
4.4914,1.5523,4.31,73,46
4.4914,1.5523,4.31,73,46
4.4914,1.5523,4.31,73,46
4.4914,1.5523,4.31,73,46
5.6048,2.6868,3.8512,76,47
5.6048,2.6868,3.8512,76,47
5.6087,2.6851,3.8547,76,47
5.61,2.6841,3.8564,76,47
5.6087,2.6851,3.8547,76,47
5.61,2.6841,3.8564,76,47
5.6144,2.6805,3.8598,76,47
5.6192,2.6814,3.8648,76,47
5.6122,2.6779,3.8575,76,47
5.661,2.5113,3.8845,76,47
5.661,2.5113,3.8845,76,47
5.659,2.5091,3.8813,76,47
5.6588,2.5082,3.8805,76,47
5.6588,2.5082,3.8805,76,47
5.659,2.5091,3.8813,76,47
5.6192,2.6814,3.8648,76,47
5.616,2.6826,3.8619,76,47
5.61,2.6841,3.8564,76,47
5.6088,2.685,3.8554,76,47
5.61,2.6841,3.8564,76,47
5.6088,2.685,3.8554,76,47
5.6074,2.6858,3.8542,76,47
5.6074,2.6858,3.8542,76,47
5.6588,2.509,3.8809,76,47
5.6588,2.509,3.8809,76,47
5.6586,2.5082,3.8803,76,47
5.6066,2.6874,3.8527,76,47
5.6066,2.6874,3.8527,76,47
5.6113,2.6843,3.8565,76,47
5.6599,2.5155,3.8836,76,47
5.6599,2.5155,3.8836,76,47
5.6588,2.5082,3.8805,76,47
5.661,2.5113,3.8845,76,47
5.661,2.5113,3.8845,76,47
5.6192,2.6814,3.8648,76,47
5.6192,2.6814,3.8648,76,47
5.616,2.6826,3.8619,76,47
5.6046,2.6864,3.8512,76,47
5.6059,2.6862,3.8529,76,47
5.6047,2.687,3.8512,76,47
5.6047,2.687,3.8512,76,47
5.6063,2.6862,3.8533,76,47
5.616,2.6826,3.8619,76,47
5.6074,2.6858,3.8542,76,47
5.6074,2.6858,3.8542,76,47
5.6074,2.6858,3.8542,76,47
5.6063,2.6862,3.8533,76,47
5.6588,2.5082,3.8805,76,47
5.6588,2.5082,3.8805,76,47
5.6914,2.1675,4.2028,77,48
5.6914,2.1675,4.2028,77,48
5.692,2.1674,4.2033,77,48
5.692,2.1674,4.2033,77,48
5.691,2.168,4.2027,77,48
5.692,2.1674,4.2033,77,48
5.692,2.1674,4.2033,77,48
5.691,2.168,4.2027,77,48
5.6947,2.1671,4.2045,77,48
5.695,2.1676,4.2051,77,48
5.6949,2.1671,4.205,77,48
5.6924,2.1664,4.202,77,48
5.6913,2.1669,4.2018,77,48
5.695,2.1675,4.2052,77,48
5.695,2.1675,4.2052,77,48
5.695,2.1675,4.2052,77,48
5.695,2.1675,4.2052,77,48
5.695,2.1675,4.2052,77,48
5.6905,2.1682,4.2032,77,48
5.6902,2.1674,4.2019,77,48
5.6902,2.1674,4.2019,77,48
5.6914,2.1675,4.2028,77,48
5.6914,2.1675,4.2028,77,48
5.6928,2.1664,4.2023,77,48
5.6905,2.1682,4.2032,77,48
5.6949,2.1671,4.205,77,48
5.6949,2.1671,4.205,77,48
5.6947,2.1671,4.2045,77,48
5.691,2.168,4.2027,77,48
5.691,2.168,4.2027,77,48
5.6949,2.1671,4.205,77,48
5.6913,2.1669,4.2018,77,48
5.6941,2.1673,4.2034,77,48
5.6941,2.1673,4.2034,77,48
5.6953,2.1683,4.2049,77,48
5.6953,2.1683,4.2049,77,48
5.695,2.1675,4.2052,77,48
5.695,2.1675,4.2052,77,48
5.695,2.1675,4.2052,77,48
5.695,2.1675,4.2052,77,48
5.2534,1.7336,4.2566,78,49
5.2536,1.7351,4.2557,78,49
5.2542,1.7313,4.2586,78,49
5.2559,1.7316,4.2592,78,49
5.2573,1.7324,4.2596,78,49
5.2559,1.7316,4.2592,78,49
5.2587,1.7311,4.2624,78,49
5.2591,1.7305,4.2626,78,49
5.2591,1.7305,4.2626,78,49
5.2597,1.7302,4.2624,78,49
5.2573,1.7324,4.2596,78,49
5.2591,1.7305,4.2626,78,49
5.2563,1.7317,4.2565,78,49
5.2563,1.7317,4.2565,78,49
5.2546,1.7347,4.2555,78,49
5.2548,1.7317,4.2548,78,49
5.2545,1.732,4.2559,78,49
5.2564,1.7323,4.2587,78,49
5.2564,1.7323,4.2587,78,49
5.2597,1.7302,4.2624,78,49
5.2534,1.7336,4.2566,78,49
5.2542,1.7313,4.2586,78,49
5.2542,1.7313,4.2586,78,49
5.2542,1.7313,4.2586,78,49
5.2598,1.7302,4.2624,78,49
5.2597,1.7302,4.2624,78,49
5.2598,1.7302,4.2624,78,49
5.2598,1.7302,4.2624,78,49
5.2597,1.7302,4.2624,78,49
5.2597,1.7302,4.2624,78,49
5.2597,1.7302,4.2624,78,49
5.2564,1.7323,4.2587,78,49
5.2564,1.7323,4.2587,78,49
5.2564,1.7325,4.2587,78,49
5.2564,1.7325,4.2587,78,49
4.4065,1.685,3.4984,79,50
4.4061,1.6836,3.4972,79,50
4.4065,1.685,3.4984,79,50
4.4061,1.6836,3.4972,79,50
4.4061,1.6836,3.4972,79,50
4.407,1.6849,3.4987,79,50
4.407,1.6849,3.4987,79,50
4.4061,1.6836,3.4972,79,50
4.4065,1.685,3.4984,79,50
4.4065,1.685,3.4984,79,50
4.4065,1.685,3.4984,79,50
4.4062,1.6838,3.4965,79,50
4.407,1.6849,3.4987,79,50
4.407,1.6849,3.4987,79,50
4.4061,1.6836,3.4972,79,50
4.4061,1.6836,3.4972,79,50
4.4061,1.6836,3.4972,79,50
4.4062,1.6838,3.4965,79,50
4.407,1.6849,3.4987,79,50
4.407,1.6849,3.4987,79,50
4.8777,1.8416,3.8559,81,51
4.8777,1.8416,3.8559,81,51
4.8777,1.8416,3.8559,81,51
4.8777,1.8412,3.8572,81,51
4.8777,1.8412,3.8572,81,51
4.8795,1.8405,3.8601,81,51
4.8795,1.8405,3.8601,81,51
4.8816,1.8376,3.8636,81,51
4.8816,1.8376,3.8636,81,51
4.8821,1.836,3.8654,81,51
4.8821,1.836,3.8654,81,51
4.8821,1.836,3.8654,81,51
4.8821,1.836,3.8654,81,51
4.8831,1.8366,3.8668,81,51
4.8831,1.8366,3.8668,81,51
4.8831,1.8366,3.8668,81,51
4.8831,1.8366,3.8668,81,51
4.8796,1.84,3.8605,81,51
4.8796,1.84,3.8605,81,51
4.8773,1.842,3.8566,81,51
4.8772,1.8406,3.8562,81,51
4.8777,1.8416,3.8559,81,51
4.8785,1.8409,3.8574,81,51
4.8796,1.8404,3.859,81,51
4.8821,1.8371,3.8637,81,51
4.8825,1.8365,3.866,81,51
4.8831,1.8366,3.8668,81,51
4.8831,1.8366,3.8668,81,51
4.8831,1.8366,3.8668,81,51
4.8831,1.8366,3.8668,81,51
4.8831,1.8366,3.8668,81,51
4.8774,1.8421,3.856,81,51
4.8768,1.8429,3.8559,81,51
4.8768,1.8429,3.8559,81,51
4.8821,1.836,3.8654,81,51
4.8821,1.836,3.8654,81,51
4.8796,1.84,3.8605,81,51
4.8821,1.836,3.8654,81,51
4.8831,1.8366,3.8668,81,51
4.8773,1.842,3.8566,81,51
4.8773,1.842,3.8566,81,51
4.8796,1.84,3.8605,81,51
4.8779,1.8421,3.8557,81,51
4.8779,1.8421,3.8557,81,51
5.1369,1.4766,3.3041,83,52
5.138,1.4776,3.3058,83,52
5.1379,1.4773,3.3061,83,52
5.138,1.4776,3.3058,83,52
5.1377,1.476,3.3065,83,52
5.1373,1.4758,3.3068,83,52
5.1377,1.476,3.3065,83,52
5.1379,1.4741,3.3081,83,52
5.1376,1.4739,3.3086,83,52
5.1379,1.4741,3.3081,83,52
5.1398,1.4722,3.3138,83,52
5.1389,1.4718,3.3129,83,52
5.1398,1.4722,3.3138,83,52
5.1415,1.4708,3.3175,83,52
5.14,1.4703,3.3171,83,52
5.1405,1.4706,3.3177,83,52
5.1415,1.4708,3.3175,83,52
5.14,1.4703,3.3171,83,52
5.1405,1.4706,3.3177,83,52
5.1405,1.4706,3.3177,83,52
5.1408,1.4705,3.3175,83,52
5.1405,1.4706,3.3177,83,52
5.1408,1.4705,3.3175,83,52
5.1384,1.4732,3.3109,83,52
5.1382,1.4738,3.3105,83,52
5.1374,1.4745,3.3078,83,52
5.1373,1.4752,3.3083,83,52
5.1374,1.4758,3.306,83,52
5.1372,1.4762,3.3062,83,52
5.1378,1.477,3.3053,83,52
5.1373,1.4763,3.3038,83,52
5.1383,1.4771,3.3061,83,52
5.1381,1.477,3.3057,83,52
5.1386,1.4758,3.309,83,52
5.1382,1.4758,3.3085,83,52
5.1389,1.4743,3.3116,83,52
5.1385,1.474,3.3113,83,52
5.1417,1.4713,3.3173,83,52
5.1385,1.4704,3.3153,83,52
5.1417,1.4713,3.3173,83,52
5.1385,1.4704,3.3153,83,52
5.1378,1.4705,3.3137,83,52
5.139,1.4715,3.3137,83,52
5.1378,1.4705,3.3137,83,52
5.139,1.4715,3.3137,83,52
5.1379,1.4728,3.3106,83,52
5.1382,1.4725,3.3106,83,52
5.1375,1.4749,3.3066,83,52
5.1373,1.4746,3.3066,83,52
5.1375,1.4764,3.3045,83,52
5.1374,1.4757,3.304,83,52
5.1375,1.4766,3.305,83,52
5.1375,1.4774,3.3037,83,52
5.1375,1.4774,3.3037,83,52
5.1378,1.4781,3.3064,83,52
5.1373,1.4759,3.3083,83,52
5.1376,1.477,3.3088,83,52
5.1385,1.474,3.3115,83,52
5.1386,1.4749,3.3119,83,52
5.14,1.4723,3.3149,83,52
5.1405,1.4734,3.3152,83,52
5.14,1.4723,3.3149,83,52
5.1405,1.4734,3.3152,83,52
5.1406,1.4743,3.3148,83,52
5.1386,1.4742,3.3142,83,52
5.1406,1.4743,3.3148,83,52
5.1381,1.4706,3.3164,83,52
5.1362,1.4704,3.3155,83,52
5.1381,1.4706,3.3164,83,52
5.1362,1.4704,3.3155,83,52
5.1374,1.4719,3.3123,83,52
5.1361,1.4721,3.3123,83,52
5.1371,1.4736,3.3094,83,52
5.1367,1.474,3.3098,83,52
5.1379,1.4758,3.3072,83,52
5.1386,1.4757,3.3073,83,52
5.1367,1.4739,3.31,83,52
5.1377,1.4729,3.3101,83,52
5.1361,1.4723,3.3125,83,52
5.1376,1.4723,3.3131,83,52
5.1362,1.4703,3.3155,83,52
5.1384,1.4704,3.3162,83,52
5.1362,1.4703,3.3155,83,52
5.1371,1.4707,3.3163,83,52
5.1384,1.4704,3.3162,83,52
5.1393,1.4704,3.3158,83,52
5.1393,1.4704,3.3158,83,52
5.1393,1.4704,3.3158,83,52
5.1387,1.4718,3.3123,83,52
5.1398,1.4713,3.312,83,52
5.1382,1.4731,3.3101,83,52
5.1404,1.473,3.3104,83,52
5.1389,1.4742,3.3091,83,52
5.1414,1.4746,3.3096,83,52
5.1427,1.4742,3.3107,83,52
5.1427,1.4742,3.3107,83,52
5.1423,1.4728,3.3116,83,52
5.1423,1.4728,3.3116,83,52
5.1398,1.4713,3.312,83,52
5.1413,1.4715,3.3124,83,52
5.1398,1.4713,3.312,83,52
5.1413,1.4715,3.3124,83,52
5.1393,1.4704,3.3158,83,52
5.1413,1.4715,3.3124,83,52
5.1438,1.4689,3.3144,83,52
5.1438,1.4689,3.3144,83,52
5.1444,1.47,3.3132,83,52
5.1448,1.4693,3.3119,83,52
5.1444,1.47,3.3132,83,52
5.1448,1.4693,3.3119,83,52
5.146,1.4711,3.3116,83,52
5.146,1.4711,3.3116,83,52
5.146,1.4711,3.3116,83,52
5.146,1.4711,3.3116,83,52
5.1412,1.4701,3.3147,83,52
5.1427,1.4742,3.3107,83,52
5.1382,1.4741,3.3143,83,52
5.1386,1.4742,3.3142,83,52
5.1386,1.4742,3.3142,83,52
5.1393,1.4756,3.3131,83,52
5.1389,1.4787,3.3095,83,52
5.1397,1.4801,3.3075,83,52
5.1397,1.4801,3.3075,83,52
5.1382,1.4794,3.3058,83,52
5.1382,1.4794,3.3058,83,52
5.1365,1.478,3.3034,83,52
5.1379,1.4763,3.3027,83,52
5.1379,1.477,3.3041,83,52
5.1365,1.478,3.3034,83,52
5.1379,1.477,3.3041,83,52
5.1384,1.4774,3.3051,83,52
5.1383,1.4774,3.3053,83,52
5.1369,1.4766,3.3041,83,52
5.1359,1.4755,3.3033,83,52
5.1359,1.4755,3.3033,83,52
5.1374,1.4759,3.3032,83,52
5.1372,1.4789,3.3061,83,52
5.1372,1.4789,3.3061,83,52
5.1396,1.477,3.3062,83,52
5.1397,1.4765,3.3061,83,52
5.1397,1.4765,3.3061,83,52
5.1386,1.4757,3.3073,83,52
5.1368,1.4734,3.3106,83,52
5.1378,1.4782,3.3069,83,52
5.1378,1.4782,3.3069,83,52
5.1403,1.4763,3.3079,83,52
5.1415,1.4754,3.3072,83,52
5.1415,1.4754,3.3072,83,52
5.1415,1.4754,3.3072,83,52
5.1427,1.4742,3.3107,83,52
5.1427,1.4742,3.3107,83,52
5.146,1.4711,3.3116,83,52
5.146,1.4711,3.3116,83,52
5.1448,1.4693,3.3119,83,52
5.1448,1.4693,3.3119,83,52
5.1412,1.4701,3.3147,83,52
5.1412,1.4701,3.3147,83,52
5.1412,1.4701,3.3147,83,52
5.1372,1.4789,3.3061,83,52
5.1415,1.4754,3.3072,83,52
5.3478,2.0064,3.9703,84,53
5.3478,2.0064,3.9703,84,53
5.3481,2.0057,3.971,84,53
5.3481,2.0057,3.971,84,53
5.3474,2.0059,3.9725,84,53
5.3481,2.0057,3.971,84,53
5.3481,2.0038,3.9707,84,53
5.3474,2.0059,3.9725,84,53
5.3482,2.003,3.9711,84,53
5.3481,2.0038,3.9707,84,53
5.3481,2.0029,3.9719,84,53
5.3478,2.0014,3.9702,84,53
5.3478,2.0014,3.9702,84,53
5.3481,2.0038,3.9707,84,53
5.3481,2.0038,3.9707,84,53
5.3481,2.0038,3.9707,84,53
5.3481,2.0038,3.9707,84,53
5.3481,2.0038,3.9707,84,53
5.3481,2.0038,3.9707,84,53
5.3484,2.0064,3.97,84,53
5.3475,2.0067,3.9736,84,53
5.3475,2.0063,3.9718,84,53
5.3475,2.0063,3.9718,84,53
5.3475,2.0067,3.9736,84,53
5.3481,2.0029,3.9719,84,53
5.3481,2.0011,3.9708,84,53
5.3481,2.0011,3.9708,84,53
5.3483,2.0074,3.9702,84,53
5.3483,2.0074,3.9702,84,53
5.3484,2.0064,3.97,84,53
5.3484,2.0064,3.97,84,53
5.3481,2.0038,3.9707,84,53
5.3481,2.0038,3.9707,84,53
5.3481,2.0038,3.9707,84,53
5.3478,2.0064,3.9702,84,53
5.3478,2.0064,3.9702,84,53
5.3478,2.0014,3.9702,84,53
5.3478,2.0014,3.9702,84,53
5.3478,2.0014,3.9702,84,53
5.3481,2.0038,3.9707,84,53
4.21,2.3901,2.9245,85,54
4.21,2.3901,2.9245,85,54
4.2121,2.3927,2.9248,85,54
4.2121,2.3927,2.9248,85,54
4.2121,2.3927,2.9248,85,54
4.2143,2.3962,2.9242,85,54
4.2143,2.3962,2.9242,85,54
4.2143,2.3962,2.9242,85,54
4.2143,2.3962,2.9242,85,54
4.2121,2.3927,2.9248,85,54
4.2105,2.3898,2.9238,85,54
4.21,2.3901,2.9245,85,54
4.2121,2.3927,2.9248,85,54
4.2143,2.3962,2.9242,85,54
4.2143,2.3962,2.9242,85,54
4.21,2.3901,2.9245,85,54
4.21,2.3901,2.9245,85,54
4.21,2.3901,2.9245,85,54
4.2121,2.3927,2.9248,85,54
4.2143,2.3962,2.9242,85,54
4.2143,2.3962,2.9242,85,54
4.21,2.3901,2.9245,85,54
4.1159,3.0447,3.1427,86,55
4.1272,3.0436,3.1556,86,55
4.1159,3.0447,3.1427,86,55
4.1272,3.0436,3.1556,86,55
4.1272,3.0436,3.1556,86,55
4.1272,3.0436,3.1556,86,55
4.1272,3.0436,3.1556,86,55
4.0944,3.0447,3.1214,86,55
4.0944,3.0447,3.1214,86,55
4.1159,3.0447,3.1427,86,55
4.1272,3.0436,3.1556,86,55
4.1272,3.0436,3.1556,86,55
4.1319,3.0425,3.1618,86,55
4.1272,3.0436,3.1556,86,55
4.0924,3.0443,3.1193,86,55
4.0924,3.0443,3.1193,86,55
4.1319,3.0425,3.1618,86,55
4.1272,3.0436,3.1556,86,55
4.1272,3.0436,3.1556,86,55
5.1539,2.0773,3.3916,87,56
5.1539,2.0773,3.3916,87,56
5.1539,2.0773,3.3916,87,56
5.1558,2.0778,3.3927,87,56
5.1558,2.0778,3.3927,87,56
5.1558,2.0778,3.3927,87,56
5.1558,2.0778,3.3927,87,56
5.1558,2.0778,3.3927,87,56
5.1538,2.0767,3.3908,87,56
5.1538,2.0767,3.3908,87,56
5.1549,2.0774,3.3913,87,56
5.1539,2.0773,3.3916,87,56
5.1539,2.0773,3.3916,87,56
5.1558,2.0778,3.3927,87,56
5.1558,2.0778,3.3927,87,56
5.1534,2.0776,3.3914,87,56
5.1534,2.0776,3.3914,87,56
5.1558,2.0778,3.3927,87,56
5.1558,2.0778,3.3927,87,56
5.1558,2.0778,3.3927,87,56
4.5783,2.0392,4.0736,89,57
4.5808,2.0373,4.0778,89,57
4.5783,2.0392,4.0736,89,57
4.5824,2.0371,4.0797,89,57
4.5824,2.0371,4.0797,89,57
4.5818,2.037,4.0797,89,57
4.5808,2.0373,4.0778,89,57
4.581,2.0371,4.0778,89,57
4.5782,2.0396,4.0729,89,57
4.5782,2.0396,4.0729,89,57
4.581,2.0371,4.0778,89,57
4.5818,2.037,4.0797,89,57
4.5824,2.0371,4.0797,89,57
4.5824,2.0371,4.0797,89,57
4.5824,2.0371,4.0797,89,57
4.5818,2.037,4.0797,89,57
5.0612,1.5431,4.2595,90,58
5.0612,1.5431,4.2595,90,58
5.0627,1.5432,4.2625,90,58
5.0627,1.5432,4.2625,90,58
5.0627,1.5432,4.2625,90,58
5.0627,1.5432,4.2625,90,58
5.0633,1.5438,4.2679,90,58
5.0633,1.5438,4.2679,90,58
5.0628,1.5437,4.2672,90,58
5.0616,1.544,4.2691,90,58
5.0616,1.544,4.2691,90,58
5.0632,1.5429,4.2652,90,58
5.0632,1.5429,4.2652,90,58
5.0612,1.5432,4.2601,90,58
5.0606,1.5428,4.2595,90,58
5.0612,1.543,4.2607,90,58
5.0637,1.5437,4.2675,90,58
5.0637,1.5437,4.2675,90,58
5.0616,1.5441,4.2691,90,58
5.0616,1.5441,4.2691,90,58
5.0616,1.544,4.2691,90,58
5.0612,1.5432,4.2601,90,58
5.0612,1.5432,4.2601,90,58
5.0632,1.5429,4.2652,90,58
5.0628,1.5437,4.2672,90,58
5.0616,1.544,4.2691,90,58
5.0616,1.544,4.2691,90,58
5.06,1.5437,4.2584,90,58
5.06,1.5437,4.2584,90,58
5.0605,1.5438,4.2588,90,58
4.3241,2.4728,3.8289,93,59
4.3263,2.4727,3.8305,93,59
4.3241,2.4728,3.8289,93,59
4.3263,2.4727,3.8305,93,59
4.3285,2.4721,3.8322,93,59
4.3285,2.4721,3.8322,93,59
4.3285,2.4721,3.8322,93,59
4.3285,2.4721,3.8322,93,59
4.329,2.4719,3.8327,93,59
4.329,2.4719,3.8327,93,59
4.3285,2.4721,3.8322,93,59
4.3241,2.4728,3.8289,93,59
4.3241,2.4728,3.8289,93,59
4.3285,2.4721,3.8322,93,59
4.3285,2.4721,3.8322,93,59
4.3263,2.4727,3.8305,93,59
4.3263,2.4727,3.8305,93,59
4.3241,2.4728,3.8289,93,59
4.329,2.4719,3.8327,93,59
4.329,2.4719,3.8327,93,59
4.329,2.4719,3.8327,93,59
4.329,2.4719,3.8327,93,59
4.329,2.4719,3.8327,93,59
4.3223,2.4741,3.8264,93,59
4.3229,2.4734,3.827,93,59
4.3256,2.4725,3.8294,93,59
4.3256,2.4725,3.8294,93,59
4.3178,1.766,3.7345,96,60
4.3188,1.7668,3.733,96,60
4.3187,1.7666,3.7377,96,60
4.3193,1.7666,3.7366,96,60
4.3188,1.7652,3.7452,96,60
4.3193,1.7666,3.7366,96,60
4.3188,1.7652,3.7452,96,60
4.3188,1.7652,3.7452,96,60
4.3188,1.7652,3.7452,96,60
4.3193,1.7666,3.7366,96,60
4.3202,1.767,3.7365,96,60
4.3193,1.7666,3.7366,96,60
4.3202,1.767,3.7365,96,60
4.3188,1.7668,3.733,96,60
4.3191,1.7669,3.7342,96,60
4.3178,1.766,3.7345,96,60
4.3191,1.7683,3.7373,96,60
4.3178,1.7646,3.7318,96,60
4.3191,1.7683,3.7373,96,60
4.3188,1.7652,3.7452,96,60
4.3188,1.7652,3.7452,96,60
4.3188,1.7652,3.7452,96,60
4.3188,1.7652,3.7452,96,60
4.3188,1.7652,3.7452,96,60
4.3202,1.767,3.7365,96,60
4.3202,1.767,3.7365,96,60
4.3191,1.7669,3.7342,96,60
4.3202,1.767,3.7365,96,60
4.3202,1.767,3.7365,96,60
4.3182,1.7659,3.7304,96,60
4.3182,1.7659,3.7304,96,60
4.3191,1.7669,3.7342,96,60
4.3188,1.7652,3.7452,96,60
4.2175,2.3843,2.9276,97,61
4.2175,2.3843,2.9276,97,61
4.2207,2.3851,2.9285,97,61
4.2175,2.3843,2.9276,97,61
4.2172,2.3847,2.9285,97,61
4.2207,2.3851,2.9285,97,61
4.2207,2.3851,2.9285,97,61
4.2172,2.3847,2.9285,97,61
4.2172,2.3847,2.9285,97,61
4.2172,2.3847,2.9285,97,61
4.2175,2.3843,2.9276,97,61
4.2128,2.3874,2.9196,97,61
4.2207,2.3851,2.9285,97,61
4.2206,2.3858,2.9277,97,61
4.2172,2.3847,2.9285,97,61
4.2175,2.3843,2.9276,97,61
4.2175,2.3843,2.9276,97,61
4.2207,2.3851,2.9285,97,61
4.2206,2.3858,2.9277,97,61
0.0,0.0,0.0,100001,62
0.0,0.0,0.0,100001,62
0.0,0.0,0.0,100001,62
0.0,0.0,0.0,100001,62
0.0,0.0,0.0,100001,62
0.0,0.0,0.0,100001,62
0.0,0.0,0.0,100001,62
0.0,0.0,0.0,100001,62
0.0,0.0,0.0,100001,62
0.0,0.0,0.0,100001,62
0.0,0.0,0.0,100001,62
0.0,0.0,0.0,100001,62
0.0,0.0,0.0,100001,62
0.0,0.0,0.0,100001,62
0.0,0.0,0.0,100001,62
0.0,0.0,0.0,100001,62
0.0,0.0,0.0,100001,62
0.0,0.0,0.0,100001,62
0.0,0.0,0.0,100001,62
0.0,0.0,0.0,100001,62
0.0,0.0,0.0,100001,62
0.0,0.0,0.0,100001,62
0.0,0.0,0.0,100001,62
0.0,0.0,0.0,100001,62
0.0,0.0,0.0,100001,62
0.0,0.0,0.0,100001,62
0.0,0.0,0.0,100001,62
0.0,0.0,0.0,100001,62
0.0,0.0,0.0,100001,62
0.0,0.0,0.0,100001,62
0.0,0.0,0.0,100001,62
0.0,0.0,0.0,100001,62
0.0,0.0,0.0,100001,62
0.0,0.0,0.0,100001,62
0.0,0.0,0.0,100001,62
0.0,0.0,0.0,100001,62
0.0,0.0,0.0,100001,62
0.0,0.0,0.0,100001,62
0.0,0.0,0.0,100001,62
0.0,0.0,0.0,100001,62
0.0,0.0,0.0,100001,62
0.0,0.0,0.0,100001,62
0.0,0.0,0.0,100001,62
0.0,0.0,0.0,100001,62
0.0,0.0,0.0,100001,62
0.0,0.0,0.0,100001,62
0.0,0.0,0.0,100001,62
0.0,0.0,0.0,100001,62
0.0,0.0,0.0,100001,62
0.0,0.0,0.0,100001,62
0.0,0.0,0.0,100001,62
0.0,0.0,0.0,100001,62
0.0,0.0,0.0,100001,62
0.0,0.0,0.0,100001,62
0.0,0.0,0.0,100001,62
0.0,0.0,0.0,100001,62
0.0,0.0,0.0,100001,62
0.0,0.0,0.0,100001,62
0.0,0.0,0.0,100001,62
0.0,0.0,0.0,100001,62
0.0,0.0,0.0,100001,62
0.0,0.0,0.0,100001,62
0.0,0.0,0.0,100001,62
0.0,0.0,0.0,100001,62
0.0,0.0,0.0,100001,62
0.0,0.0,0.0,100001,62
0.0,0.0,0.0,100001,62
0.0,0.0,0.0,100001,62
0.0,0.0,0.0,100001,62
0.0,0.0,0.0,100001,62
0.0,0.0,0.0,100001,62
0.0,0.0,0.0,100001,62
0.0,0.0,0.0,100001,62
0.0,0.0,0.0,100001,62
0.0,0.0,0.0,100001,62
0.0,0.0,0.0,100001,62
0.0,0.0,0.0,100001,62
0.0,0.0,0.0,100001,62
0.0,0.0,0.0,100001,62
0.0,0.0,0.0,100001,62
0.0,0.0,0.0,100001,62
0.0,0.0,0.0,100001,62
0.0,0.0,0.0,100001,62
0.0,0.0,0.0,100001,62
0.0,0.0,0.0,100001,62
0.0,0.0,0.0,100001,62
0.0,0.0,0.0,100001,62
0.0,0.0,0.0,100001,62
0.0,0.0,0.0,100001,62
0.0,0.0,0.0,100001,62
0.0,0.0,0.0,100001,62
0.0,0.0,0.0,100001,62
0.0,0.0,0.0,100001,62
0.0,0.0,0.0,100001,62
0.0,0.0,0.0,100001,62
0.0,0.0,0.0,100001,62
0.0,0.0,0.0,100001,62
0.0,0.0,0.0,100001,62
0.0,0.0,0.0,100001,62
0.0,0.0,0.0,100001,62
0.0,0.0,0.0,100001,62
0.0,0.0,0.0,100001,62
0.0,0.0,0.0,100001,62
0.0,0.0,0.0,100001,62
0.0,0.0,0.0,100001,62
0.0,0.0,0.0,100001,62
0.0,0.0,0.0,100001,62
0.0,0.0,0.0,100001,62
0.0,0.0,0.0,100001,62
0.0,0.0,0.0,100001,62
0.0,0.0,0.0,100001,62
0.0,0.0,0.0,100001,62
0.0,0.0,0.0,100001,62
0.0,0.0,0.0,100001,62
0.0,0.0,0.0,100001,62
0.0,0.0,0.0,100001,62
0.0,0.0,0.0,100001,62
0.0,0.0,0.0,100001,62
0.0,0.0,0.0,100001,62
0.0,0.0,0.0,100001,62
0.0,0.0,0.0,100001,62
0.0,0.0,0.0,100001,62
0.0,0.0,0.0,100001,62
0.0,0.0,0.0,100001,62
0.0,0.0,0.0,100001,62
0.0,0.0,0.0,100001,62
0.0,0.0,0.0,100001,62
0.0,0.0,0.0,100001,62
0.0,0.0,0.0,100001,62
0.0,0.0,0.0,100001,62
0.0,0.0,0.0,100001,62
0.0,0.0,0.0,100001,62
0.0,0.0,0.0,100001,62
0.0,0.0,0.0,100001,62
0.0,0.0,0.0,100001,62
0.0,0.0,0.0,100001,62
0.0,0.0,0.0,100001,62
0.0,0.0,0.0,100001,62
0.0,0.0,0.0,100001,62
0.0,0.0,0.0,100001,62
0.0,0.0,0.0,100001,62
0.0,0.0,0.0,100001,62
0.0,0.0,0.0,100001,62
0.0,0.0,0.0,100001,62
0.0,0.0,0.0,100001,62
0.0,0.0,0.0,100001,62
0.0,0.0,0.0,100001,62
0.0,0.0,0.0,100001,62
0.0,0.0,0.0,100001,62
0.0,0.0,0.0,100001,62
0.0,0.0,0.0,100001,62
0.0,0.0,0.0,100001,62
0.0,0.0,0.0,100001,62
0.0,0.0,0.0,100001,62
0.0,0.0,0.0,100001,62
0.0,0.0,0.0,100001,62
0.0,0.0,0.0,100001,62
0.0,0.0,0.0,100001,62
0.0,0.0,0.0,100001,62
0.0,0.0,0.0,100001,62
0.0,0.0,0.0,100001,62
0.0,0.0,0.0,100001,62
0.0,0.0,0.0,100001,62
0.0,0.0,0.0,100001,62
0.0,0.0,0.0,100001,62
0.0,0.0,0.0,100001,62
0.0,0.0,0.0,100001,62
0.0,0.0,0.0,100001,62
0.0,0.0,0.0,100001,62
0.0,0.0,0.0,100001,62
0.0,0.0,0.0,100001,62
0.0,0.0,0.0,100001,62
0.0,0.0,0.0,100001,62
0.0,0.0,0.0,100001,62
0.0,0.0,0.0,100001,62
0.0,0.0,0.0,100001,62
0.0,0.0,0.0,100001,62
0.0,0.0,0.0,100001,62
0.0,0.0,0.0,100001,62
0.0,0.0,0.0,100001,62
0.0,0.0,0.0,100001,62
0.0,0.0,0.0,100001,62
0.0,0.0,0.0,100001,62
0.0,0.0,0.0,100001,62
0.0,0.0,0.0,100001,62
0.0,0.0,0.0,100001,62
0.0,0.0,0.0,100001,62
0.0,0.0,0.0,100001,62
0.0,0.0,0.0,100001,62
0.0,0.0,0.0,100001,62
0.0,0.0,0.0,100001,62
0.0,0.0,0.0,100001,62
0.0,0.0,0.0,100001,62
0.0,0.0,0.0,100001,62
0.0,0.0,0.0,100001,62
0.0,0.0,0.0,100001,62
0.0,0.0,0.0,100001,62
0.0,0.0,0.0,100001,62
0.0,0.0,0.0,100001,62
0.0,0.0,0.0,100001,62
0.0,0.0,0.0,100001,62
0.0,0.0,0.0,100001,62
0.0,0.0,0.0,100001,62
0.0,0.0,0.0,100001,62
0.0,0.0,0.0,100001,62
0.0,0.0,0.0,100001,62
0.0,0.0,0.0,100001,62
0.0,0.0,0.0,100001,62
0.0,0.0,0.0,100001,62
0.0,0.0,0.0,100001,62
0.0,0.0,0.0,100001,62
0.0,0.0,0.0,100001,62
0.0,0.0,0.0,100001,62
0.0,0.0,0.0,100001,62
0.0,0.0,0.0,100001,62
0.0,0.0,0.0,100001,62
0.0,0.0,0.0,100001,62
0.0,0.0,0.0,100001,62
0.0,0.0,0.0,100001,62
0.0,0.0,0.0,100001,62
0.0,0.0,0.0,100001,62
0.0,0.0,0.0,100001,62
0.0,0.0,0.0,100001,62
0.0,0.0,0.0,100001,62
0.0,0.0,0.0,100001,62
0.0,0.0,0.0,100001,62
0.0,0.0,0.0,100001,62
0.0,0.0,0.0,100001,62
0.0,0.0,0.0,100001,62
0.0,0.0,0.0,100001,62
0.0,0.0,0.0,100001,62
0.0,0.0,0.0,100001,62
0.0,0.0,0.0,100001,62
0.0,0.0,0.0,100001,62
0.0,0.0,0.0,100001,62
0.0,0.0,0.0,100001,62
0.0,0.0,0.0,100001,62
0.0,0.0,0.0,100001,62
0.0,0.0,0.0,100001,62
0.0,0.0,0.0,100001,62
0.0,0.0,0.0,100001,62
0.0,0.0,0.0,100001,62
0.0,0.0,0.0,100001,62
0.0,0.0,0.0,100001,62
0.0,0.0,0.0,100001,62
0.0,0.0,0.0,100001,62
0.0,0.0,0.0,100001,62
0.0,0.0,0.0,100001,62
0.0,0.0,0.0,100001,62
0.0,0.0,0.0,100001,62
0.0,0.0,0.0,100001,62
0.0,0.0,0.0,100001,62
0.0,0.0,0.0,100001,62
0.0,0.0,0.0,100001,62
0.0,0.0,0.0,100001,62
0.0,0.0,0.0,100001,62
0.0,0.0,0.0,100001,62
0.0,0.0,0.0,100001,62
0.0,0.0,0.0,100001,62
0.0,0.0,0.0,100001,62
0.0,0.0,0.0,100001,62
0.0,0.0,0.0,100001,62
0.0,0.0,0.0,100001,62
0.0,0.0,0.0,100001,62
0.0,0.0,0.0,100001,62
0.0,0.0,0.0,100001,62
0.0,0.0,0.0,100001,62
0.0,0.0,0.0,100001,62
0.0,0.0,0.0,100001,62
0.0,0.0,0.0,100001,62
0.0,0.0,0.0,100001,62
0.0,0.0,0.0,100001,62
0.0,0.0,0.0,100001,62
0.0,0.0,0.0,100001,62
0.0,0.0,0.0,100001,62
0.0,0.0,0.0,100001,62
0.0,0.0,0.0,100001,62
0.0,0.0,0.0,100001,62
0.0,0.0,0.0,100001,62
0.0,0.0,0.0,100001,62
0.0,0.0,0.0,100001,62
0.0,0.0,0.0,100001,62
0.0,0.0,0.0,100001,62
0.0,0.0,0.0,100001,62
0.0,0.0,0.0,100001,62
0.0,0.0,0.0,100001,62
0.0,0.0,0.0,100001,62
0.0,0.0,0.0,100001,62
0.0,0.0,0.0,100001,62
0.0,0.0,0.0,100001,62
0.0,0.0,0.0,100001,62
0.0,0.0,0.0,100001,62
0.0,0.0,0.0,100001,62
0.0,0.0,0.0,100001,62
0.0,0.0,0.0,100001,62
0.0,0.0,0.0,100001,62
0.0,0.0,0.0,100001,62
0.0,0.0,0.0,100001,62
0.0,0.0,0.0,100001,62
0.0,0.0,0.0,100001,62
0.0,0.0,0.0,100001,62
0.0,0.0,0.0,100002,63
0.0,0.0,0.0,100002,63
0.0,0.0,0.0,100002,63
0.0,0.0,0.0,100002,63
0.0,0.0,0.0,100002,63
0.0,0.0,0.0,100002,63
0.0,0.0,0.0,100002,63
0.0,0.0,0.0,100002,63
0.0,0.0,0.0,100002,63
0.0,0.0,0.0,100002,63
0.0,0.0,0.0,100002,63
0.0,0.0,0.0,100002,63
0.0,0.0,0.0,100002,63
0.0,0.0,0.0,100002,63
0.0,0.0,0.0,100002,63
0.0,0.0,0.0,100002,63
0.0,0.0,0.0,100002,63
0.0,0.0,0.0,100002,63
0.0,0.0,0.0,100002,63
0.0,0.0,0.0,100002,63
0.0,0.0,0.0,100002,63
0.0,0.0,0.0,100002,63
0.0,0.0,0.0,100002,63
0.0,0.0,0.0,100002,63
0.0,0.0,0.0,100002,63
0.0,0.0,0.0,100002,63
0.0,0.0,0.0,100002,63
0.0,0.0,0.0,100002,63
0.0,0.0,0.0,100002,63
0.0,0.0,0.0,100002,63
0.0,0.0,0.0,100002,63
0.0,0.0,0.0,100002,63
0.0,0.0,0.0,100002,63
0.0,0.0,0.0,100002,63
0.0,0.0,0.0,100002,63
0.0,0.0,0.0,100002,63
0.0,0.0,0.0,100002,63
0.0,0.0,0.0,100002,63
0.0,0.0,0.0,100002,63
0.0,0.0,0.0,100002,63
0.0,0.0,0.0,100002,63
0.0,0.0,0.0,100002,63
0.0,0.0,0.0,100002,63
0.0,0.0,0.0,100002,63
0.0,0.0,0.0,100002,63
0.0,0.0,0.0,100002,63
0.0,0.0,0.0,100002,63
0.0,0.0,0.0,100002,63
0.0,0.0,0.0,100002,63
0.0,0.0,0.0,100002,63
0.0,0.0,0.0,100002,63
0.0,0.0,0.0,100002,63
0.0,0.0,0.0,100002,63
0.0,0.0,0.0,100002,63
0.0,0.0,0.0,100002,63
0.0,0.0,0.0,100002,63
0.0,0.0,0.0,100002,63
0.0,0.0,0.0,100002,63
0.0,0.0,0.0,100002,63
0.0,0.0,0.0,100002,63
0.0,0.0,0.0,100002,63
0.0,0.0,0.0,100002,63
0.0,0.0,0.0,100002,63
0.0,0.0,0.0,100002,63
0.0,0.0,0.0,100002,63
0.0,0.0,0.0,100002,63
0.0,0.0,0.0,100002,63
0.0,0.0,0.0,100002,63
0.0,0.0,0.0,100002,63
0.0,0.0,0.0,100002,63
0.0,0.0,0.0,100002,63
0.0,0.0,0.0,100002,63
0.0,0.0,0.0,100002,63
0.0,0.0,0.0,100002,63
0.0,0.0,0.0,100002,63
0.0,0.0,0.0,100002,63
0.0,0.0,0.0,100002,63
0.0,0.0,0.0,100002,63
0.0,0.0,0.0,100002,63
0.0,0.0,0.0,100002,63
0.0,0.0,0.0,100002,63
0.0,0.0,0.0,100002,63
0.0,0.0,0.0,100002,63
0.0,0.0,0.0,100002,63
0.0,0.0,0.0,100002,63
0.0,0.0,0.0,100002,63
0.0,0.0,0.0,100002,63
0.0,0.0,0.0,100002,63
0.0,0.0,0.0,100002,63
0.0,0.0,0.0,100002,63
0.0,0.0,0.0,100002,63
0.0,0.0,0.0,100002,63
0.0,0.0,0.0,100002,63
0.0,0.0,0.0,100002,63
0.0,0.0,0.0,100002,63
0.0,0.0,0.0,100002,63
0.0,0.0,0.0,100002,63
0.0,0.0,0.0,100002,63
0.0,0.0,0.0,100002,63
0.0,0.0,0.0,100002,63
0.0,0.0,0.0,100002,63
0.0,0.0,0.0,100002,63
0.0,0.0,0.0,100002,63
0.0,0.0,0.0,100002,63
0.0,0.0,0.0,100002,63
0.0,0.0,0.0,100002,63
0.0,0.0,0.0,100002,63
0.0,0.0,0.0,100002,63
0.0,0.0,0.0,100002,63
0.0,0.0,0.0,100002,63
0.0,0.0,0.0,100002,63
0.0,0.0,0.0,100002,63
0.0,0.0,0.0,100002,63
0.0,0.0,0.0,100002,63
0.0,0.0,0.0,100002,63
0.0,0.0,0.0,100002,63
0.0,0.0,0.0,100002,63
0.0,0.0,0.0,100002,63
0.0,0.0,0.0,100002,63
0.0,0.0,0.0,100002,63
0.0,0.0,0.0,100002,63
0.0,0.0,0.0,100002,63
0.0,0.0,0.0,100002,63
0.0,0.0,0.0,100002,63
0.0,0.0,0.0,100002,63
0.0,0.0,0.0,100002,63
0.0,0.0,0.0,100002,63
0.0,0.0,0.0,100002,63
0.0,0.0,0.0,100002,63
0.0,0.0,0.0,100002,63
0.0,0.0,0.0,100002,63
0.0,0.0,0.0,100002,63
0.0,0.0,0.0,100002,63
0.0,0.0,0.0,100002,63
0.0,0.0,0.0,100002,63
0.0,0.0,0.0,100002,63
0.0,0.0,0.0,100002,63
0.0,0.0,0.0,100002,63
0.0,0.0,0.0,100002,63
0.0,0.0,0.0,100002,63
0.0,0.0,0.0,100002,63
0.0,0.0,0.0,100002,63
0.0,0.0,0.0,100002,63
0.0,0.0,0.0,100002,63
0.0,0.0,0.0,100002,63
0.0,0.0,0.0,100002,63
0.0,0.0,0.0,100002,63
0.0,0.0,0.0,100002,63
0.0,0.0,0.0,100002,63
0.0,0.0,0.0,100002,63
0.0,0.0,0.0,100002,63
0.0,0.0,0.0,100002,63
0.0,0.0,0.0,100002,63
0.0,0.0,0.0,100002,63
0.0,0.0,0.0,100002,63
0.0,0.0,0.0,100002,63
0.0,0.0,0.0,100002,63
0.0,0.0,0.0,100002,63
0.0,0.0,0.0,100002,63
0.0,0.0,0.0,100002,63
0.0,0.0,0.0,100002,63
0.0,0.0,0.0,100002,63
0.0,0.0,0.0,100002,63
0.0,0.0,0.0,100002,63
0.0,0.0,0.0,100002,63
0.0,0.0,0.0,100002,63
0.0,0.0,0.0,100002,63
0.0,0.0,0.0,100002,63
0.0,0.0,0.0,100002,63
0.0,0.0,0.0,100002,63
0.0,0.0,0.0,100002,63
0.0,0.0,0.0,100002,63
0.0,0.0,0.0,100002,63
0.0,0.0,0.0,100002,63
0.0,0.0,0.0,100002,63
0.0,0.0,0.0,100002,63
0.0,0.0,0.0,100002,63
0.0,0.0,0.0,100002,63
0.0,0.0,0.0,100002,63
0.0,0.0,0.0,100002,63
0.0,0.0,0.0,100002,63
0.0,0.0,0.0,100002,63
0.0,0.0,0.0,100002,63
0.0,0.0,0.0,100002,63
0.0,0.0,0.0,100002,63
0.0,0.0,0.0,100002,63
0.0,0.0,0.0,100002,63
0.0,0.0,0.0,100002,63
0.0,0.0,0.0,100002,63
0.0,0.0,0.0,100002,63
0.0,0.0,0.0,100002,63
0.0,0.0,0.0,100002,63
0.0,0.0,0.0,100002,63
0.0,0.0,0.0,100002,63
0.0,0.0,0.0,100002,63
0.0,0.0,0.0,100002,63
0.0,0.0,0.0,100002,63
0.0,0.0,0.0,100002,63
0.0,0.0,0.0,100002,63
0.0,0.0,0.0,100002,63
0.0,0.0,0.0,100002,63
0.0,0.0,0.0,100002,63
0.0,0.0,0.0,100002,63
0.0,0.0,0.0,100002,63
0.0,0.0,0.0,100002,63
0.0,0.0,0.0,100002,63
0.0,0.0,0.0,100002,63
0.0,0.0,0.0,100002,63
0.0,0.0,0.0,100002,63
0.0,0.0,0.0,100002,63
0.0,0.0,0.0,100002,63
0.0,0.0,0.0,100002,63
0.0,0.0,0.0,100002,63
0.0,0.0,0.0,100002,63
0.0,0.0,0.0,100002,63
0.0,0.0,0.0,100002,63
0.0,0.0,0.0,100002,63
0.0,0.0,0.0,100002,63
0.0,0.0,0.0,100002,63
0.0,0.0,0.0,100002,63
0.0,0.0,0.0,100002,63
0.0,0.0,0.0,100002,63
0.0,0.0,0.0,100002,63
0.0,0.0,0.0,100002,63
0.0,0.0,0.0,100002,63
0.0,0.0,0.0,100002,63
0.0,0.0,0.0,100002,63
0.0,0.0,0.0,100002,63
0.0,0.0,0.0,100002,63
0.0,0.0,0.0,100002,63
0.0,0.0,0.0,100002,63
0.0,0.0,0.0,100002,63
0.0,0.0,0.0,100002,63
0.0,0.0,0.0,100002,63
0.0,0.0,0.0,100002,63
0.0,0.0,0.0,100002,63
0.0,0.0,0.0,100002,63
0.0,0.0,0.0,100002,63
0.0,0.0,0.0,100002,63
0.0,0.0,0.0,100002,63
0.0,0.0,0.0,100002,63
0.0,0.0,0.0,100002,63
0.0,0.0,0.0,100002,63
0.0,0.0,0.0,100002,63
0.0,0.0,0.0,100002,63
0.0,0.0,0.0,100002,63
0.0,0.0,0.0,100002,63
0.0,0.0,0.0,100002,63
0.0,0.0,0.0,100002,63
0.0,0.0,0.0,100002,63
0.0,0.0,0.0,100002,63
0.0,0.0,0.0,100002,63
0.0,0.0,0.0,100002,63
0.0,0.0,0.0,100002,63
0.0,0.0,0.0,100002,63
0.0,0.0,0.0,100002,63
0.0,0.0,0.0,100002,63
0.0,0.0,0.0,100002,63
0.0,0.0,0.0,100002,63
0.0,0.0,0.0,100002,63
0.0,0.0,0.0,100002,63
0.0,0.0,0.0,100002,63
0.0,0.0,0.0,100002,63
0.0,0.0,0.0,100002,63
0.0,0.0,0.0,100002,63
0.0,0.0,0.0,100002,63
0.0,0.0,0.0,100002,63
0.0,0.0,0.0,100002,63
0.0,0.0,0.0,100002,63
0.0,0.0,0.0,100002,63
0.0,0.0,0.0,100002,63
0.0,0.0,0.0,100002,63
0.0,0.0,0.0,100002,63
0.0,0.0,0.0,100002,63
0.0,0.0,0.0,100002,63
0.0,0.0,0.0,100002,63
0.0,0.0,0.0,100002,63
0.0,0.0,0.0,100002,63
0.0,0.0,0.0,100002,63
0.0,0.0,0.0,100002,63
0.0,0.0,0.0,100002,63
0.0,0.0,0.0,100002,63
0.0,0.0,0.0,100002,63
0.0,0.0,0.0,100002,63
0.0,0.0,0.0,100002,63
0.0,0.0,0.0,100002,63
0.0,0.0,0.0,100002,63
0.0,0.0,0.0,100002,63
0.0,0.0,0.0,100002,63
0.0,0.0,0.0,100002,63
0.0,0.0,0.0,100002,63
0.0,0.0,0.0,100002,63
0.0,0.0,0.0,100002,63
0.0,0.0,0.0,100002,63
0.0,0.0,0.0,100002,63
0.0,0.0,0.0,100002,63
0.0,0.0,0.0,100002,63
0.0,0.0,0.0,100002,63
0.0,0.0,0.0,100002,63
0.0,0.0,0.0,100002,63
