exp_tensile_strain,exp_tensile_stress,cal_tensile_strain,cal_tensile_stress,val_tensile_strain,val_tensile_stress
0.0,0.0,0.0,0.0,,
0.00068284,94.787,0.0007692307692307692,162.2987938739406,,
0.00091767,120.81,0.0015384615384615385,297.71700995426585,,
0.00105,149.65,0.0023076923076923075,343.76583344234854,,
0.00112,179.33,0.003076923076923077,354.49019257213257,,
0.00122,208.07,0.0038461538461538464,357.84062482657134,,
0.00144,234.48,0.004615384615384616,359.83624141245474,,
0.00175,249.32,0.005384615384615385,361.58818854558183,,
0.00223,270.51,0.006153846153846155,363.2960059324229,,
0.00285,287.68,0.006923076923076923,364.99535098415964,,
0.00344,305.03,0.007692307692307693,366.6925902282814,,
0.00416,319.7,0.008461538461538461,368.3888604139438,,
0.00527,323.81,0.00923076923076923,370.0843647061241,,
0.0058,338.54,0.009999999999999998,371.77913961805325,,
0.00678,345.93,0.010769230769230767,373.47319191445945,,
0.00782,352.02,0.011538461538461536,375.16652304967835,,
0.0089,357.55,0.012307692307692304,376.8591335300071,,
0.01004,354.03,0.013076923076923073,378.55102369241445,,
0.01083,366.69,0.013846153846153841,380.2421938435446,,
0.012,370.59,0.01461538461538461,381.93264428453006,,
0.01317,374.51,0.015384615384615379,383.62237531542127,,
0.01431,378.61,0.016153846153846147,385.31138723597724,,
0.01515,381.91,0.016923076923076916,386.9996803458084,,
0.01625,385.29,0.017692307692307684,388.6872549443988,,
0.01742,388.22,0.018461538461538453,390.37411133111243,,
0.01857,391.75,0.01923076923076922,392.06024980519396,,
0.0197,394.8,0.01999999999999999,393.74567066576924,,
0.02077,398.1,0.02076923076923076,395.43037421184334,,
0.02169,401.85,0.021538461538461527,397.114360742305,,
0.02282,404.03,0.022307692307692296,398.7976305559209,,
0.02391,406.53,0.023076923076923064,400.4801839513403,,
0.02498,409.36,0.023846153846153833,402.1620212270927,,
0.02612,412.14,0.0246153846153846,403.84314268158965,,
0.02695,416.53,0.02538461538461537,405.5235486131227,,
0.02817,417.9,0.02615384615384614,407.2032393198644,,
0.02935,420.35,0.026923076923076907,408.8822150998687,,
0.03053,422.61,0.027692307692307676,410.56047625107186,,
0.03171,425.02,0.028461538461538444,412.2380230712899,,
0.03284,427.64,0.029230769230769213,413.91485585822073,,
0.03398,430.38,0.02999999999999998,415.590974909443,,
0.03508,433.01,0.03076923076923075,417.2663805224175,,
0.03597,437.38,0.031538461538461515,418.9410729944858,,
0.03719,438.38,0.03230769230769228,420.6150526228712,,
0.03833,440.57,0.033076923076923045,422.2883197046788,,
0.03953,442.98,0.03384615384615381,423.96087453689586,,
0.04069,445.56,0.034615384615384576,425.6327174163879,,
0.0419,447.72,0.03538461538461534,427.3038486399062,,
0.04304,449.87,0.036153846153846106,428.9742685040803,,
0.04416,452.73,0.03692307692307687,430.6439773054251,,
0.04472,464.9,0.037692307692307636,432.3129753403334,,
0.04592,465.93,0.0384615384615384,433.9812629050821,,
0.04708,467.67,0.039230769230769166,435.64884029583015,,
0.04822,469.55,0.03999999999999993,437.31570780861614,,
0.04935,472.12,0.0407692307692307,438.9818657393622,,
0.05049,474.06,0.04153846153846146,440.6473143838725,,
0.0516,476.18,0.04230769230769223,442.31205403783343,,
0.05237,473.84,0.04307692307692299,443.976084996812,,
0.05305,482.34,0.04384615384615376,445.6394075562586,,
0.05425,483.23,0.04461538461538452,447.30202201150615,,
0.05541,484.39,0.04538461538461529,448.96392865776727,,
0.0566,486.6,0.04615384615384605,450.6251277901389,,
0.05779,488.62,0.04692307692307682,452.2856197036005,,
0.05902,490.57,0.04769230769230758,453.9454046930126,,
0.0602,492.78,0.04846153846153835,455.60448305311814,,
0.0611,498.16,0.04923076923076911,457.26285507854254,,
0.0623,498.76,0.04999999999999988,458.920521063795,,
0.06349,499.81,0.05076923076923064,460.5774813032661,,
0.06466,501.45,0.051538461538461415,462.2337360912286,,
0.06581,503.65,0.05230769230769219,463.8892857218377,,
0.06693,505.72,0.05307692307692296,465.54413048913176,,
0.0681,508.15,0.05384615384615373,467.1982706870317,,
0.06927,510.24,0.0546153846153845,468.85170660934085,,
0.07043,512.03,0.055384615384615275,470.50443854974577,,
0.07129,518.35,0.05615384615384605,472.15646680181584,,
0.0725,518.52,0.05692307692307682,473.8077916590021,,
0.07365,519.48,0.05769230769230759,475.4584134146387,,
0.07481,520.96,0.058461538461538363,477.1083323619446,,
0.07597,522.57,0.059230769230769136,478.7575487940199,,
0.07707,524.85,0.05999999999999991,480.4060630038465,,
0.07816,526.8,0.06076923076923068,482.05387528429276,,
0.07923,529.06,0.06153846153846145,483.700985928107,,
0.08031,531.07,0.062307692307692224,485.34739522792233,,
0.08143,532.88,0.063076923076923,486.99310347625396,,
0.08238,530.55,0.06384615384615377,488.63811096549983,,
0.08328,540.82,0.06461538461538455,490.2824179879451,,
0.08448,540.97,0.06538461538461532,491.9260248357537,,
0.0857,542.1,0.06615384615384609,493.5689318009719,,
0.08743,545.39,0.06692307692307686,495.2111391755348,,
0.08859,546.45,0.06769230769230764,496.8526472512571,,
0.08975,548.33,0.06846153846153841,498.49345631983704,,
0.09087,550.55,0.06923076923076918,500.1335666728577,,
0.09197,552.59,0.06999999999999995,501.7729786017837,,
0.09309,554.67,0.07076923076923072,503.41169239796693,,
0.09421,556.09,0.0715384615384615,505.04970835263725,,
0.09488,562.54,0.07230769230769227,506.68702675691327,,
0.09612,562.57,0.07307692307692304,508.32364790179474,,
0.09732,563.72,0.07384615384615381,509.95957207816576,,
0.09857,565.43,0.07461538461538458,511.5947995767943,,
0.0997,566.89,0.07538461538461536,513.2293306883319,,
0.10083,568.49,0.07615384615384613,514.8631657033145,,
0.10197,570.66,0.0769230769230769,516.4963049121608,,
0.10308,572.91,0.07769230769230767,518.1287486051762,,
0.1042,574.8,0.07846153846153844,519.7604970725441,,
0.10528,576.95,0.07923076923076922,521.3915506043401,,
0.10611,580.65,0.07999999999999999,523.0219094905166,,
0.10714,584.43,0.08076923076923076,524.6515740209142,,
0.10831,584.56,0.08153846153846153,526.280544485256,,
0.10942,585.6,0.0823076923076923,527.9088211731516,,
0.11054,587.17,0.08307692307692308,529.5364043740921,,
0.11169,588.78,0.08384615384615385,531.1632943774546,,
0.11286,590.47,0.08461538461538462,532.7894914724975,,
0.11398,592.67,0.08538461538461539,534.4149959483676,,
0.11509,594.54,0.08615384615384616,536.039808094094,,
0.11621,596.88,0.08692307692307694,537.6639281985914,,
0.11729,598.84,0.08769230769230771,539.2873565506574,,
0.1184,600.54,0.08846153846153848,540.910093438975,,
0.1195,602.41,0.08923076923076925,542.5321391521114,,
0.12017,609.32,0.09000000000000002,544.15349397852,,
0.12128,609.93,0.0907692307692308,545.7741582065363,,
0.12245,610.3,0.09153846153846157,547.3941321243816,,
0.12361,611.16,0.09230769230769234,549.0134160201633,,
0.12474,612.69,0.09307692307692311,550.6320101818712,,
0.12584,614.36,0.09384615384615388,552.2499148973817,,
0.12694,616.38,0.09461538461538466,553.8671304544561,,
0.128,618.41,0.09538461538461543,555.4836571407385,,
0.12912,620.13,0.0961538461538462,557.0994952437592,,
0.13019,621.8,0.09692307692307697,558.7146450509356,,
0.13126,624.27,0.09769230769230774,560.3291068495664,,
0.1323,626.15,0.09846153846153852,561.9428809268384,,
0.13335,628.21,0.09923076923076929,563.5559675698227,,
0.13438,630.36,0.10000000000000006,565.1683670654742,,
0.13545,631.83,0.10076923076923083,566.7800797006333,,
0.13652,634.21,0.1015384615384616,568.3911057620279,,
0.13723,641.43,0.10230769230769238,570.0014455362686,,
0.1384,642.26,0.10307692307692314,571.6110993098515,,
0.13959,642.13,0.1038461538461539,573.2200673691603,,
0.14076,642.89,0.10461538461538465,574.8283500004637,,
0.14187,644.72,0.10538461538461541,576.4359474899121,,
0.14299,646.15,0.10615384615384617,578.0428601235454,,
0.14409,648.23,0.10692307692307693,579.649088187289,,
0.14514,649.96,0.10769230769230768,581.2546319669505,,
0.14622,651.54,0.10846153846153844,582.8594917482242,,
0.14733,653.33,0.1092307692307692,584.4636678166953,,
0.1484,656.06,0.10999999999999996,586.0671604578268,,
0.14951,657.76,0.11076923076923072,587.6699699569737,,
0.15059,660.06,0.11153846153846148,589.2720965993708,,
0.1517,661.69,0.11230769230769223,590.8735406701462,,
0.15277,663.61,0.11307692307692299,592.4743024543067,,
0.15383,665.68,0.11384615384615375,594.0743822367493,,
0.1549,666.51,0.11461538461538451,595.6737803022555,,
0.15568,675.77,0.11538461538461527,597.2724969354935,,
0.15675,675.5,0.11615384615384602,598.8705324210168,,
0.15784,675.41,0.11692307692307678,600.467887043265,,
0.15889,676.51,0.11769230769230754,602.0645610865639,,
0.15991,678.09,0.1184615384615383,603.6605548351256,,
0.16095,679.72,0.11923076923076906,605.2558685730478,,
0.16196,681.28,0.11999999999999982,606.8505025843164,,
0.163,682.88,0.12076923076923057,608.444457152801,,
0.16412,684.64,0.12153846153846133,610.0377325622605,,
0.16523,687.3,0.12230769230769209,611.6303290963355,,
0.16635,689.06,0.12307692307692285,613.2222470385589,,
0.16741,691.4,0.1238461538461536,614.8134866723437,,
0.16849,693.4,0.12461538461538436,616.4040482809955,,
0.16958,695.05,0.12538461538461512,617.9939321477024,,
0.17063,696.67,0.1261538461538459,619.5831385555407,,
0.17166,699.34,0.12692307692307667,621.1716677874755,,
0.17274,701.23,0.12769230769230744,622.7595201263476,,
0.17381,703.3,0.1284615384615382,624.3466958549008,,
0.17485,705.23,0.12923076923076898,625.933195255756,,
0.17593,706.9,0.12999999999999975,627.5190186114219,,
0.177,708.86,0.13076923076923053,629.1041662042949,,
0.178,711.4,0.1315384615384613,630.6886383166567,,
0.17905,713.11,0.13230769230769207,632.2724352306775,,
0.18003,715.24,0.13307692307692284,633.8555572284174,,
0.18105,716.92,0.13384615384615361,635.4380045918177,,
0.18209,718.75,0.1346153846153844,637.0197776027074,,
0.18286,727.82,0.13538461538461516,638.6008765428068,,
0.18389,728.05,0.13615384615384593,640.1813016937183,,
0.18492,728.03,0.1369230769230767,641.7610533369378,,
0.18595,728.1,0.13769230769230748,643.340131753843,,
0.18698,729.07,0.13846153846153825,644.9185372257006,,
0.18803,730.63,0.13923076923076902,646.4962700336644,,
0.18906,732.4,0.1399999999999998,648.0733304587736,,
0.19012,734.41,0.14076923076923056,649.6497187819605,,
0.19117,736.3,0.14153846153846134,651.2254352840407,,
0.19224,737.75,0.1423076923076921,652.8004802457117,,
0.19332,739.77,0.14307692307692288,654.3748539475725,,
0.19436,742.0,0.14384615384615365,655.9485566700951,,
0.19544,743.81,0.14461538461538442,657.5215886936483,,
0.19643,746.07,0.1453846153846152,659.0939502984852,,
0.19746,747.86,0.14615384615384597,660.6656417647475,,
0.19849,749.49,0.14692307692307674,662.2366633724603,,
0.19954,751.41,0.1476923076923075,663.8070154015464,,
0.20059,754.19,0.14846153846153828,665.3766981318064,,
0.20164,755.83,0.14923076923076906,666.9457118429284,,
0.20266,757.94,0.14999999999999983,668.5140568145009,,
0.20366,759.48,0.1507692307692306,670.0817333259881,,
0.20467,761.33,0.15153846153846137,671.6487416567395,,
0.20568,763.74,0.15230769230769214,673.2150820860094,,
0.20667,765.64,0.15307692307692292,674.7807548929228,,
0.20765,767.82,0.1538461538461537,676.3457603565001,,
0.20849,768.21,0.15461538461538446,677.9100987556511,,
0.20926,778.16,0.15538461538461523,679.4737703691707,,
0.21028,778.57,0.156153846153846,681.0367754757419,,
0.21132,778.25,0.15692307692307678,682.5991143539396,,
0.21231,778.94,0.15769230769230755,684.1607872822221,,
0.21337,779.69,0.15846153846153832,685.7217945389401,,
0.21443,780.67,0.1592307692307691,687.2821364023315,,
0.21548,782.79,0.15999999999999986,688.8418131505164,,
0.21658,784.81,0.16076923076923064,690.4008250615143,,
0.21759,786.52,0.1615384615384614,691.9591724132277,,
0.2186,788.4,0.16230769230769218,693.5168554834463,,
0.21963,789.97,0.16307692307692295,695.073874549848,,
0.22062,791.39,0.16384615384615372,696.630229890002,,
0.22163,794.23,0.1646153846153845,698.1859217813671,,
0.22263,795.98,0.16538461538461527,699.7409505012843,,
0.22363,797.81,0.16615384615384604,701.2953163269929,,
0.22461,799.47,0.1669230769230768,702.8490195356119,,
0.22563,801.41,0.16769230769230759,704.4020604041522,,
0.22664,803.65,0.16846153846153836,705.9544392095181,,
0.22762,805.5,0.16923076923076913,707.5061562284951,,
0.2286,807.7,0.1699999999999999,709.0572117377634,,
0.22957,809.61,0.17076923076923067,710.6076060138914,,
0.23055,811.08,0.17153846153846145,712.1573393333339,,
0.23154,813.05,0.17230769230769222,713.7064119724376,,
0.23247,815.43,0.173076923076923,715.254824207432,,
0.23341,817.08,0.17384615384615376,716.8025763144423,,
0.23435,819.19,0.17461538461538453,718.3496685694857,,
0.23529,820.63,0.1753846153846153,719.8961012484585,,
0.23626,822.27,0.17615384615384608,721.4418746271538,,
0.23688,832.59,0.17692307692307685,722.9869889812512,,
0.23787,833.22,0.17769230769230762,724.5314445863191,,
0.23893,832.73,0.1784615384615384,726.0752417178207,,
0.24001,832.69,0.17923076923076917,727.6183806510969,,
0.24107,833.33,0.17999999999999994,729.1608616613939,,
0.24211,834.97,0.1807692307692307,730.7026850238329,,
0.24311,836.13,0.18153846153846148,732.2438510134305,,
0.24409,837.94,0.18230769230769225,733.7843599050956,,
0.24508,839.24,0.18307692307692303,735.3242119736204,,
0.24607,840.83,0.1838461538461538,736.863407493698,,
0.24706,843.05,0.18461538461538457,738.4019467398956,,
0.24804,844.87,0.18538461538461534,739.9398299866816,,
0.24904,847.03,0.18615384615384611,741.4770575084071,,
0.25001,848.86,0.1869230769230769,743.0136295793201,,
0.251,850.16,0.18769230769230766,744.5495464735569,,
0.25197,852.19,0.18846153846153843,746.0848084651362,,
0.25291,854.57,0.1892307692307692,747.6194158279737,,
0.25388,856.51,0.18999999999999997,749.1533688358753,,
0.25484,858.58,0.19076923076923075,750.6866677625322,,
0.25582,860.2,0.19153846153846152,752.2193128815305,,
0.25682,861.78,0.1923076923076923,753.7513044663442,,
0.25775,863.97,0.19307692307692306,755.2826427903368,,
0.25868,866.3,0.19384615384615383,756.8133281267625,,
0.2596,868.1,0.1946153846153846,758.3433607487683,,
0.26054,870.17,0.19538461538461538,759.8727409293862,,
0.26151,871.68,0.19615384615384615,761.4014689415407,,
0.26253,873.12,0.19692307692307692,762.9295450580495,,
0.2631,883.94,0.1976923076923077,764.4569695516154,,
0.2641,885.31,0.19846153846153847,765.9837426948415,,
0.26512,884.39,0.19923076923076924,767.5098647602066,,
0.26616,883.78,0.2,769.0353360200894,,
0.2672,884.43,0.20076923076923078,770.560156746759,,
0.26816,886.02,0.20153846153846156,772.0843272123756,,
0.26911,887.09,0.20230769230769233,773.6078476889868,,
0.27008,888.66,0.2030769230769231,775.1307184485282,,
0.27107,889.91,0.20384615384615387,776.6529397628337,,
0.27206,891.42,0.20461538461538464,778.1745119036225,,
0.27305,893.88,0.20538461538461542,779.6954351425037,,
0.27403,895.48,0.2061538461538462,781.2157097509914,,
0.27498,897.61,0.20692307692307696,782.7353360004665,,
0.27591,899.3,0.20769230769230773,784.2543141622198,,
0.27689,900.98,0.2084615384615385,785.7726445074197,,
0.27782,902.48,0.20923076923076928,787.2903273071361,,
0.27875,905.18,0.21000000000000005,788.8073628323278,,
0.27967,907.08,0.21076923076923082,790.32375135384,,
0.28057,908.96,0.2115384615384616,791.8394931424149,,
0.28148,910.41,0.21230769230769236,793.3545884686789,,
0.28241,911.96,0.21307692307692314,794.8690376031565,,
0.2833,914.27,0.2138461538461539,796.3828408162624,,
0.28423,916.38,0.21461538461538468,797.8959983782918,,
0.28517,918.51,0.21538461538461545,799.4085105594505,,
0.28614,920.38,0.21615384615384622,800.9203776298173,,
0.28713,922.04,0.216923076923077,802.4315998593754,,
0.28812,923.78,0.21769230769230777,803.9421775179885,,
0.2891,926.28,0.21846153846153854,805.4521108754218,,
0.28951,930.37,0.2192307692307693,806.9614002013275,,
0.29033,936.87,0.22000000000000008,808.4700457652464,,
0.29129,936.47,0.22076923076923086,809.9780478366155,,
0.29224,936.7,0.22153846153846163,811.4854066847621,,
0.29318,936.93,0.2223076923076924,812.9921225789055,,
0.2941,937.43,0.22307692307692317,814.4981957881536,,
0.29503,938.24,0.22384615384615394,816.0036265815078,,
0.29601,939.09,0.22461538461538472,817.5084152278653,,
0.29695,940.49,0.2253846153846155,819.0125619960102,,
0.29786,942.5,0.22615384615384626,820.5160671546181,,
0.29875,944.01,0.22692307692307703,822.0189309722623,,
0.29961,945.72,0.2276923076923078,823.5211537174006,,
0.30048,946.79,0.22846153846153858,825.0227356583878,,
0.30138,949.01,0.22923076923076935,826.5236770634641,,
0.30222,950.75,0.23000000000000012,828.023978200774,,
0.30307,953.03,0.2307692307692309,829.5236393383435,,
0.30393,954.58,0.23153846153846167,831.0226607440944,,
0.30479,956.02,0.23230769230769244,832.5210426858412,,
0.30562,958.07,0.2330769230769232,834.0187854312865,,
0.3065,959.98,0.23384615384615398,835.5158892480295,,
0.30737,962.17,0.23461538461538475,837.0123544035615,,
0.30829,964.09,0.23538461538461553,838.5081811652674,,
0.30924,965.58,0.2361538461538463,840.0033698004167,,
0.3102,967.89,0.23692307692307707,841.4979205761821,,
0.31112,969.73,0.23769230769230784,842.9918337596216,,
0.31201,971.88,0.2384615384615386,844.4851096176844,,
0.31292,973.84,0.23923076923076939,845.9777484172213,,
0.31383,975.22,0.24000000000000016,847.4697504249626,,
0.31477,977.19,0.24076923076923093,848.9611159075447,,
0.31565,979.74,0.2415384615384617,850.4518451314847,,
0.31656,981.5,0.24230769230769247,851.9419383632002,,
0.31743,983.34,0.24307692307692325,853.4313958690012,,
0.31837,984.93,0.24384615384615402,854.9202179150892,,
0.31929,986.74,0.2446153846153848,856.4084047675541,,
0.32018,989.48,0.24538461538461556,857.8959566923827,,
0.32107,991.16,0.24615384615384633,859.3828739554558,,
0.32193,993.17,0.2469230769230771,860.8691568225456,,
0.32281,994.65,0.24769230769230788,862.3548055593158,,
0.32372,996.43,0.24846153846153865,863.8398204313255,,
0.32457,998.87,0.24923076923076942,865.3242017040251,,
0.32543,1000.6,0.25000000000000017,866.8079496427614,,
0.32627,1002.6,0.2507692307692309,868.2910645127691,,
0.32713,1004.1,0.25153846153846166,869.773546579179,,
0.328,1005.4,0.2523076923076924,871.2553961070178,,
0.32884,1008.2,0.25307692307692314,872.7366133611976,,
0.32972,1010.1,0.2538461538461539,874.2171986065333,,
0.33062,1012.1,0.25461538461538463,875.6971521077223,,
0.33153,1013.6,0.2553846153846154,877.1764741293645,,
0.33246,1015.5,0.2561538461538461,878.6551649359549,,
0.3334,1017.8,0.25692307692307687,880.1332247918789,,
0.3343,1019.6,0.2576923076923076,881.6106539614028,,
0.33517,1021.8,0.25846153846153835,883.0874527087005,,
0.33604,1023.5,0.2592307692307691,884.5636212978375,,
0.33692,1025.2,0.25999999999999984,886.0391599927684,,
0.33782,1026.9,0.2607692307692306,887.5140690573572,,
0.33869,1028.9,0.26153846153846133,888.98834875534,,
0.33955,1031.4,0.2623076923076921,890.4619993503512,,
0.34043,1033.0,0.2630769230769228,891.93502110593,,
0.34131,1034.5,0.26384615384615356,893.4074142855019,,
0.3422,1036.4,0.2646153846153843,894.8791791523819,,
0.34305,1038.2,0.26538461538461505,896.3503159697893,,
0.34391,1040.4,0.2661538461538458,897.8208250008347,,
0.34476,1042.2,0.26692307692307654,899.2907065085137,,
0.34563,1043.7,0.2676923076923073,900.7599607557266,,
0.34649,1045.8,0.26846153846153803,902.2285880052548,,
0.34731,1047.9,0.2692307692307688,903.696588519793,,
0.34815,1049.7,0.2699999999999995,905.1639625619134,,
0.349,1051.6,0.27076923076923026,906.6307103940871,,
0.34983,1052.8,0.271538461538461,908.0968322786863,,
0.35069,1054.7,0.27230769230769175,909.5623284779676,,
0.35158,1057.5,0.2730769230769225,911.027199254089,,
0.35249,1059.0,0.27384615384615324,912.4914448690892,,
0.35339,1061.2,0.274615384615384,913.9550655849247,,
0.35433,1062.8,0.27538461538461473,915.418061663426,,
0.35524,1064.3,0.2761538461538455,916.8804333663218,,
0.35613,1066.7,0.2769230769230762,918.3421809552509,,
0.35699,1068.4,0.27769230769230696,919.8033046917207,,
0.35785,1070.4,0.2784615384615377,921.263804837155,,
0.35871,1072.0,0.27923076923076845,922.7236816528662,,
0.35959,1073.7,0.2799999999999992,924.1829354000516,,
0.36047,1075.6,0.28076923076922994,925.6415663398177,,
0.36136,1077.9,0.2815384615384607,927.0995747331493,,
0.36223,1079.8,0.2823076923076914,928.5569608409486,,
0.36309,1081.7,0.28307692307692217,930.0137249239915,,
0.36397,1083.2,0.2838461538461529,931.4698672429488,,
0.36482,1084.7,0.28461538461538366,932.9253880584051,,
0.36568,1087.3,0.2853846153846144,934.3802876308283,,
0.36654,1089.0,0.28615384615384515,935.8345662205761,,
0.36736,1091.0,0.2869230769230759,937.2882240879069,,
0.3682,1092.4,0.28769230769230664,938.7412614929748,,
0.36907,1094.2,0.2884615384615374,940.1936786958303,,
0.36991,1096.3,0.2892307692307681,941.6454759564194,,
0.37076,1097.9,0.28999999999999887,943.0966535345701,,
0.37158,1100.0,0.2907692307692296,944.5472116900199,,
0.37243,1102.0,0.29153846153846036,945.9971506823974,,
0.37329,1103.9,0.2923076923076911,947.4464707712327,,
0.37419,1105.2,0.29307692307692185,948.8951722159378,,
0.37507,1107.7,0.2938461538461526,950.343255275829,,
0.37594,1109.3,0.29461538461538334,951.790720210115,,
0.3768,1111.1,0.2953846153846141,953.237567277905,,
0.37767,1112.5,0.2961538461538448,954.683796738199,,
0.37852,1114.1,0.29692307692307557,956.1294088498801,,
0.37937,1116.4,0.2976923076923063,957.574403871759,,
0.38023,1118.4,0.29846153846153706,959.0187820625115,,
0.38107,1120.2,0.2992307692307678,960.4625436807221,,
0.38191,1121.7,0.29999999999999855,961.9056889848679,,
0.38279,1123.5,0.3007692307692293,963.3482182333261,,
0.38365,1125.3,0.30153846153846003,964.7901316843612,,
0.38447,1127.2,0.3023076923076908,966.2314295961435,,
0.3853,1129.1,0.3030769230769215,967.6721122267302,,
0.38612,1130.7,0.30384615384615227,969.1121798340839,,
0.38698,1132.1,0.304615384615383,970.5516326760501,,
0.38781,1134.0,0.30538461538461376,971.9904710103842,,
0.38862,1135.9,0.3061538461538445,973.4286950947243,,
0.38943,1138.1,0.30692307692307524,974.8663051866098,,
0.39024,1139.8,0.307692307692306,976.3033015434894,,
0.39106,1141.0,0.30846153846153673,977.7396844226827,,
0.39187,1142.8,0.3092307692307675,979.1754540814266,,
0.39268,1144.6,0.3099999999999982,980.6106107768376,,
0.39348,1146.9,0.31076923076922897,982.0451547659417,,
0.39431,1148.5,0.3115384615384597,983.4790863056578,,
0.39519,1149.7,0.31230769230769045,984.9124056527963,,
0.39608,1151.6,0.3130769230769212,986.3451130640688,,
0.39694,1154.1,0.31384615384615194,987.7772087960749,,
0.39777,1155.7,0.3146153846153827,989.2086931053235,,
0.39863,1157.7,0.31538461538461343,990.6395662482128,,
0.39947,1158.7,0.3161538461538442,992.0698284810408,,
0.40032,1160.4,0.3169230769230749,993.4994800599897,,
0.40113,1162.8,0.31769230769230566,994.9285212411512,,
0.40198,1164.3,0.3184615384615364,996.3569522805193,,
0.4028,1166.4,0.31923076923076715,997.7847734339572,,
0.40365,1167.7,0.3199999999999979,999.2119849572565,,
0.40452,1169.1,0.32076923076922864,1000.6385871060883,,
0.40533,1171.5,0.3215384615384594,1002.0645801360198,,
0.40615,1173.2,0.32230769230769013,1003.4899643025249,,
0.40697,1175.2,0.3230769230769209,1004.9147398609651,,
0.40777,1176.6,0.3238461538461516,1006.3389070666035,,
0.40859,1178.0,0.32461538461538236,1007.7624661745962,,
0.40941,1179.9,0.3253846153846131,1009.1854174399954,,
0.41019,1181.4,0.32615384615384385,1010.6077611177648,,
0.41098,1183.5,0.3269230769230746,1012.0294974627426,,
0.4118,1185.0,0.32769230769230534,1013.4506267296723,,
0.41262,1186.4,0.3284615384615361,1014.8711491732093,,
0.41343,1188.1,0.32923076923076683,1016.291065047883,,
0.41423,1189.8,0.3299999999999976,1017.7103746081337,,
0.41503,1192.1,0.3307692307692283,1019.1290781082992,,
0.41585,1193.3,0.33153846153845906,1020.5471758026094,,
0.41669,1194.8,0.3323076923076898,1021.9646679451973,,
0.41754,1196.6,0.33307692307692055,1023.3815547900783,,
0.41835,1198.4,0.3338461538461513,1024.797836591184,,
0.41916,1200.5,0.33461538461538204,1026.213513602334,,
0.41997,1201.9,0.3353846153846128,1027.6285860772414,,
0.42079,1203.2,0.3361538461538435,1029.0430542695292,,
0.42162,1204.9,0.33692307692307427,1030.4569184327104,,
0.42244,1206.9,0.337692307692305,1031.87017882019,,
0.42327,1208.8,0.33846153846153576,1033.282835685279,,
0.42409,1210.5,0.3392307692307665,1034.6948892811827,,
0.42491,1211.5,0.33999999999999725,1036.1063398610033,,
0.42572,1213.2,0.340769230769228,1037.5171876777456,,
0.4265,1214.9,0.34153846153845874,1038.927432984307,,
0.42728,1216.7,0.3423076923076895,1040.3370760334826,,
0.42807,1218.3,0.3430769230769202,1041.7461170779607,,
0.42886,1219.5,0.34384615384615097,1043.1545563703405,,
0.42966,1221.1,0.3446153846153817,1044.562394163116,,
0.43046,1222.9,0.34538461538461246,1045.9696307086638,,
0.43126,1224.9,0.3461538461538432,1047.3762662592812,,
0.43205,1226.1,0.34692307692307395,1048.7823010671416,,
0.43283,1227.3,0.3476923076923047,1050.187735384333,,
0.43364,1228.8,0.34846153846153544,1051.5925694628286,,
0.43444,1230.6,0.3492307692307662,1052.9968035545123,,
0.43525,1232.4,0.3499999999999969,1054.4004379111582,,
0.43607,1234.4,0.35076923076922767,1055.8034727844417,,
0.4369,1235.1,0.3515384615384584,1057.2059084259276,,
0.43774,1236.7,0.35230769230768916,1058.6077450870966,,
0.43855,1238.8,0.3530769230769199,1060.0089830193097,,
0.43937,1240.1,0.35384615384615065,1061.409622473839,,
0.44015,1241.6,0.3546153846153814,1062.8096637018414,,
0.44095,1242.7,0.35538461538461213,1064.2091069543944,,
0.44176,1243.5,0.3561538461538429,1065.6079524824472,,
0.44256,1245.9,0.3569230769230736,1067.0062005368593,,
0.44336,1247.2,0.35769230769230437,1068.4038513684031,,
0.44415,1248.8,0.3584615384615351,1069.8009052277264,,
0.44495,1249.8,0.35923076923076586,1071.1973623653796,,
0.44575,1250.6,0.3599999999999966,1072.593223031834,,
0.44652,1252.6,0.36076923076922734,1073.988487477428,,
0.44732,1253.6,0.3615384615384581,1075.3831559524194,,
0.44809,1255.0,0.36230769230768883,1076.7772287069622,,
0.44888,1255.5,0.3630769230769196,1078.1707059911023,,
0.44966,1256.2,0.3638461538461503,1079.5635880547848,,
,,0.36461538461538107,1080.9558751478617,,
,,0.3653846153846118,1082.3475675200848,,
,,0.36615384615384255,1083.7386654210845,,
,,0.3669230769230733,1085.1291691004046,,
,,0.36769230769230404,1086.5190788075047,,
,,0.3684615384615348,1087.9083947917118,,
,,0.36923076923076553,1089.2971173022743,,
,,0.3699999999999963,1090.6852465883292,,
,,0.370769230769227,1092.0727828989131,,
,,0.37153846153845776,1093.4597264829697,,
,,0.3723076923076885,1094.8460775893282,,
,,0.37307692307691925,1096.2318364667342,,
,,0.37384615384615,1097.6170033638239,,
,,0.37461538461538074,1099.0015785291218,,
,,0.3753846153846115,1100.38556221107,,
,,0.37615384615384223,1101.7689546580104,,
,,0.376923076923073,1103.1517561181595,,
,,0.3776923076923037,1104.53396683966,,
,,0.37846153846153446,1105.9155870705456,,
,,0.3792307692307652,1107.2966170587438,,
,,0.37999999999999595,1108.6770570520891,,
,,0.3807692307692267,1110.0569072983124,,
,,0.38153846153845744,1111.4361680450415,,
,,0.3823076923076882,1112.8148395398098,,
,,0.38307692307691893,1114.1929220300483,,
,,0.3838461538461497,1115.5704157630876,,
,,0.3846153846153804,1116.9473209861526,,
,,0.38538461538461116,1118.3236379463765,,
,,0.3861538461538419,1119.699366890792,,
,,0.38692307692307265,1121.074508066326,,
,,0.3876923076923034,1122.4490617197955,,
,,0.38846153846153414,1123.8230280979533,,
,,0.3892307692307649,1125.1964074474154,,
,,0.38999999999999563,1126.5692000147098,,
,,0.39076923076922637,1127.9414060462739,,
,,0.3915384615384571,1129.3130257884297,,
,,0.39230769230768786,1130.6840594874088,,
,,0.3930769230769186,1132.0545073893459,,
,,0.39384615384614935,1133.424369740271,,
,,0.3946153846153801,1134.7936467861089,,
,,0.39538461538461084,1136.1623387726927,,
,,0.3961538461538416,1137.5304459457552,,
,,0.3969230769230723,1138.897968550933,,
,,0.39769230769230307,1140.2649068337541,,
,,0.3984615384615338,1141.6312610396492,,
,,0.39923076923076456,1142.997031413954,,
,,0.3999999999999953,1144.3622182019033,,
,,0.40076923076922605,1145.7268216486277,,
,,0.4015384615384568,1147.090841999166,,
,,0.40230769230768754,1148.4542794984523,,
,,0.4030769230769183,1149.817134391325,,
,,0.403846153846149,1151.1794069225173,,
,,0.40461538461537977,1152.5410973366672,,
,,0.4053846153846105,1153.9022058783219,,
,,0.40615384615384126,1155.262732791914,,
,,0.406923076923072,1156.6226783217805,,
,,0.40769230769230275,1157.9820427121724,,
,,0.4084615384615335,1159.340826207227,,
,,0.40923076923076424,1160.6990290509857,,
,,0.409999999999995,1162.056651487399,,
,,0.4107692307692257,1163.4136937603034,,
,,0.41153846153845647,1164.7701561134545,,
,,0.4123076923076872,1166.1260387904938,,
,,0.41307692307691796,1167.481342034976,,
,,0.4138461538461487,1168.8360660903477,,
,,0.41461538461537945,1170.1902111999593,,
,,0.4153846153846102,1171.5437776070614,,
,,0.41615384615384093,1172.8967655548192,,
,,0.4169230769230717,1174.2491752862747,,
,,0.4176923076923024,1175.6010070443926,,
,,0.41846153846153317,1176.9522610720294,,
,,0.4192307692307639,1178.3029376119462,,
,,0.41999999999999466,1179.6530369068041,,
,,0.4207692307692254,1181.0025591991644,,
,,0.42153846153845614,1182.3515047314888,,
,,0.4223076923076869,1183.6998737461493,,
,,0.42307692307691763,1185.0476664854127,,
,,0.4238461538461484,1186.3948831914422,,
,,0.4246153846153791,1187.7415241063186,,
,,0.42538461538460987,1189.0875894720114,,
,,0.4261538461538406,1190.4330795303936,,
,,0.42692307692307135,1191.7779945232392,,
,,0.4276923076923021,1193.1223346922316,,
,,0.42846153846153284,1194.4661002789505,,
,,0.4292307692307636,1195.809291524876,,
,,0.42999999999999433,1197.1519086713934,,
,,0.4307692307692251,1198.4939519597935,,
,,0.4315384615384558,1199.8354216312584,,
,,0.43230769230768656,1201.1763179268842,,
,,0.4330769230769173,1202.5166410876543,,
,,0.43384615384614805,1203.8563913544754,,
,,0.4346153846153788,1205.1955689681422,,
,,0.43538461538460954,1206.534174169354,,
,,0.4361538461538403,1207.8722071987063,,
,,0.43692307692307103,1209.209668296704,,
,,0.4376923076923018,1210.5465577037585,,
,,0.4384615384615325,1211.8828756601824,,
,,0.43923076923076326,1213.2186224061784,,
,,0.439999999999994,1214.5537981818652,,
,,0.44076923076922475,1215.8884032272526,,
,,0.4415384615384555,1217.2224377822654,,
,,0.44230769230768624,1218.555902086725,,
,,0.443076923076917,1219.8887963803584,,
,,0.44384615384614773,1221.221120902784,,
,,0.4446153846153785,1222.552875893535,,
,,0.4453846153846092,1223.8840615920462,,
,,0.44615384615383996,1225.214678237654,,
,,0.4469230769230707,1226.54472606959,,
,,0.44769230769230145,1227.8742053269973,,
,,0.4484615384615322,1229.2031162489145,,
,,0.44923076923076294,1230.5314590742962,,
,,0.4499999999999937,1231.8592340419932,,
,,0.4507692307692244,1233.1864413907444,,
,,0.45153846153845517,1234.5130813592211,,
,,0.4523076923076859,1235.8391541859737,,
,,0.45307692307691666,1237.1646601094583,,
,,0.4538461538461474,1238.489599368055,,
,,0.45461538461537815,1239.8139722000144,,
,,0.4553846153846089,1241.137778843519,,
,,0.45615384615383964,1242.4610195366402,,
,,0.4569230769230704,1243.78369451735,,
,,0.4576923076923011,1245.1058040235412,,
,,0.45846153846153187,1246.4273482929843,,
,,0.4592307692307626,1247.7483275633795,,
,,0.45999999999999336,1249.0687420723052,,
,,0.4607692307692241,1250.3885920572645,,
,,0.46153846153845485,1251.707877755653,,
,,0.4623076923076856,1253.0265994047725,,
,,0.46307692307691634,1254.344757241831,,
,,0.4638461538461471,1255.6623515039341,,
,,0.4646153846153778,1256.979382428093,,
,,0.46538461538460857,1258.2958502512251,,
,,0.4661538461538393,1259.6117552101555,,
,,0.46692307692307006,1260.9270975415955,,
,,0.4676923076923008,1262.2418774821824,,
,,0.46846153846153155,1263.5560952684416,,
,,0.4692307692307623,1264.8697511368132,,
,,0.46999999999999303,1266.1828453236355,,
,,0.4707692307692238,1267.4953780651488,,
,,0.4715384615384545,1268.8073495974945,,
,,0.47230769230768527,1270.1187601567344,,
,,0.473076923076916,1271.4296099788155,,
,,0.47384615384614676,1272.739899299608,,
,,0.4746153846153775,1274.0496283548616,,
,,0.47538461538460824,1275.3587973802423,,
,,0.476153846153839,1276.6674066113314,,
,,0.47692307692306973,1277.9754562836038,,
,,0.4776923076923005,1279.2829466324363,,
,,0.4784615384615312,1280.5898778931075,,
,,0.47923076923076197,1281.8962503008165,,
,,0.4799999999999927,1283.202064090652,,
,,0.48076923076922345,1284.507319497608,,
,,0.4815384615384542,1285.8120167565867,,
,,0.48230769230768494,1287.1161561023957,,
,,0.4830769230769157,1288.4197377697512,,
,,0.48384615384614643,1289.7227619932567,,
,,0.4846153846153772,1291.0252290074413,,
,,0.4853846153846079,1292.327139046728,,
,,0.48615384615383866,1293.6284923454455,,
,,0.4869230769230694,1294.929289137822,,
,,0.48769230769230015,1296.2295296580048,,
,,0.4884615384615309,1297.5292141400312,,
,,0.48923076923076164,1298.8283428178543,,
,,0.4899999999999924,1300.1269159253209,,
,,0.49076923076922313,1301.424933696193,,
,,0.4915384615384539,1302.7223963641327,,
,,0.4923076923076846,1304.0193041627117,,
,,0.49307692307691536,1305.315657325392,,
,,0.4938461538461461,1306.6114560855601,,
,,0.49461538461537685,1307.9067006764926,,
,,0.4953846153846076,1309.2013913313817,,
,,0.49615384615383834,1310.4955282833184,,
,,0.4969230769230691,1311.7891117653053,,
,,0.49769230769229983,1313.0821420102384,,
,,0.4984615384615306,1314.374619250935,,
,,0.4992307692307613,1315.6665437200973,,
,,0.49999999999999206,1316.9579156503526,,
,,0.5007692307692229,1318.248735274229,,
,,0.5015384615384536,1319.5390028241459,,
,,0.5023076923076844,1320.8287185324389,,
,,0.5030769230769151,1322.1178826313562,,
,,0.5038461538461458,1323.406495353044,,
,,0.5046153846153766,1324.694556929539,,
,,0.5053846153846073,1325.9820675928306,,
,,0.5061538461538381,1327.2690275747432,,
,,0.5069230769230688,1328.5554371070718,,
,,0.5076923076922996,1329.8412964214747,,
,,0.5084615384615303,1331.1266057495438,,
,,0.509230769230761,1332.4113653227635,,
,,0.5099999999999918,1333.6955753725215,,
,,0.5107692307692225,1334.9792361301081,,
,,0.5115384615384533,1336.2623478267374,,
,,0.512307692307684,1337.5449106935043,,
,,0.5130769230769148,1338.8269249614395,,
,,0.5138461538461455,1340.1083908614455,,
,,0.5146153846153763,1341.3893086243766,,
,,0.515384615384607,1342.6696784809426,,
,,0.5161538461538377,1343.9495006617867,,
,,0.5169230769230685,1345.228775397451,,
,,0.5176923076922992,1346.507502918396,,
,,0.51846153846153,1347.785683454981,,
,,0.5192307692307607,1349.0633172374542,,
,,0.5199999999999915,1350.3404044959896,,
,,0.5207692307692222,1351.616945460671,,
,,0.521538461538453,1352.8929403614623,,
,,0.5223076923076837,1354.16838942828,,
,,0.5230769230769144,1355.4432928909057,,
,,0.5238461538461452,1356.717650979036,,
,,0.5246153846153759,1357.991463922267,,
,,0.5253846153846067,1359.2647319501398,,
,,0.5261538461538374,1360.537455292059,,
,,0.5269230769230682,1361.8096341773548,,
,,0.5276923076922989,1363.0812688352662,,
,,0.5284615384615297,1364.3523594949213,,
,,0.5292307692307604,1365.6229063853762,,
,,0.5299999999999911,1366.8929097355851,,
,,0.5307692307692219,1368.1623697744024,,
,,0.5315384615384526,1369.4312867305994,,
,,0.5323076923076834,1370.6996608328475,,
,,0.5330769230769141,1371.9674923097346,,
,,0.5338461538461449,1373.23478138974,,
,,0.5346153846153756,1374.5015283012594,,
,,0.5353846153846064,1375.767733272599,,
,,0.5361538461538371,1377.0333965319624,,
,,0.5369230769230678,1378.298518307472,,
,,0.5376923076922986,1379.5630988271405,,
,,0.5384615384615293,1380.827138318898,,
,,0.5392307692307601,1382.0906370106027,,
,,0.5399999999999908,1383.3535951299743,,
,,0.5407692307692216,1384.61601290466,,
,,0.5415384615384523,1385.8778905622341,,
,,0.542307692307683,1387.139228330162,,
,,0.5430769230769138,1388.4000264358087,,
,,0.5438461538461445,1389.6602851064565,,
,,0.5446153846153753,1390.9200045692958,,
,,0.545384615384606,1392.179185051419,,
,,0.5461538461538368,1393.4378267798256,,
,,0.5469230769230675,1394.695929981443,,
,,0.5476923076922983,1395.953494883053,,
,,0.548461538461529,1397.210521711409,,
,,0.5492307692307598,1398.4670106931474,,
,,0.5499999999999905,1399.7229620547869,,
,,0.5507692307692212,1400.978376022789,,
,,0.551538461538452,1402.2332528234988,,
,,0.5523076923076827,1403.4875926831887,,
,,0.5530769230769135,1404.7413958280313,,
,,0.5538461538461442,1405.9946624840982,,
,,0.554615384615375,1407.2473928773709,,
,,0.5553846153846057,1408.499587233758,,
,,0.5561538461538365,1409.7512457790597,,
,,0.5569230769230672,1411.0023687389667,,
,,0.5576923076922979,1412.2529563391238,,
,,0.5584615384615287,1413.5030088050326,,
,,0.5592307692307594,1414.7525263621467,,
,,0.5599999999999902,1416.001509235795,,
,,0.5607692307692209,1417.2499576512234,,
,,0.5615384615384517,1418.4978718336151,,
,,0.5623076923076824,1419.7452520080178,,
,,0.5630769230769131,1420.9920983994057,,
,,0.5638461538461439,1422.2384112326718,,
,,0.5646153846153746,1423.4841907325917,,
,,0.5653846153846054,1424.7294371238772,,
,,0.5661538461538361,1425.974150631142,,
,,0.5669230769230669,1427.21833147888,,
,,0.5676923076922976,1428.4619798915317,,
,,0.5684615384615284,1429.70509609343,,
,,0.5692307692307591,1430.947680308826,,
,,0.5699999999999898,1432.189732761844,,
,,0.5707692307692206,1433.4312536765437,,
,,0.5715384615384513,1434.6722432769243,,
,,0.5723076923076821,1435.9127017868398,,
,,0.5730769230769128,1437.1526294300706,,
,,0.5738461538461436,1438.3920264303165,,
,,0.5746153846153743,1439.6308930111877,,
,,0.5753846153846051,1440.8692293961774,,
,,0.5761538461538358,1442.1070358087138,,
,,0.5769230769230665,1443.3443124721273,,
,,0.5776923076922973,1444.5810596096494,,
,,0.578461538461528,1445.8172774444304,,
,,0.5792307692307588,1447.05296619953,,
,,0.5799999999999895,1448.2881260979,,
,,0.5807692307692203,1449.5227573624202,,
,,0.581538461538451,1450.7568602158715,,
,,0.5823076923076818,1451.990434880954,,
,,0.5830769230769125,1453.2234815802506,,
,,0.5838461538461432,1454.456000536281,,
,,0.584615384615374,1455.687991971457,,
,,0.5853846153846047,1456.91945610811,,
,,0.5861538461538355,1458.1503931684815,,
,,0.5869230769230662,1459.380803374714,,
,,0.587692307692297,1460.6106869488697,,
,,0.5884615384615277,1461.8400441128924,,
,,0.5892307692307585,1463.0688750886827,,
,,0.5899999999999892,1464.2971800979967,,
,,0.5907692307692199,1465.5249593625551,,
,,0.5915384615384507,1466.7522131039352,,
,,0.5923076923076814,1467.978941543678,,
,,0.5930769230769122,1469.2051449031724,,
,,0.5938461538461429,1470.4308234037796,,
,,0.5946153846153737,1471.65597726671,,
,,0.5953846153846044,1472.8806067131454,,
,,0.5961538461538352,1474.104711964117,,
,,0.5969230769230659,1475.328293240628,,
,,0.5976923076922966,1476.5513507635305,,
,,0.5984615384615274,1477.773884753612,,
,,0.5992307692307581,1478.9958954315903,,
,,0.5999999999999889,1480.217383018066,,
,,0.6007692307692196,1481.438347733551,,
,,0.6015384615384504,1482.6587897984853,,
,,0.6023076923076811,1483.8787094332104,,
,,0.6030769230769119,1485.0981068579606,,
,,0.6038461538461426,1486.3169822929085,,
,,0.6046153846153733,1487.5353359581095,,
,,0.6053846153846041,1488.7531680735567,,
,,0.6061538461538348,1489.9704788591278,,
,,0.6069230769230656,1491.1872685346375,,
,,0.6076923076922963,1492.4035373197764,,
,,0.6084615384615271,1493.6192854341803,,
,,0.6092307692307578,1494.834513097361,,
,,0.6099999999999886,1496.0492205287765,,
,,0.6107692307692193,1497.2634079477696,,
,,0.61153846153845,1498.4770755736115,,
,,0.6123076923076808,1499.6902236254575,,
,,0.6130769230769115,1500.9028523224001,,
,,0.6138461538461423,1502.1149618834352,,
,,0.614615384615373,1503.3265525274505,,
,,0.6153846153846038,1504.5376244732718,,
,,0.6161538461538345,1505.7481779396187,,
,,0.6169230769230653,1506.9582131451305,,
,,0.617692307692296,1508.1677303083486,,
,,0.6184615384615267,1509.3767296477258,,
,,0.6192307692307575,1510.5852113816343,,
,,0.6199999999999882,1511.7931757283584,,
,,0.620769230769219,1513.0006229060662,,
,,0.6215384615384497,1514.207553132882,,
,,0.6223076923076805,1515.4139666267968,,
,,0.6230769230769112,1516.619863605739,,
,,0.623846153846142,1517.8252442875307,,
,,0.6246153846153727,1519.0301088899323,,
,,0.6253846153846034,1520.2344576305707,,
,,0.6261538461538342,1521.4382907270474,,
,,0.6269230769230649,1522.6416083968124,,
,,0.6276923076922957,1523.8444108572621,,
,,0.6284615384615264,1525.046698325687,,
,,0.6292307692307572,1526.2484710193075,,
,,0.6299999999999879,1527.4497291552275,,
,,0.6307692307692186,1528.65047295049,,
,,0.6315384615384494,1529.8507026220404,,
,,0.6323076923076801,1531.0504183867272,,
,,0.6330769230769109,1532.249620461328,,
,,0.6338461538461416,1533.4483090624867,,
,,0.6346153846153724,1534.6464844068307,,
,,0.6353846153846031,1535.8441467108373,,
,,0.6361538461538339,1537.0412961909215,,
,,0.6369230769230646,1538.237933063419,,
,,0.6376923076922953,1539.434057544542,,
,,0.6384615384615261,1540.6296698504484,,
,,0.6392307692307568,1541.8247701971927,,
,,0.6399999999999876,1543.0193588007485,,
,,0.6407692307692183,1544.213435876992,,
,,0.6415384615384491,1545.4070016417213,,
,,0.6423076923076798,1546.6000563106372,,
,,0.6430769230769106,1547.7926000993514,,
,,0.6438461538461413,1548.9846332233874,,
,,0.644615384615372,1550.1761558981912,,
,,0.6453846153846028,1551.3671683391292,,
,,0.6461538461538335,1552.5576707614346,,
,,0.6469230769230643,1553.7476633803055,,
,,0.647692307692295,1554.9371464108274,,
,,0.6484615384615258,1556.1261200679862,,
,,0.6492307692307565,1557.3145845666993,,
,,0.6499999999999873,1558.5025401217968,,
,,0.650769230769218,1559.6899869480108,,
,,0.6515384615384487,1560.8769252599861,,
,,0.6523076923076795,1562.0633552722697,,
,,0.6530769230769102,1563.2492771993582,,
,,0.653846153846141,1564.4346912556236,,
,,0.6546153846153717,1565.6195976553602,,
,,0.6553846153846025,1566.8039966127997,,
,,0.6561538461538332,1567.9878883420247,,
,,0.656923076923064,1569.1712730570916,,
,,0.6576923076922947,1570.3541509719344,,
,,0.6584615384615254,1571.5365223004258,,
,,0.6592307692307562,1572.7183872563248,,
,,0.6599999999999869,1573.8997460533196,,
,,0.6607692307692177,1575.0805989050111,,
,,0.6615384615384484,1576.2609460249048,,
,,0.6623076923076792,1577.4407876264177,,
,,0.6630769230769099,1578.6201239228783,,
,,0.6638461538461407,1579.7989551275473,,
,,0.6646153846153714,1580.9772814535704,,
,,0.6653846153846021,1582.1551031140332,,
,,0.6661538461538329,1583.3324203218958,,
,,0.6669230769230636,1584.5092332900977,,
,,0.6676923076922944,1585.6855422313974,,
,,0.6684615384615251,1586.8613473585672,,
,,0.6692307692307559,1588.0366488842012,,
,,0.6699999999999866,1589.2114470208785,,
,,0.6707692307692174,1590.385741981046,,
,,0.6715384615384481,1591.5595339770812,,
,,0.6723076923076788,1592.7328232212737,,
,,0.6730769230769096,1593.9056099258178,,
,,0.6738461538461403,1595.0778943028388,,
,,0.6746153846153711,1596.2496765643655,,
,,0.6753846153846018,1597.4209569223215,,
,,0.6761538461538326,1598.5917355885692,,
,,0.6769230769230633,1599.762012774895,,
,,0.677692307692294,1600.9317886929525,,
,,0.6784615384615248,1602.1010635543337,,
,,0.6792307692307555,1603.2698375705634,,
,,0.6799999999999863,1604.4381109530523,,
,,0.680769230769217,1605.6058839131317,,
,,0.6815384615384478,1606.7731566620662,,
,,0.6823076923076785,1607.939929410986,,
,,0.6830769230769093,1609.1062023709896,,
,,0.68384615384614,1610.2719757530626,,
,,0.6846153846153707,1611.437249768093,,
,,0.6853846153846015,1612.6020246269095,,
,,0.6861538461538322,1613.7663005402278,,
,,0.686923076923063,1614.9300777186932,,
,,0.6876923076922937,1616.0933563728747,,
,,0.6884615384615245,1617.2561367132278,,
,,0.6892307692307552,1618.418418950137,,
,,0.689999999999986,1619.580203293903,,
,,0.6907692307692167,1620.741489954737,,
,,0.6915384615384474,1621.9022791427665,,
,,0.6923076923076782,1623.0625710680215,,
,,0.6930769230769089,1624.2223659404538,,
,,0.6938461538461397,1625.381663969948,,
,,0.6946153846153704,1626.5404653662756,,
,,0.6953846153846012,1627.6987703391108,,
,,0.6961538461538319,1628.8565790980863,,
,,0.6969230769230627,1630.013891852733,,
,,0.6976923076922934,1631.1707088124563,,
,,0.6984615384615241,1632.32703018663,,
,,0.6992307692307549,1633.4828561845159,,
,,0.6999999999999856,1634.6381870152875,,
,,0.7007692307692164,1635.7930228880418,,
,,0.7015384615384471,1636.9473640117985,,
,,0.7023076923076779,1638.1012105954546,,
,,0.7030769230769086,1639.2545628478751,,
,,0.7038461538461394,1640.407420977794,,
,,0.7046153846153701,1641.5597851938853,,
,,0.7053846153846008,1642.7116557047098,,
,,0.7061538461538316,1643.8630327187961,,
,,0.7069230769230623,1645.013916444525,,
,,0.7076923076922931,1646.1643070902342,,
,,0.7084615384615238,1647.3142048641491,,
,,0.7092307692307546,1648.4636099744357,,
,,0.7099999999999853,1649.6125226291658,,
,,0.710769230769216,1650.7609430363061,,
,,0.7115384615384468,1651.9088714037641,,
,,0.7123076923076775,1653.0563079393442,,
,,0.7130769230769083,1654.203252850782,,
,,0.713846153846139,1655.3497063457187,,
,,0.7146153846153698,1656.4956686316912,,
,,0.7153846153846005,1657.6411399161946,,
,,0.7161538461538313,1658.7861204066132,,
,,0.716923076923062,1659.9306103102347,,
,,0.7176923076922928,1661.0746098342697,,
,,0.7184615384615235,1662.218119185871,,
,,0.7192307692307542,1663.361138572079,,
,,0.719999999999985,1664.5036681998558,,
,,0.7207692307692157,1665.6457082760694,,
,,0.7215384615384465,1666.787259007511,,
,,0.7223076923076772,1667.9283206008852,,
,,0.723076923076908,1669.0688932628304,,
,,0.7238461538461387,1670.208977199863,,
,,0.7246153846153695,1671.3485726184585,,
,,0.7253846153846002,1672.487679724961,,
,,0.7261538461538309,1673.6262987256746,,
,,0.7269230769230617,1674.7644298267821,,
,,0.7276923076922924,1675.9020732343974,,
,,0.7284615384615232,1677.0392291545597,,
,,0.7292307692307539,1678.1758977932127,,
,,0.7299999999999847,1679.312079356214,,
,,0.7307692307692154,1680.447774049347,,
,,0.7315384615384461,1681.582982078288,,
,,0.7323076923076769,1682.7177036486485,,
,,0.7330769230769076,1683.851938965963,,
,,0.7338461538461384,1684.9856882356537,,
,,0.7346153846153691,1686.1189516630834,,
,,0.7353846153845999,1687.2517294535219,,
,,0.7361538461538306,1688.3840218121522,,
,,0.7369230769230614,1689.515828944084,,
,,0.7376923076922921,1690.6471510543286,,
,,0.7384615384615228,1691.7779883478056,,
,,0.7392307692307536,1692.9083410293933,,
,,0.7399999999999843,1694.0382093038324,,
,,0.7407692307692151,1695.1675933758027,,
,,0.7415384615384458,1696.2964934499284,,
,,0.7423076923076766,1697.4249097306931,,
,,0.7430769230769073,1698.5528424225404,,
,,0.7438461538461381,1699.6802917298114,,
,,0.7446153846153688,1700.8072578567705,,
,,0.7453846153845995,1701.9337410075887,,
,,0.7461538461538303,1703.0597413863686,,
,,0.746923076923061,1704.1852591971117,,
,,0.7476923076922918,1705.3102946437505,,
,,0.7484615384615225,1706.4348479301254,,
,,0.7492307692307533,1707.558919259981,,
,,0.749999999999984,1708.682508837014,,
,,0.7507692307692148,1709.8056168648186,,
,,0.7515384615384455,1710.928243546877,,
,,0.7523076923076762,1712.0503890866391,,
,,0.753076923076907,1713.1720536874266,,
,,0.7538461538461377,1714.2932375525113,,
,,0.7546153846153685,1715.4139408850538,,
,,0.7553846153845992,1716.5341638881566,,
,,0.75615384615383,1717.65390676482,,
,,0.7569230769230607,1718.7731697179772,,
,,0.7576923076922915,1719.8919529504494,,
,,0.7584615384615222,1721.010256665009,,
,,0.7592307692307529,1722.1280810643168,,
,,0.7599999999999837,1723.2454263509865,,
,,0.7607692307692144,1724.3622927275094,,
,,0.7615384615384452,1725.4786803963107,,
,,0.7623076923076759,1726.594589559721,,
,,0.7630769230769067,1727.7100204200246,,
,,0.7638461538461374,1728.824973179375,,
,,0.7646153846153682,1729.9394480398678,,
,,0.7653846153845989,1731.0534452035236,,
,,0.7661538461538296,1732.1669648722514,,
,,0.7669230769230604,1733.2800072479026,,
,,0.7676923076922911,1734.3925725322454,,
,,0.7684615384615219,1735.5046609269434,,
,,0.7692307692307526,1736.6162726335956,,
,,0.7699999999999834,1737.727407853716,,
,,0.7707692307692141,1738.8380667887247,,
,,0.7715384615384449,1739.948249639986,,
,,0.7723076923076756,1741.0579566087515,,
,,0.7730769230769063,1742.1671878961988,,
,,0.7738461538461371,1743.2759437034283,,
,,0.7746153846153678,1744.3842242314483,,
,,0.7753846153845986,1745.4920296812106,,
,,0.7761538461538293,1746.5993602535555,,
,,0.7769230769230601,1747.7062161492472,,
,,0.7776923076922908,1748.8125975689666,,
,,0.7784615384615216,1749.918504713328,,
,,0.7792307692307523,1751.0239377828534,,
,,0.779999999999983,1752.1288969779614,,
,,0.7807692307692138,1753.233382499033,,
,,0.7815384615384445,1754.3373945463195,,
,,0.7823076923076753,1755.4409333200238,,
,,0.783076923076906,1756.5439990202565,,
,,0.7838461538461368,1757.6465918470346,,
,,0.7846153846153675,1758.7487120003193,,
,,0.7853846153845983,1759.8503596799417,,
,,0.786153846153829,1760.9515350857114,,
,,0.7869230769230597,1762.0522384173119,,
,,0.7876923076922905,1763.1524698743667,,
,,0.7884615384615212,1764.2522296563905,,
,,0.789230769230752,1765.351517962867,,
,,0.7899999999999827,1766.4503349931351,,
,,0.7907692307692135,1767.5486809465099,,
,,0.7915384615384442,1768.646556022171,,
,,0.792307692307675,1769.7439604192584,,
,,0.7930769230769057,1770.840894336811,,
,,0.7938461538461364,1771.9373579737837,,
,,0.7946153846153672,1773.0333515290558,,
,,0.7953846153845979,1774.1288752014336,,
,,0.7961538461538287,1775.2239291896306,,
,,0.7969230769230594,1776.3185136922666,,
,,0.7976923076922902,1777.4126289079052,,
,,0.7984615384615209,1778.506275035018,,
,,0.7992307692307516,1779.5994522719839,,
,,0.7999999999999824,1780.6921608171156,,
,,0.8007692307692131,1781.7844008686343,,
,,0.8015384615384439,1782.876172624686,,
,,0.8023076923076746,1783.9674762833336,,
,,0.8030769230769054,1785.058312042557,,
,,0.8038461538461361,1786.1486801002607,,
,,0.8046153846153669,1787.2385806542486,,
,,0.8053846153845976,1788.3280139022772,,
,,0.8061538461538283,1789.4169800419832,,
,,0.8069230769230591,1790.505479270957,,
,,0.8076923076922898,1791.5935117866775,,
,,0.8084615384615206,1792.6810777865587,,
,,0.8092307692307513,1793.7681774679222,,
,,0.8099999999999821,1794.8548110280528,,
,,0.8107692307692128,1795.940978664088,,
,,0.8115384615384436,1797.0266805731083,,
,,0.8123076923076743,1798.1119169521385,,
,,0.813076923076905,1799.196687998104,,
,,0.8138461538461358,1800.2809939078363,,
,,0.8146153846153665,1801.3648348781112,,
,,0.8153846153845973,1802.4482111055945,,
,,0.816153846153828,1803.5311227869051,,
,,0.8169230769230588,1804.6135701185515,,
,,0.8176923076922895,1805.6955532969778,,
,,0.8184615384615203,1806.777072518535,,
,,0.819230769230751,1807.8581279795105,,
,,0.8199999999999819,1808.938719876091,,
,,0.8207692307692127,1810.0188484044045,,
,,0.8215384615384436,1811.0985137604814,,
,,0.8223076923076744,1812.1777161402765,,
,,0.8230769230769053,1813.2564557396538,,
,,0.8238461538461361,1814.3347327544193,,
,,0.824615384615367,1815.4125473802903,,
,,0.8253846153845978,1816.489899812881,,
,,0.8261538461538287,1817.5667902477594,,
,,0.8269230769230596,1818.6432188803935,,
,,0.8276923076922904,1819.7191859061677,,
,,0.8284615384615213,1820.7946915204016,,
,,0.8292307692307521,1821.8697359183243,,
,,0.829999999999983,1822.9443192950816,,
,,0.8307692307692138,1824.0184418457447,,
,,0.8315384615384447,1825.0921037653038,,
,,0.8323076923076755,1826.165305248656,,
,,0.8330769230769064,1827.2380464906532,,
,,0.8338461538461373,1828.310327686037,,
,,0.8346153846153681,1829.3821490294579,,
,,0.835384615384599,1830.4535107155186,,
,,0.8361538461538298,1831.5244129387324,,
,,0.8369230769230607,1832.5948558935197,,
,,0.8376923076922915,1833.664839774228,,
,,0.8384615384615224,1834.7343647751218,,
,,0.8392307692307532,1835.8034310904015,,
,,0.8399999999999841,1836.8720389141683,,
,,0.840769230769215,1837.9401884404479,,
,,0.8415384615384458,1839.0078798631941,,
,,0.8423076923076767,1840.075113376279,,
,,0.8430769230769075,1841.141889173481,,
,,0.8438461538461384,1842.2082074485072,,
,,0.8446153846153692,1843.274068395,,
,,0.8453846153846001,1844.3394722065018,,
,,0.8461538461538309,1845.4044190764812,,
,,0.8469230769230618,1846.468909198325,,
,,0.8476923076922926,1847.532942765347,,
,,0.8484615384615235,1848.596519970787,,
,,0.8492307692307544,1849.6596410077955,,
,,0.8499999999999852,1850.7223060694303,,
,,0.8507692307692161,1851.7845153486758,,
,,0.8515384615384469,1852.8462690384804,,
,,0.8523076923076778,1853.9075673316481,,
,,0.8530769230769086,1854.9684104209439,,
,,0.8538461538461395,1856.0287984990252,,
,,0.8546153846153703,1857.0887317585118,,
,,0.8553846153846012,1858.1482103919068,,
,,0.856153846153832,1859.2072345916567,,
,,0.8569230769230629,1860.2658045501094,,
,,0.8576923076922938,1861.323920459539,,
,,0.8584615384615246,1862.381582512156,,
,,0.8592307692307555,1863.4387909000714,,
,,0.8599999999999863,1864.4955458153227,,
,,0.8607692307692172,1865.5518474498842,,
,,0.861538461538448,1866.6076959956306,,
,,0.8623076923076789,1867.6630916443635,,
,,0.8630769230769098,1868.718034587812,,
,,0.8638461538461406,1869.7725250176136,,
,,0.8646153846153715,1870.826563125352,,
,,0.8653846153846023,1871.8801491024847,,
,,0.8661538461538332,1872.9332831404483,,
,,0.866923076923064,1873.9859654305558,,
,,0.8676923076922949,1875.0381961640637,,
,,0.8684615384615257,1876.089975532138,,
,,0.8692307692307566,1877.1413037258908,,
,,0.8699999999999875,1878.192180936326,,
,,0.8707692307692183,1879.242607354355,,
,,0.8715384615384492,1880.2925831708724,,
,,0.87230769230768,1881.3421085766377,,
,,0.8730769230769109,1882.3911837623548,,
,,0.8738461538461417,1883.439808918637,,
,,0.8746153846153726,1884.4879842360447,,
,,0.8753846153846034,1885.5357099050195,,
,,0.8761538461538343,1886.5829861159664,,
,,0.8769230769230651,1887.629813059184,,
,,0.877692307692296,1888.6761909248964,,
,,0.8784615384615269,1889.7221199032654,,
,,0.8792307692307577,1890.7676001843543,,
,,0.8799999999999886,1891.8126319581518,,
,,0.8807692307692194,1892.8572154145852,,
,,0.8815384615384503,1893.901350743483,,
,,0.8823076923076811,1894.9450381346085,,
,,0.883076923076912,1895.9882777776459,,
,,0.8838461538461428,1897.0310698621881,,
,,0.8846153846153737,1898.0734145777649,,
,,0.8853846153846046,1899.115312113816,,
,,0.8861538461538354,1900.1567626597086,,
,,0.8869230769230663,1901.197766404758,,
,,0.8876923076922971,1902.2383235381333,,
,,0.888461538461528,1903.278434249012,,
,,0.8892307692307588,1904.318098726412,,
,,0.8899999999999897,1905.357317159331,,
,,0.8907692307692205,1906.3960897366594,,
,,0.8915384615384514,1907.4344166472347,,
,,0.8923076923076823,1908.472298079785,,
,,0.8930769230769131,1909.5097342229951,,
,,0.893846153846144,1910.5467252654407,,
,,0.8946153846153748,1911.583271395625,,
,,0.8953846153846057,1912.61937280198,,
,,0.8961538461538365,1913.6550296728844,,
,,0.8969230769230674,1914.6902421966015,,
,,0.8976923076922982,1915.7250105613282,,
,,0.8984615384615291,1916.7593349551923,,
,,0.89923076923076,1917.7932155662306,,
,,0.8999999999999908,1918.826652582418,,
,,0.9007692307692217,1919.859646191639,,
,,0.9015384615384525,1920.8921965817162,,
,,0.9023076923076834,1921.9243039403739,,
,,0.9030769230769142,1922.9559684552717,,
,,0.9038461538461451,1923.9871903139906,,
,,0.9046153846153759,1925.0179697040303,,
,,0.9053846153846068,1926.0483068128185,,
,,0.9061538461538376,1927.078201827703,,
,,0.9069230769230685,1928.1076549359507,,
,,0.9076923076922994,1929.1366663247668,,
,,0.9084615384615302,1930.1652361812571,,
,,0.9092307692307611,1931.1933646924558,,
,,0.9099999999999919,1932.221052045335,,
,,0.9107692307692228,1933.2482984267779,,
,,0.9115384615384536,1934.2751040235771,,
,,0.9123076923076845,1935.3014690224818,,
,,0.9130769230769153,1936.3273936101427,,
,,0.9138461538461462,1937.352877973121,,
,,0.9146153846153771,1938.3779222979426,,
,,0.9153846153846079,1939.4025267710083,,
,,0.9161538461538388,1940.4266915786648,,
,,0.9169230769230696,1941.4504169071793,,
,,0.9176923076923005,1942.4737029427465,,
,,0.9184615384615313,1943.4965498714928,,
,,0.9192307692307622,1944.5189578794534,,
,,0.919999999999993,1945.5409271525832,,
,,0.9207692307692239,1946.5624578767568,,
,,0.9215384615384548,1947.5835502377954,,
,,0.9223076923076856,1948.604204421434,,
,,0.9230769230769165,1949.6244206133142,,
,,0.9238461538461473,1950.6441989990185,,
,,0.9246153846153782,1951.6635397640387,,
,,0.925384615384609,1952.6824430938238,,
,,0.9261538461538399,1953.700909173707,,
,,0.9269230769230707,1954.718938188958,,
,,0.9276923076923016,1955.7365303247768,,
,,0.9284615384615325,1956.7536857662735,,
,,0.9292307692307633,1957.770404698506,,
,,0.9299999999999942,1958.7866873064256,,
,,0.930769230769225,1959.802533774929,,
,,0.9315384615384559,1960.8179442888259,,
,,0.9323076923076867,1961.8329190328543,,
,,0.9330769230769176,1962.8474581916817,,
,,0.9338461538461484,1963.8615619498773,,
,,0.9346153846153793,1964.875230491958,,
,,0.9353846153846102,1965.88846400237,,
,,0.936153846153841,1966.9012626654342,,
,,0.9369230769230719,1967.9136266654727,,
,,0.9376923076923027,1968.9255561866482,,
,,0.9384615384615336,1969.937051413123,,
,,0.9392307692307644,1970.9481125289367,,
,,0.9399999999999953,1971.9587397180474,,
,,0.9407692307692261,1972.9689331643783,,
,,0.941538461538457,1973.97869305173,,
,,0.9423076923076878,1974.9880195638762,,
,,0.9430769230769187,1975.9969128844762,,
,,0.9438461538461496,1977.0053731971166,,
,,0.9446153846153804,1978.0134006853334,,
,,0.9453846153846113,1979.0209955325647,,
,,0.9461538461538421,1980.028157922187,,
,,0.946923076923073,1981.034888037479,,
,,0.9476923076923038,1982.041186061658,,
,,0.9484615384615347,1983.0470521778796,,
,,0.9492307692307655,1984.0524865691948,,
,,0.9499999999999964,1985.0574894185997,,
,,0.9507692307692273,1986.0620609090224,,
,,0.9515384615384581,1987.066201223283,,
,,0.952307692307689,1988.0699105441502,,
,,0.9530769230769198,1989.073189054303,,
,,0.9538461538461507,1990.076036936388,,
,,0.9546153846153815,1991.0784543728905,,
,,0.9553846153846124,1992.0804415463156,,
,,0.9561538461538432,1993.0819986390447,,
,,0.9569230769230741,1994.0831258333712,,
,,0.957692307692305,1995.0838233115348,,
,,0.9584615384615358,1996.084091255688,,
,,0.9592307692307667,1997.08392984795,,
,,0.9599999999999975,1998.0833392702966,,
,,0.9607692307692284,1999.0823197046702,,
,,0.9615384615384592,2000.0808713329427,,
,,0.9623076923076901,2001.078994336881,,
,,0.9630769230769209,2002.0766888982068,,
,,0.9638461538461518,2003.0739551985564,,
,,0.9646153846153827,2004.0707934194766,,
,,0.9653846153846135,2005.0672037424627,,
,,0.9661538461538444,2006.063186348912,,
,,0.9669230769230752,2007.0587414201714,,
,,0.9676923076923061,2008.0538691374995,,
,,0.9684615384615369,2009.0485696820665,,
,,0.9692307692307678,2010.04284323499,,
,,0.9699999999999986,2011.0366899773114,,
,,0.9707692307692295,2012.0301100899817,,
,,0.9715384615384604,2013.023103753892,,
,,0.9723076923076912,2014.0156711498455,,
,,0.9730769230769221,2015.0078124585857,,
,,0.9738461538461529,2015.9995278607664,,
,,0.9746153846153838,2016.9908175369824,,
,,0.9753846153846146,2017.9816816677308,,
,,0.9761538461538455,2018.9721204334564,,
,,0.9769230769230763,2019.962134014528,,
,,0.9776923076923072,2020.9517225912243,,
,,0.978461538461538,2021.940886343754,,
,,0.9792307692307689,2022.9296254522674,,
,,0.9799999999999998,2023.917940096826,,
,,0.9807692307692306,2024.905830457422,,
,,0.9815384615384615,2025.8932967139597,,
,,0.9823076923076923,2026.880339046292,,
,,0.9830769230769232,2027.8669576341663,,
,,0.983846153846154,2028.8531526573051,,
,,0.9846153846153849,2029.8389242953092,,
,,0.9853846153846157,2030.8242727277077,,
,,0.9861538461538466,2031.8091981339976,,
,,0.9869230769230775,2032.793700693552,,
,,0.9876923076923083,2033.7777805857106,,
,,0.9884615384615392,2034.7614379897086,,
,,0.98923076923077,2035.7446730847291,,
,,0.9900000000000009,2036.7274860498492,,
,,0.9907692307692317,2037.709877064114,,
,,0.9915384615384626,2038.6918463064626,,
,,0.9923076923076934,2039.673393955783,,
,,0.9930769230769243,2040.6545201908766,,
,,0.9938461538461552,2041.6352251904566,,
,,0.994615384615386,2042.615509133194,,
,,0.9953846153846169,2043.5953721976553,,
,,0.9961538461538477,2044.5748145623643,,
,,0.9969230769230786,2045.5538364057497,,
,,0.9976923076923094,2046.5324379061606,,
,,0.9984615384615403,2047.5106192418862,,
,,0.9992307692307711,2048.488380591139,,
,,1.000000000000002,2049.46572213207,,
