259.74,117.32,181.05,9,1
259.74,117.32,181.05,9,1
259.79,117.45,181.16,9,1
259.79,117.45,181.16,9,1
259.79,117.45,181.16,9,1
259.79,117.45,181.16,9,1
259.79,117.45,181.16,9,1
259.74,117.32,181.05,9,1
259.66,117.24,181.0,9,1
259.75,117.33,181.09,9,1
259.74,117.32,181.05,9,1
259.79,117.45,181.16,9,1
259.79,117.45,181.16,9,1
259.79,117.45,181.16,9,1
259.79,117.45,181.16,9,1
259.79,117.45,181.16,9,1
259.79,117.45,181.16,9,1
259.66,117.24,181.0,9,1
259.66,117.24,181.0,9,1
259.66,117.24,181.0,9,1
259.68,117.26,180.97,9,1
259.66,117.24,181.0,9,1
259.79,117.45,181.16,9,1
251.03,129.83,225.92,10,2
251.03,129.83,225.92,10,2
251.23,130.05,226.14,10,2
251.03,129.83,225.92,10,2
251.23,130.05,226.14,10,2
251.36,130.16,226.31,10,2
251.36,130.16,226.31,10,2
251.37,130.13,226.32,10,2
251.36,130.16,226.31,10,2
251.36,130.16,226.31,10,2
251.37,130.13,226.32,10,2
251.36,130.16,226.31,10,2
251.36,130.16,226.31,10,2
251.23,130.05,226.14,10,2
251.45,130.17,226.35,10,2
251.16,130.02,226.03,10,2
251.16,130.02,226.03,10,2
251.45,130.17,226.35,10,2
251.03,129.83,225.92,10,2
251.03,129.83,225.92,10,2
251.36,130.16,226.31,10,2
251.36,130.16,226.31,10,2
251.36,130.16,226.31,10,2
251.03,129.83,225.92,10,2
251.03,129.83,225.92,10,2
310.97,170.78,236.96,11,3
310.97,170.78,236.96,11,3
310.97,170.78,236.96,11,3
310.97,170.78,236.96,11,3
310.97,170.78,236.96,11,3
310.97,170.78,236.96,11,3
310.97,170.78,236.96,11,3
310.97,170.78,236.96,11,3
310.97,170.78,236.96,11,3
310.97,170.78,236.96,11,3
310.97,170.78,236.96,11,3
310.97,170.85,236.93,11,3
310.97,170.85,236.93,11,3
310.97,170.85,236.93,11,3
310.97,170.78,236.96,11,3
310.97,170.78,236.96,11,3
301.02,90.273,244.07,12,4
301.02,90.226,244.04,12,4
301.0,90.185,244.2,12,4
301.02,90.226,244.04,12,4
301.0,90.185,244.2,12,4
301.0,90.185,244.2,12,4
300.99,90.19,244.3,12,4
301.0,90.185,244.2,12,4
301.02,90.226,244.04,12,4
301.09,90.208,244.11,12,4
301.02,90.226,244.04,12,4
301.09,90.208,244.11,12,4
301.02,90.273,244.07,12,4
301.0,90.185,244.2,12,4
301.02,90.273,244.07,12,4
300.99,90.19,244.3,12,4
300.99,90.19,244.3,12,4
301.0,90.185,244.2,12,4
301.0,90.185,244.2,12,4
301.09,90.208,244.11,12,4
301.09,90.208,244.11,12,4
301.09,90.208,244.11,12,4
301.09,90.208,244.11,12,4
300.98,90.273,243.94,12,4
300.98,90.273,243.94,12,4
301.0,90.242,243.98,12,4
300.99,90.19,244.3,12,4
300.99,90.19,244.3,12,4
335.72,126.18,202.76,13,5
335.72,126.18,202.76,13,5
335.72,126.18,202.76,13,5
335.72,126.18,202.76,13,5
335.72,126.18,202.76,13,5
335.72,126.18,202.76,13,5
335.72,126.18,202.76,13,5
335.56,126.2,202.61,13,5
335.72,126.18,202.76,13,5
335.72,126.18,202.76,13,5
335.72,126.18,202.76,13,5
335.56,126.2,202.61,13,5
335.72,126.18,202.76,13,5
335.72,126.18,202.76,13,5
335.56,126.2,202.61,13,5
335.56,126.2,202.61,13,5
335.56,126.2,202.61,13,5
335.72,126.18,202.76,13,5
335.72,126.18,202.76,13,5
335.72,126.18,202.76,13,5
259.38,122.21,193.41,14,6
259.35,122.28,193.36,14,6
259.38,122.21,193.41,14,6
259.35,122.28,193.36,14,6
259.35,122.28,193.36,14,6
259.35,122.24,193.26,14,6
259.35,122.28,193.36,14,6
259.35,122.24,193.26,14,6
259.38,122.21,193.41,14,6
259.38,122.21,193.41,14,6
259.38,122.21,193.41,14,6
259.35,122.24,193.26,14,6
259.35,122.24,193.26,14,6
259.41,122.25,193.41,14,6
259.37,122.23,193.31,14,6
259.29,122.18,193.22,14,6
259.29,122.18,193.22,14,6
259.35,122.28,193.36,14,6
259.35,122.28,193.36,14,6
259.35,122.24,193.26,14,6
321.36,147.59,203.34,16,7
321.37,147.62,203.36,16,7
321.36,147.59,203.34,16,7
321.37,147.62,203.36,16,7
321.37,147.62,203.36,16,7
321.37,147.62,203.36,16,7
321.36,147.59,203.34,16,7
321.36,147.59,203.34,16,7
321.54,147.85,203.59,16,7
321.28,147.87,203.6,16,7
321.28,147.87,203.6,16,7
321.54,147.85,203.59,16,7
321.73,147.82,203.84,16,7
321.36,147.59,203.34,16,7
321.37,147.62,203.36,16,7
321.37,147.62,203.36,16,7
320.72,147.98,202.83,19,8
320.72,147.98,202.83,19,8
320.9,147.9,202.94,19,8
320.9,147.9,202.94,19,8
320.9,147.9,202.94,19,8
320.9,147.9,202.94,19,8
320.9,147.9,202.94,19,8
320.9,147.9,202.94,19,8
320.69,147.93,202.79,19,8
320.69,147.93,202.79,19,8
320.72,147.98,202.83,19,8
320.84,147.97,202.97,19,8
320.84,147.97,202.97,19,8
320.84,147.97,202.97,19,8
320.9,147.9,202.94,19,8
320.9,147.9,202.94,19,8
320.69,147.93,202.79,19,8
320.69,147.93,202.79,19,8
320.69,147.93,202.79,19,8
320.69,147.93,202.79,19,8
320.65,148.07,202.75,19,8
320.65,148.07,202.75,19,8
320.9,147.9,202.94,19,8
320.9,147.9,202.94,19,8
259.54,95.633,164.82,20,9
259.56,95.65,164.78,20,9
259.44,95.605,164.89,20,9
259.44,95.605,164.89,20,9
259.44,95.605,164.89,20,9
259.44,95.605,164.89,20,9
259.46,95.603,164.94,20,9
259.46,95.603,164.94,20,9
259.56,95.65,164.78,20,9
259.54,95.633,164.82,20,9
259.45,95.551,164.9,20,9
259.58,95.593,164.73,20,9
259.45,95.551,164.9,20,9
259.46,95.603,164.94,20,9
259.56,95.65,164.78,20,9
259.44,95.605,164.89,20,9
259.56,95.65,164.78,20,9
259.56,95.65,164.78,20,9
259.46,95.603,164.94,20,9
259.46,95.603,164.94,20,9
259.58,95.593,164.73,20,9
259.56,95.65,164.78,20,9
259.46,95.603,164.94,20,9
259.47,117.09,180.22,21,10
259.48,117.12,180.17,21,10
259.47,117.09,180.22,21,10
259.48,117.12,180.17,21,10
259.48,117.12,180.17,21,10
259.5,117.11,180.17,21,10
259.48,117.12,180.17,21,10
259.5,117.11,180.17,21,10
259.47,117.09,180.22,21,10
259.47,117.09,180.22,21,10
259.47,117.09,180.22,21,10
259.48,117.12,180.17,21,10
259.5,117.11,180.17,21,10
259.5,117.11,180.17,21,10
259.5,117.11,180.17,21,10
259.5,117.11,180.17,21,10
259.5,117.11,180.17,21,10
259.48,117.12,180.17,21,10
259.47,117.09,180.22,21,10
259.48,117.12,180.17,21,10
259.5,95.361,164.17,22,11
259.5,95.361,164.17,22,11
259.44,95.369,164.29,22,11
259.44,95.369,164.29,22,11
259.45,95.362,164.23,22,11
259.44,95.369,164.29,22,11
259.44,95.369,164.29,22,11
259.45,95.362,164.23,22,11
259.45,95.363,164.32,22,11
259.44,95.324,164.56,22,11
259.44,95.324,164.56,22,11
259.43,95.366,164.67,22,11
259.43,95.366,164.67,22,11
259.43,95.366,164.67,22,11
259.44,95.324,164.56,22,11
259.45,95.363,164.32,22,11
259.48,95.35,164.24,22,11
259.45,95.362,164.23,22,11
259.45,95.349,164.18,22,11
259.45,95.362,164.23,22,11
259.5,95.361,164.17,22,11
259.42,95.304,164.55,22,11
259.43,95.366,164.67,22,11
259.42,95.304,164.55,22,11
259.45,95.362,164.23,22,11
259.48,95.35,164.24,22,11
259.45,95.363,164.32,22,11
259.45,95.363,164.32,22,11
259.44,95.324,164.56,22,11
259.43,95.366,164.67,22,11
259.43,95.366,164.67,22,11
259.5,95.361,164.17,22,11
259.48,95.35,164.24,22,11
259.48,95.35,164.24,22,11
259.43,95.366,164.67,22,11
259.43,95.366,164.67,22,11
259.43,95.366,164.67,22,11
292.18,96.526,201.88,24,12
292.21,96.514,202.03,24,12
292.24,96.452,202.26,24,12
292.24,96.381,202.29,24,12
292.23,96.408,202.31,24,12
292.23,96.408,202.31,24,12
292.23,96.408,202.31,24,12
292.25,96.319,202.32,24,12
292.24,96.305,202.3,24,12
292.23,96.485,202.09,24,12
292.22,96.415,202.16,24,12
292.22,96.415,202.16,24,12
292.21,96.414,202.17,24,12
292.24,96.305,202.3,24,12
292.22,96.372,202.22,24,12
292.21,96.409,202.18,24,12
292.2,96.424,202.16,24,12
292.27,96.463,202.06,24,12
292.26,96.413,202.24,24,12
292.23,96.408,202.31,24,12
292.23,96.408,202.31,24,12
292.23,96.408,202.31,24,12
292.23,96.408,202.31,24,12
292.23,96.408,202.31,24,12
292.25,96.319,202.32,24,12
292.24,96.305,202.3,24,12
292.22,96.372,202.22,24,12
292.22,96.372,202.22,24,12
292.2,96.424,202.16,24,12
292.21,96.409,202.18,24,12
292.21,96.409,202.18,24,12
292.23,96.408,202.31,24,12
241.72,148.11,180.84,25,13
241.72,148.11,180.84,25,13
241.72,148.11,180.84,25,13
241.72,148.11,180.84,25,13
241.76,148.08,180.88,25,13
241.76,148.08,180.88,25,13
241.7,148.16,180.84,25,13
241.7,148.16,180.84,25,13
241.76,148.08,180.88,25,13
241.76,148.08,180.88,25,13
241.76,148.08,180.88,25,13
241.72,148.11,180.84,25,13
241.67,148.06,180.8,25,13
241.71,147.99,180.87,25,13
241.71,147.99,180.87,25,13
241.72,148.11,180.84,25,13
323.86,99.639,241.77,27,14
323.86,99.639,241.77,27,14
323.82,99.617,241.82,27,14
323.82,99.617,241.82,27,14
323.96,99.739,241.93,27,14
323.96,99.674,241.93,27,14
323.86,99.619,241.9,27,14
323.96,99.674,241.93,27,14
323.96,99.674,241.93,27,14
323.86,99.619,241.9,27,14
323.96,99.674,241.93,27,14
324.04,99.649,242.0,27,14
324.04,99.649,242.0,27,14
324.04,99.649,242.0,27,14
324.1,99.65,242.09,27,14
324.1,99.65,242.09,27,14
323.83,99.332,241.89,27,14
323.83,99.332,241.89,27,14
323.92,99.037,242.06,27,14
323.92,99.037,242.06,27,14
323.94,99.719,241.88,27,14
323.92,99.626,241.85,27,14
323.97,99.764,241.92,27,14
323.97,99.764,241.92,27,14
323.92,99.626,241.85,27,14
323.86,99.558,241.84,27,14
324.1,99.65,242.09,27,14
324.1,99.65,242.09,27,14
324.1,99.65,242.09,27,14
323.83,99.332,241.89,27,14
323.83,99.332,241.89,27,14
323.86,99.639,241.77,27,14
323.82,99.617,241.82,27,14
323.86,99.639,241.77,27,14
323.86,99.619,241.9,27,14
323.86,99.619,241.9,27,14
323.86,99.619,241.9,27,14
323.86,99.639,241.77,27,14
316.04,126.85,248.96,29,15
316.04,126.85,248.96,29,15
316.05,126.82,248.98,29,15
316.05,126.82,248.98,29,15
316.09,126.71,249.08,29,15
316.09,126.71,249.08,29,15
316.02,126.73,249.04,29,15
316.12,126.52,249.18,29,15
316.12,126.52,249.18,29,15
316.07,126.49,249.17,29,15
316.07,126.49,249.17,29,15
316.12,126.52,249.18,29,15
316.07,126.49,249.17,29,15
316.13,126.47,249.3,29,15
316.15,126.5,249.25,29,15
316.13,126.47,249.3,29,15
316.16,126.46,249.34,29,15
316.17,126.48,249.35,29,15
316.16,126.46,249.34,29,15
316.11,126.43,249.28,29,15
316.09,126.46,249.27,29,15
316.07,126.45,249.2,29,15
316.09,126.46,249.27,29,15
316.07,126.45,249.2,29,15
316.17,126.48,249.35,29,15
316.19,126.53,249.22,29,15
316.17,126.55,249.18,29,15
316.17,126.55,249.18,29,15
316.09,126.66,249.08,29,15
316.07,126.43,249.16,29,15
316.07,126.43,249.16,29,15
316.09,126.46,249.24,29,15
316.09,126.46,249.24,29,15
315.91,126.51,248.96,29,15
315.91,126.51,248.96,29,15
315.94,126.4,249.06,29,15
315.94,126.4,249.06,29,15
316.04,126.85,248.96,29,15
316.03,126.84,248.97,29,15
316.03,126.8,248.99,29,15
316.04,126.85,248.96,29,15
316.06,126.75,249.02,29,15
316.06,126.75,249.02,29,15
316.09,126.66,249.08,29,15
316.17,126.55,249.18,29,15
316.17,126.55,249.18,29,15
316.19,126.53,249.22,29,15
316.19,126.53,249.22,29,15
316.11,126.43,249.28,29,15
316.16,126.46,249.34,29,15
316.17,126.48,249.35,29,15
316.17,126.48,249.35,29,15
316.17,126.48,249.35,29,15
321.64,147.89,203.43,31,16
321.64,147.89,203.43,31,16
321.36,147.74,203.26,31,16
321.36,147.74,203.26,31,16
321.52,147.63,203.43,31,16
321.52,147.63,203.43,31,16
321.52,147.63,203.43,31,16
321.52,147.63,203.43,31,16
321.56,147.6,203.51,31,16
321.56,147.6,203.51,31,16
321.3,147.51,203.27,31,16
321.56,147.6,203.51,31,16
321.64,147.89,203.43,31,16
321.64,147.89,203.43,31,16
321.37,147.58,203.25,31,16
321.64,147.89,203.43,31,16
321.37,147.58,203.25,31,16
321.31,147.54,203.25,31,16
321.3,147.51,203.27,31,16
321.64,147.89,203.43,31,16
321.64,147.89,203.43,31,16
321.2,147.75,203.17,31,16
321.2,147.75,203.17,31,16
321.52,147.63,203.43,31,16
321.56,147.6,203.51,31,16
321.56,147.6,203.51,31,16
321.64,147.89,203.43,31,16
321.64,147.89,203.43,31,16
321.3,147.51,203.27,31,16
321.3,147.51,203.27,31,16
320.5,122.13,271.71,33,17
320.54,122.13,271.76,33,17
320.73,122.17,272.02,33,17
320.72,122.18,272.0,33,17
320.72,122.18,272.0,33,17
320.8,122.17,272.11,33,17
320.8,122.17,272.11,33,17
320.54,122.13,271.76,33,17
320.49,122.14,271.69,33,17
320.73,122.17,272.02,33,17
320.82,122.15,272.15,33,17
320.82,122.15,272.15,33,17
320.54,122.13,271.76,33,17
320.72,122.18,272.0,33,17
320.8,122.17,272.11,33,17
320.8,122.17,272.11,33,17
320.8,122.17,272.11,33,17
317.17,122.69,205.55,34,18
317.21,122.67,205.59,34,18
317.17,122.69,205.55,34,18
317.21,122.67,205.59,34,18
317.21,122.67,205.59,34,18
317.21,122.67,205.59,34,18
317.21,122.67,205.59,34,18
317.17,122.69,205.55,34,18
317.17,122.69,205.55,34,18
317.41,122.94,205.83,34,18
317.17,122.69,205.55,34,18
317.21,122.67,205.59,34,18
317.21,122.67,205.59,34,18
317.21,122.67,205.59,34,18
317.21,122.67,205.59,34,18
317.21,122.67,205.59,34,18
317.43,122.85,205.82,34,18
317.41,122.94,205.83,34,18
317.21,122.67,205.59,34,18
254.81,149.25,210.64,35,19
254.81,149.25,210.64,35,19
255.5,149.16,211.2,35,19
254.81,149.25,210.64,35,19
255.5,149.16,211.2,35,19
255.71,149.21,211.4,35,19
255.77,149.05,211.68,35,19
255.71,149.21,211.4,35,19
255.82,149.11,211.55,35,19
255.91,149.05,211.78,35,19
255.82,149.11,211.55,35,19
255.84,149.02,211.58,35,19
255.81,148.8,212.02,35,19
255.84,149.02,211.58,35,19
255.81,148.8,212.03,35,19
255.81,148.8,212.03,35,19
255.84,149.02,211.58,35,19
255.81,148.8,212.03,35,19
255.81,148.8,212.03,35,19
255.81,148.8,212.03,35,19
255.84,149.02,211.58,35,19
255.84,149.02,211.58,35,19
255.84,149.02,211.58,35,19
255.69,149.17,211.46,35,19
255.7,149.13,211.44,35,19
255.69,149.17,211.46,35,19
255.7,149.13,211.44,35,19
255.69,149.17,211.46,35,19
255.67,149.26,211.33,35,19
255.62,149.27,211.31,35,19
255.54,149.21,211.19,35,19
255.5,149.25,211.17,35,19
255.7,149.21,211.47,35,19
255.7,149.21,211.47,35,19
255.81,148.8,212.03,35,19
255.86,148.79,212.06,35,19
255.81,148.8,212.03,35,19
255.86,148.79,212.06,35,19
255.83,148.79,211.99,35,19
256.03,148.75,212.11,35,19
255.95,148.7,211.9,35,19
255.95,148.7,211.9,35,19
256.05,148.57,212.02,35,19
255.99,148.48,211.98,35,19
256.58,148.66,212.6,35,19
255.99,148.48,211.98,35,19
256.58,148.66,212.6,35,19
254.81,149.25,210.64,35,19
255.7,149.21,211.47,35,19
255.7,149.21,211.47,35,19
255.7,149.21,211.47,35,19
255.7,149.21,211.47,35,19
255.7,149.21,211.47,35,19
255.5,149.25,211.17,35,19
255.66,149.25,211.4,35,19
255.66,149.25,211.4,35,19
255.13,149.07,210.84,35,19
254.9,149.02,210.6,35,19
254.8,149.21,210.61,35,19
254.78,149.09,210.49,35,19
254.78,149.09,210.49,35,19
254.81,149.25,210.64,35,19
255.44,148.55,211.42,35,19
254.81,149.25,210.64,35,19
255.44,148.55,211.42,35,19
255.51,148.47,211.51,35,19
255.51,148.47,211.51,35,19
255.6,148.42,211.61,35,19
254.8,149.21,210.61,35,19
255.86,148.79,212.06,35,19
256.58,148.66,212.6,35,19
256.58,148.66,212.6,35,19
255.99,148.48,211.98,35,19
255.99,148.48,211.98,35,19
255.99,148.48,211.98,35,19
254.8,149.21,210.61,35,19
254.8,149.21,210.61,35,19
342.8,115.2,255.64,36,20
342.89,115.27,255.63,36,20
342.8,115.2,255.64,36,20
342.89,115.27,255.63,36,20
342.89,115.27,255.63,36,20
342.89,115.27,255.63,36,20
342.89,115.27,255.63,36,20
342.8,115.21,255.7,36,20
342.8,115.21,255.7,36,20
342.8,115.2,255.64,36,20
342.89,115.27,255.63,36,20
342.89,115.27,255.63,36,20
342.89,115.27,255.63,36,20
342.89,115.27,255.63,36,20
342.92,115.28,255.63,36,20
342.85,115.24,255.63,36,20
342.92,115.28,255.63,36,20
342.92,115.28,255.63,36,20
342.92,115.28,255.63,36,20
299.31,78.238,231.1,37,21
299.38,78.219,231.1,37,21
299.25,78.249,231.17,37,21
299.38,78.219,231.1,37,21
299.25,78.249,231.17,37,21
299.25,78.249,231.17,37,21
299.25,78.249,231.17,37,21
299.25,78.249,231.17,37,21
299.25,78.249,231.17,37,21
299.25,78.249,231.17,37,21
299.25,78.249,231.17,37,21
299.31,78.132,231.2,37,21
299.29,78.189,231.21,37,21
299.29,78.189,231.21,37,21
299.32,78.174,231.22,37,21
299.32,78.174,231.22,37,21
299.31,78.132,231.2,37,21
299.31,78.238,231.1,37,21
299.27,78.228,231.16,37,21
299.27,78.228,231.16,37,21
299.38,78.219,231.1,37,21
299.38,78.219,231.1,37,21
299.38,78.219,231.1,37,21
299.38,78.219,231.1,37,21
299.38,78.219,231.1,37,21
299.25,78.249,231.17,37,21
299.31,78.132,231.2,37,21
299.31,78.132,231.2,37,21
299.25,78.249,231.17,37,21
299.25,78.249,231.17,37,21
293.76,76.352,251.84,38,22
293.76,76.352,251.84,38,22
293.88,76.296,252.03,38,22
293.88,76.296,252.03,38,22
293.78,76.235,252.02,38,22
293.88,76.296,252.03,38,22
293.88,76.296,252.03,38,22
293.93,76.312,252.07,38,22
293.93,76.312,252.07,38,22
294.03,76.359,252.08,38,22
294.0,76.342,252.02,38,22
294.0,76.319,252.04,38,22
294.0,76.342,252.02,38,22
294.0,76.319,252.04,38,22
293.91,76.393,251.95,38,22
293.78,76.235,252.02,38,22
293.78,76.235,252.02,38,22
293.78,76.235,252.02,38,22
293.93,76.312,252.07,38,22
293.73,76.311,251.8,38,22
293.73,76.311,251.8,38,22
293.76,76.352,251.84,38,22
293.76,76.352,251.84,38,22
293.85,76.449,251.79,38,22
293.95,76.331,251.94,38,22
293.95,76.331,251.94,38,22
294.0,76.319,252.04,38,22
294.03,76.359,252.08,38,22
294.0,76.319,252.04,38,22
294.0,76.319,252.04,38,22
293.93,76.312,252.07,38,22
293.93,76.312,252.07,38,22
294.03,76.359,252.08,38,22
319.32,131.8,259.36,40,23
319.18,131.82,259.36,40,23
319.21,131.77,259.39,40,23
319.14,131.79,259.4,40,23
319.21,131.77,259.39,40,23
319.14,131.79,259.4,40,23
319.2,131.83,259.56,40,23
319.21,131.84,259.6,40,23
319.21,131.84,259.6,40,23
319.23,131.83,259.69,40,23
319.32,131.84,259.81,40,23
319.14,131.79,259.4,40,23
319.23,131.83,259.69,40,23
319.14,131.79,259.4,40,23
319.11,131.84,259.43,40,23
319.18,131.82,259.36,40,23
319.21,131.87,259.69,40,23
319.21,131.87,259.69,40,23
319.21,131.87,259.69,40,23
319.32,131.84,259.81,40,23
319.28,131.89,259.39,40,23
319.28,131.89,259.39,40,23
319.2,131.88,259.67,40,23
319.2,131.88,259.67,40,23
319.3,131.87,259.78,40,23
319.32,131.84,259.81,40,23
319.3,131.87,259.78,40,23
319.2,131.83,259.56,40,23
319.15,131.9,259.41,40,23
319.15,131.9,259.41,40,23
319.15,131.9,259.41,40,23
319.32,131.84,259.81,40,23
319.32,131.84,259.81,40,23
319.21,131.87,259.69,40,23
319.21,131.87,259.69,40,23
319.21,131.87,259.69,40,23
319.21,131.87,259.69,40,23
319.06,131.64,259.15,40,23
319.06,131.64,259.15,40,23
319.07,131.69,259.2,40,23
306.77,85.463,217.42,41,24
306.77,85.463,217.42,41,24
306.73,85.451,217.57,41,24
306.74,85.428,217.53,41,24
306.72,85.349,217.68,41,24
306.86,85.434,217.61,41,24
306.74,85.298,217.66,41,24
306.72,85.349,217.68,41,24
306.86,85.434,217.61,41,24
306.74,85.298,217.66,41,24
306.7,85.284,217.78,41,24
306.82,85.298,217.79,41,24
306.7,85.284,217.78,41,24
306.7,85.284,217.78,41,24
306.82,85.298,217.79,41,24
306.7,85.284,217.78,41,24
306.7,85.284,217.78,41,24
306.76,85.262,217.65,41,24
306.76,85.262,217.65,41,24
306.88,85.253,217.47,41,24
306.88,85.253,217.47,41,24
306.86,85.434,217.61,41,24
306.9,85.38,217.52,41,24
306.86,85.434,217.61,41,24
306.9,85.38,217.52,41,24
306.74,85.428,217.53,41,24
306.84,85.407,217.41,41,24
306.89,85.404,217.41,41,24
306.9,85.462,217.43,41,24
306.88,85.417,217.46,41,24
306.9,85.462,217.43,41,24
306.88,85.417,217.46,41,24
306.87,85.432,217.43,41,24
306.88,85.417,217.46,41,24
306.87,85.432,217.43,41,24
306.9,85.462,217.43,41,24
306.86,85.544,217.41,41,24
306.86,85.544,217.41,41,24
306.86,85.544,217.41,41,24
306.86,85.544,217.41,41,24
306.78,85.253,217.71,41,24
306.78,85.253,217.71,41,24
306.76,85.195,217.72,41,24
306.76,85.195,217.72,41,24
306.7,85.284,217.78,41,24
306.77,85.479,217.47,41,24
306.77,85.479,217.47,41,24
306.77,85.367,217.66,41,24
306.77,85.367,217.66,41,24
306.77,85.436,217.39,41,24
306.82,85.426,217.34,41,24
306.82,85.426,217.34,41,24
306.9,85.46,217.32,41,24
306.91,85.509,217.38,41,24
306.85,85.544,217.36,41,24
306.82,85.298,217.79,41,24
306.82,85.298,217.79,41,24
306.82,85.298,217.79,41,24
306.88,85.253,217.47,41,24
306.88,85.253,217.47,41,24
306.87,85.432,217.43,41,24
306.87,85.432,217.43,41,24
306.87,85.432,217.43,41,24
306.86,85.544,217.41,41,24
306.86,85.544,217.41,41,24
306.86,85.544,217.41,41,24
306.86,85.544,217.41,41,24
306.87,85.432,217.43,41,24
306.73,85.502,217.41,41,24
306.73,85.502,217.41,41,24
306.85,85.544,217.36,41,24
306.85,85.544,217.36,41,24
306.7,85.284,217.78,41,24
306.82,85.298,217.79,41,24
277.12,111.74,224.14,42,25
277.12,111.74,224.14,42,25
277.12,111.74,224.14,42,25
277.12,111.74,224.14,42,25
277.32,111.61,224.36,42,25
277.32,111.61,224.36,42,25
277.29,111.64,224.29,42,25
277.32,111.61,224.36,42,25
277.32,111.58,224.42,42,25
277.22,111.6,224.35,42,25
277.22,111.6,224.35,42,25
277.32,111.58,224.42,42,25
277.32,111.61,224.36,42,25
277.29,111.64,224.29,42,25
277.12,111.74,224.14,42,25
277.12,111.74,224.14,42,25
277.29,111.64,224.29,42,25
277.29,111.64,224.29,42,25
277.12,111.74,224.14,42,25
277.12,111.74,224.14,42,25
301.44,123.93,216.61,44,26
301.44,123.91,216.61,44,26
301.44,123.93,216.61,44,26
301.5,123.91,216.68,44,26
301.5,123.91,216.68,44,26
301.5,123.91,216.68,44,26
301.5,123.91,216.68,44,26
301.44,123.91,216.61,44,26
301.44,123.97,216.55,44,26
301.44,123.93,216.61,44,26
301.37,123.94,216.55,44,26
301.44,123.97,216.55,44,26
301.53,123.91,216.64,44,26
301.53,123.91,216.64,44,26
301.44,123.91,216.61,44,26
301.5,123.91,216.68,44,26
301.5,123.91,216.68,44,26
301.37,123.94,216.55,44,26
301.5,123.91,216.68,44,26
301.5,123.91,216.68,44,26
259.58,95.119,164.22,46,27
259.6,95.09,164.26,46,27
259.6,95.09,164.26,46,27
259.55,95.091,164.26,46,27
259.6,95.09,164.26,46,27
259.6,95.09,164.26,46,27
259.55,95.091,164.26,46,27
259.51,95.083,164.3,46,27
259.51,95.083,164.3,46,27
259.6,95.09,164.26,46,27
259.55,95.091,164.26,46,27
259.52,95.117,164.34,46,27
259.58,95.119,164.22,46,27
259.58,95.119,164.22,46,27
259.52,95.117,164.34,46,27
259.58,95.119,164.22,46,27
259.6,95.09,164.26,46,27
259.6,95.09,164.26,46,27
259.6,95.09,164.26,46,27
259.51,95.083,164.3,46,27
259.51,95.083,164.3,46,27
259.6,95.09,164.26,46,27
259.6,95.09,164.26,46,27
259.6,95.09,164.26,46,27
259.58,95.119,164.22,46,27
259.51,95.083,164.3,46,27
247.23,103.97,171.68,48,28
247.2,103.85,171.78,48,28
247.23,103.97,171.68,48,28
247.2,103.85,171.78,48,28
247.23,103.97,171.68,48,28
247.2,103.85,171.78,48,28
243.07,98.235,171.12,48,28
243.07,98.235,171.12,48,28
247.2,103.85,171.78,48,28
247.2,103.77,171.93,48,28
247.2,103.85,171.78,48,28
247.2,103.77,171.93,48,28
247.23,103.97,171.68,48,28
247.23,103.97,171.68,48,28
247.23,103.97,171.68,48,28
247.2,103.77,171.93,48,28
247.2,103.77,171.93,48,28
243.07,98.235,171.12,48,28
243.07,98.235,171.12,48,28
247.24,104.0,171.65,48,28
247.26,103.93,171.74,48,28
247.26,103.93,171.74,48,28
247.25,103.85,171.86,48,28
247.23,103.97,171.68,48,28
243.07,98.235,171.12,48,28
243.07,98.235,171.12,48,28
288.88,74.957,218.33,50,29
288.91,74.992,218.34,50,29
288.88,74.957,218.33,50,29
288.91,74.992,218.34,50,29
288.91,74.992,218.34,50,29
288.88,75.022,218.49,50,29
288.88,75.022,218.49,50,29
288.9,75.098,218.48,50,29
288.92,75.066,218.41,50,29
288.92,75.066,218.41,50,29
288.91,74.992,218.34,50,29
288.88,74.957,218.33,50,29
288.88,74.957,218.33,50,29
288.87,75.016,218.52,50,29
288.88,75.022,218.49,50,29
288.87,75.016,218.52,50,29
288.88,75.022,218.49,50,29
288.9,75.098,218.48,50,29
288.9,75.098,218.48,50,29
288.92,75.066,218.41,50,29
288.92,75.066,218.41,50,29
288.9,74.93,218.09,50,29
288.89,74.915,218.11,50,29
288.89,74.915,218.11,50,29
288.92,75.066,218.41,50,29
285.41,109.48,235.52,51,30
285.43,109.48,235.49,51,30
285.41,109.43,235.58,51,30
285.51,109.5,235.71,51,30
285.62,109.46,235.77,51,30
285.68,109.45,235.89,51,30
285.75,109.44,236.08,51,30
285.54,109.49,235.54,51,30
285.57,109.47,235.54,51,30
285.57,109.47,235.54,51,30
285.62,109.47,235.55,51,30
285.68,109.45,235.89,51,30
285.71,109.45,235.93,51,30
285.74,109.44,236.05,51,30
285.73,109.42,236.0,51,30
285.74,109.44,236.05,51,30
285.74,109.44,236.05,51,30
285.73,109.42,236.0,51,30
285.74,109.44,236.05,51,30
285.84,109.55,236.21,51,30
285.72,109.43,235.98,51,30
285.72,109.43,235.98,51,30
285.67,109.47,235.71,51,30
285.67,109.47,235.71,51,30
285.63,109.48,235.56,51,30
285.64,109.48,235.56,51,30
285.45,109.46,235.57,51,30
285.41,109.43,235.58,51,30
285.84,109.55,236.21,51,30
285.84,109.55,236.21,51,30
285.83,109.49,236.13,51,30
285.41,109.43,235.58,51,30
285.72,109.43,235.98,51,30
285.72,109.43,235.98,51,30
285.72,109.43,235.98,51,30
285.64,109.48,235.56,51,30
285.64,109.48,235.56,51,30
285.72,109.43,235.98,51,30
285.84,109.55,236.21,51,30
285.84,109.55,236.21,51,30
285.74,109.44,236.05,51,30
285.73,109.42,236.0,51,30
245.9,125.96,237.03,52,31
245.9,125.96,237.03,52,31
246.12,126.01,237.14,52,31
246.12,126.01,237.14,52,31
251.52,131.07,234.4,52,31
246.12,126.01,237.14,52,31
246.12,126.01,237.14,52,31
251.52,131.07,234.4,52,31
251.62,131.11,234.41,52,31
251.62,131.11,234.41,52,31
251.67,131.19,234.34,52,31
251.45,130.88,234.57,52,31
246.04,125.94,237.15,52,31
246.04,125.94,237.15,52,31
245.94,125.91,237.09,52,31
251.62,131.16,234.35,52,31
251.68,131.18,234.35,52,31
251.68,131.18,234.35,52,31
245.92,125.95,237.11,52,31
245.92,125.95,237.11,52,31
245.9,125.96,237.03,52,31
245.88,126.04,236.99,52,31
245.94,125.91,237.09,52,31
246.04,125.94,237.15,52,31
251.45,130.88,234.57,52,31
251.45,130.88,234.57,52,31
245.94,125.91,237.09,52,31
251.67,131.19,234.34,52,31
251.67,131.19,234.34,52,31
251.62,131.11,234.41,52,31
251.45,130.88,234.57,52,31
320.99,95.596,266.63,53,32
320.95,95.588,266.63,53,32
321.0,95.544,266.62,53,32
320.96,95.522,266.66,53,32
321.0,95.544,266.62,53,32
320.96,95.522,266.66,53,32
320.99,95.375,266.77,53,32
320.99,95.375,266.77,53,32
320.99,95.375,266.77,53,32
320.98,95.317,266.69,53,32
320.96,95.522,266.66,53,32
320.92,95.41,266.64,53,32
320.96,95.522,266.66,53,32
320.92,95.41,266.64,53,32
320.95,95.588,266.63,53,32
320.9,95.471,266.61,53,32
320.94,95.39,266.66,53,32
320.94,95.39,266.66,53,32
321.04,95.611,266.63,53,32
321.07,95.722,266.7,53,32
321.07,95.722,266.7,53,32
321.04,95.611,266.63,53,32
321.04,95.611,266.63,53,32
320.98,95.317,266.69,53,32
320.94,95.39,266.66,53,32
320.94,95.39,266.66,53,32
320.9,95.471,266.61,53,32
320.94,95.39,266.66,53,32
320.94,95.39,266.66,53,32
320.94,95.39,266.66,53,32
320.94,95.625,266.59,53,32
320.94,95.625,266.59,53,32
320.89,95.601,266.57,53,32
320.84,95.626,266.58,53,32
320.99,95.375,266.77,53,32
320.99,95.375,266.77,53,32
321.05,95.093,266.78,53,32
321.05,95.093,266.78,53,32
252.54,131.35,235.3,54,33
252.54,131.35,235.3,54,33
252.63,131.42,235.34,54,33
252.63,131.45,235.29,54,33
252.63,131.42,235.34,54,33
252.64,131.46,235.3,54,33
252.64,131.46,235.3,54,33
252.64,131.46,235.3,54,33
252.55,131.33,235.32,54,33
252.54,131.35,235.3,54,33
252.33,130.96,235.29,54,33
252.67,131.44,235.36,54,33
252.67,131.44,235.36,54,33
252.63,131.45,235.29,54,33
252.63,131.45,235.29,54,33
252.64,131.46,235.3,54,33
252.64,131.46,235.3,54,33
252.64,131.46,235.3,54,33
252.64,131.46,235.3,54,33
252.63,131.42,235.34,54,33
312.16,97.263,252.58,55,34
312.18,97.243,252.6,55,34
312.16,97.263,252.58,55,34
312.18,97.243,252.6,55,34
312.18,97.243,252.6,55,34
312.18,97.221,252.58,55,34
312.18,97.243,252.6,55,34
312.18,97.221,252.58,55,34
312.14,97.342,252.59,55,34
312.16,97.263,252.58,55,34
312.18,97.288,252.63,55,34
312.14,97.342,252.59,55,34
312.18,97.221,252.58,55,34
312.18,97.221,252.58,55,34
312.18,97.288,252.63,55,34
312.19,97.268,252.62,55,34
312.16,97.263,252.58,55,34
312.18,97.243,252.6,55,34
312.18,97.232,252.58,55,34
312.18,97.232,252.58,55,34
334.54,130.2,261.96,56,35
334.51,130.25,262.01,56,35
334.53,130.15,261.93,56,35
334.53,130.15,261.93,56,35
334.53,130.15,261.93,56,35
334.53,130.15,261.93,56,35
334.48,130.18,261.89,56,35
334.53,130.15,261.93,56,35
334.51,130.25,262.01,56,35
334.51,130.25,262.01,56,35
334.49,130.3,262.05,56,35
334.48,130.18,261.89,56,35
334.48,130.18,261.89,56,35
334.48,130.18,261.89,56,35
334.53,130.15,261.93,56,35
334.66,130.26,262.03,56,35
334.66,130.26,262.03,56,35
334.48,130.18,261.89,56,35
334.53,130.15,261.93,56,35
334.53,130.15,261.93,56,35
334.53,130.15,261.93,56,35
334.51,130.25,262.01,56,35
334.49,130.3,262.05,56,35
334.49,130.3,262.05,56,35
334.49,130.3,262.05,56,35
334.49,130.23,261.93,56,35
334.49,130.26,261.95,56,35
334.49,130.26,261.95,56,35
334.49,130.3,262.05,56,35
286.04,94.769,198.99,57,36
286.04,94.769,198.99,57,36
286.1,94.72,199.08,57,36
286.1,94.72,199.08,57,36
286.19,94.753,199.11,57,36
286.1,94.72,199.08,57,36
286.19,94.753,199.11,57,36
286.19,94.753,199.11,57,36
286.28,94.768,199.09,57,36
286.28,94.768,199.09,57,36
286.19,94.753,199.11,57,36
286.09,94.732,199.11,57,36
286.09,94.732,199.11,57,36
286.03,94.822,198.99,57,36
286.04,94.812,198.95,57,36
286.06,94.745,199.07,57,36
286.11,94.721,199.07,57,36
286.11,94.721,199.07,57,36
286.25,94.761,199.12,57,36
286.28,94.768,199.09,57,36
286.28,94.768,199.09,57,36
286.28,94.768,199.09,57,36
286.28,94.768,199.09,57,36
286.03,94.822,198.99,57,36
286.09,94.732,199.11,57,36
286.09,94.732,199.11,57,36
286.09,94.732,199.11,57,36
286.02,94.784,198.93,57,36
286.02,94.784,198.93,57,36
286.03,94.822,198.99,57,36
317.25,127.03,237.31,58,37
317.25,127.03,237.31,58,37
317.23,127.01,237.3,58,37
317.28,126.98,237.34,58,37
317.23,127.01,237.3,58,37
317.23,127.01,237.3,58,37
317.28,126.98,237.34,58,37
317.23,127.01,237.3,58,37
317.38,126.78,237.42,58,37
317.38,126.78,237.42,58,37
317.23,127.01,237.3,58,37
317.22,127.0,237.28,58,37
317.22,127.0,237.28,58,37
317.25,126.98,237.26,58,37
317.22,127.0,237.28,58,37
317.22,127.0,237.28,58,37
317.22,127.01,237.29,58,37
317.22,127.01,237.29,58,37
317.22,127.04,237.29,58,37
317.25,126.98,237.26,58,37
317.25,127.03,237.31,58,37
317.28,126.98,237.34,58,37
317.44,126.69,237.48,58,37
317.44,126.69,237.48,58,37
317.22,127.04,237.29,58,37
317.22,127.0,237.28,58,37
317.38,126.78,237.42,58,37
317.38,126.78,237.42,58,37
317.38,126.78,237.42,58,37
270.55,127.94,181.49,60,38
270.55,127.96,181.5,60,38
270.61,127.93,181.65,60,38
270.61,127.96,181.59,60,38
270.62,127.92,181.72,60,38
270.58,127.97,181.63,60,38
270.58,127.97,181.63,60,38
270.65,128.05,181.65,60,38
270.71,128.07,181.75,60,38
270.51,128.01,181.52,60,38
270.47,128.0,181.49,60,38
270.47,128.0,181.49,60,38
270.47,128.0,181.49,60,38
270.71,128.07,181.75,60,38
270.71,128.07,181.75,60,38
270.47,128.0,181.49,60,38
270.56,127.97,181.51,60,38
270.59,127.94,181.65,60,38
270.62,127.91,181.74,60,38
270.58,127.97,181.63,60,38
270.58,127.97,181.63,60,38
270.71,128.07,181.75,60,38
270.71,128.07,181.75,60,38
270.71,128.07,181.75,60,38
270.71,128.07,181.75,60,38
270.71,128.07,181.75,60,38
270.47,128.0,181.49,60,38
270.62,127.92,181.72,60,38
270.58,127.97,181.63,60,38
300.56,95.766,211.92,62,39
300.56,95.766,211.92,62,39
300.89,95.762,212.07,62,39
300.89,95.762,212.07,62,39
300.73,95.712,212.03,62,39
300.89,95.762,212.07,62,39
300.89,95.762,212.07,62,39
300.81,95.782,212.13,62,39
300.81,95.782,212.13,62,39
300.89,95.762,212.07,62,39
300.81,95.782,212.13,62,39
300.81,95.782,212.13,62,39
300.89,95.805,212.12,62,39
300.89,95.805,212.12,62,39
300.89,95.805,212.12,62,39
300.86,95.767,212.0,62,39
300.74,95.787,211.99,62,39
300.86,95.767,212.0,62,39
300.71,95.619,212.03,62,39
300.76,95.597,212.03,62,39
300.76,95.597,212.03,62,39
300.81,95.782,212.13,62,39
300.81,95.782,212.13,62,39
300.6,95.692,211.99,62,39
300.6,95.692,211.99,62,39
300.57,95.781,211.91,62,39
300.81,95.782,212.13,62,39
300.81,95.782,212.13,62,39
300.89,95.805,212.12,62,39
300.89,95.805,212.12,62,39
300.89,95.805,212.12,62,39
300.86,95.767,212.0,62,39
300.86,95.767,212.0,62,39
300.86,95.767,212.0,62,39
300.57,95.781,211.91,62,39
300.62,95.772,211.91,62,39
300.86,95.767,212.0,62,39
300.81,95.782,212.13,62,39
340.9,119.56,261.93,63,40
340.9,119.56,261.93,63,40
341.01,119.53,262.03,63,40
341.0,119.54,262.01,63,40
341.01,119.53,262.03,63,40
341.0,119.54,262.01,63,40
341.0,119.54,262.01,63,40
340.96,119.57,261.97,63,40
340.96,119.57,261.97,63,40
340.94,119.54,261.98,63,40
341.01,119.54,262.03,63,40
341.01,119.54,262.03,63,40
340.96,119.57,261.97,63,40
340.96,119.57,261.97,63,40
341.0,119.54,262.01,63,40
340.89,119.55,261.92,63,40
340.89,119.55,261.92,63,40
340.96,119.57,261.97,63,40
341.13,119.52,262.08,63,40
341.13,119.52,262.08,63,40
341.0,119.54,262.01,63,40
307.7,143.74,252.28,64,41
307.7,143.74,252.28,64,41
307.7,143.74,252.28,64,41
307.7,143.74,252.28,64,41
307.7,143.74,252.28,64,41
307.36,143.72,251.91,64,41
307.76,143.75,252.4,64,41
307.76,143.75,252.4,64,41
307.32,143.73,251.95,64,41
307.36,143.72,251.91,64,41
307.46,143.65,251.8,64,41
307.46,143.65,251.8,64,41
307.32,143.73,251.95,64,41
307.7,143.74,252.28,64,41
307.7,143.74,252.28,64,41
307.7,143.74,252.28,64,41
305.62,128.12,265.63,66,42
305.62,128.12,265.63,66,42
305.62,128.12,265.63,66,42
305.61,128.0,265.6,66,42
305.62,128.12,265.63,66,42
305.61,128.0,265.6,66,42
305.61,128.0,265.6,66,42
305.67,127.95,265.7,66,42
305.61,128.0,265.6,66,42
305.67,127.95,265.7,66,42
305.81,127.97,265.91,66,42
305.81,127.97,265.91,66,42
305.81,127.97,265.91,66,42
305.81,127.97,265.92,66,42
305.81,127.97,265.92,66,42
305.81,127.97,265.91,66,42
305.81,127.97,265.92,66,42
305.81,127.97,265.92,66,42
305.76,127.96,265.8,66,42
305.76,127.96,265.8,66,42
305.67,127.95,265.7,66,42
305.54,128.07,265.58,66,42
305.54,128.07,265.58,66,42
305.62,128.12,265.63,66,42
305.62,128.12,265.63,66,42
305.81,127.97,265.92,66,42
305.81,127.97,265.92,66,42
305.61,128.0,265.6,66,42
305.61,128.0,265.6,66,42
305.61,128.0,265.6,66,42
305.62,128.12,265.63,66,42
305.62,128.12,265.63,66,42
305.62,128.12,265.63,66,42
305.62,128.12,265.63,66,42
305.62,128.12,265.63,66,42
305.81,127.97,265.92,66,42
305.81,127.97,265.92,66,42
318.69,112.2,211.09,67,43
318.68,112.16,211.06,67,43
318.66,112.14,211.12,67,43
318.68,112.11,211.17,67,43
318.66,112.14,211.12,67,43
318.68,112.11,211.17,67,43
318.68,112.11,211.17,67,43
318.68,112.11,211.16,67,43
318.68,112.11,211.17,67,43
318.68,112.11,211.16,67,43
318.68,112.16,211.06,67,43
318.63,112.12,211.03,67,43
318.63,112.12,211.03,67,43
318.68,112.11,211.16,67,43
318.63,112.17,211.11,67,43
318.63,112.17,211.11,67,43
318.6,112.14,211.11,67,43
318.68,112.11,211.16,67,43
318.68,112.11,211.17,67,43
318.68,112.11,211.17,67,43
318.66,112.14,211.12,67,43
318.68,112.11,211.16,67,43
318.68,112.11,211.16,67,43
318.63,112.12,211.03,67,43
318.68,112.11,211.16,67,43
318.66,112.15,211.01,67,43
318.69,112.2,211.09,67,43
318.67,112.17,211.02,67,43
318.66,112.15,211.01,67,43
318.66,112.15,211.01,67,43
318.66,112.15,211.01,67,43
318.68,112.11,211.16,67,43
289.17,82.278,224.16,68,44
289.17,82.278,224.16,68,44
289.17,82.293,224.17,68,44
289.17,82.295,224.19,68,44
289.16,82.29,224.22,68,44
289.16,82.29,224.22,68,44
289.09,82.334,224.45,68,44
289.16,82.29,224.22,68,44
289.09,82.334,224.45,68,44
289.09,82.334,224.45,68,44
289.09,82.334,224.45,68,44
289.09,82.334,224.45,68,44
289.17,82.293,224.17,68,44
289.17,82.293,224.17,68,44
289.17,82.278,224.16,68,44
289.17,82.278,224.16,68,44
289.17,82.278,224.16,68,44
289.17,82.278,224.16,68,44
289.17,82.295,224.19,68,44
289.17,82.295,224.19,68,44
289.16,82.29,224.22,68,44
289.09,82.334,224.45,68,44
289.09,82.334,224.45,68,44
307.93,143.29,252.54,72,45
307.93,143.29,252.54,72,45
308.01,143.27,252.58,72,45
308.01,143.27,252.58,72,45
308.21,143.35,252.79,72,45
308.21,143.35,252.79,72,45
308.21,143.35,252.79,72,45
308.5,143.26,253.0,72,45
308.45,142.98,253.09,72,45
308.55,143.08,253.14,72,45
308.45,142.98,253.09,72,45
308.55,143.08,253.14,72,45
308.55,143.08,253.14,72,45
308.55,142.98,253.24,72,45
308.56,142.99,253.28,72,45
308.56,142.99,253.28,72,45
308.55,142.98,253.24,72,45
308.79,143.14,253.49,72,45
308.79,143.14,253.49,72,45
309.09,143.43,253.81,72,45
309.2,143.4,253.86,72,45
309.2,143.4,253.86,72,45
309.11,143.31,253.78,72,45
308.69,143.04,253.31,72,45
308.8,143.1,253.33,72,45
308.69,143.04,253.31,72,45
308.8,143.1,253.33,72,45
308.53,143.0,253.16,72,45
308.55,143.12,253.32,72,45
308.56,143.23,253.33,72,45
308.54,143.13,253.28,72,45
308.56,143.23,253.33,72,45
308.57,143.2,253.2,72,45
308.56,143.23,253.33,72,45
308.53,143.35,252.98,72,45
308.53,143.35,252.98,72,45
308.15,143.41,252.82,72,45
307.95,143.32,252.59,72,45
308.56,143.23,253.33,72,45
308.56,143.23,253.33,72,45
308.8,143.1,253.33,72,45
308.72,143.07,253.28,72,45
308.72,143.07,253.28,72,45
308.53,143.0,253.16,72,45
308.58,143.29,253.07,72,45
308.19,143.35,252.78,72,45
308.19,143.35,252.78,72,45
307.93,143.29,252.54,72,45
308.8,143.1,253.33,72,45
309.07,143.21,253.63,72,45
309.07,143.21,253.63,72,45
309.11,143.31,253.78,72,45
309.16,143.46,253.85,72,45
309.16,143.46,253.85,72,45
309.2,143.4,253.86,72,45
309.2,143.4,253.86,72,45
309.2,143.4,253.86,72,45
308.55,143.12,253.32,72,45
308.55,143.12,253.32,72,45
308.56,143.23,253.33,72,45
308.56,143.23,253.33,72,45
307.93,143.29,252.54,72,45
307.86,143.31,252.52,72,45
307.86,143.31,252.52,72,45
307.93,143.29,252.54,72,45
307.95,143.32,252.59,72,45
308.15,143.41,252.82,72,45
308.15,143.41,252.82,72,45
308.55,143.23,253.31,72,45
308.55,143.23,253.31,72,45
308.56,143.23,253.33,72,45
308.56,143.23,253.33,72,45
308.56,143.23,253.33,72,45
307.93,143.29,252.54,72,45
257.7,93.838,238.81,73,46
257.66,93.801,238.83,73,46
257.73,93.803,238.87,73,46
257.71,93.79,238.89,73,46
257.73,93.803,238.87,73,46
257.71,93.79,238.89,73,46
257.38,88.944,246.28,73,46
257.38,88.944,246.28,73,46
257.38,88.944,246.28,73,46
257.39,88.905,246.33,73,46
257.41,88.792,246.46,73,46
257.41,88.792,246.46,73,46
257.41,88.792,246.46,73,46
257.36,88.807,246.56,73,46
257.36,88.807,246.56,73,46
257.36,88.807,246.56,73,46
257.27,88.848,246.76,73,46
257.33,88.825,246.76,73,46
257.33,88.825,246.76,73,46
257.34,88.94,246.94,73,46
257.34,88.94,246.94,73,46
257.34,88.94,246.94,73,46
257.33,88.825,246.76,73,46
257.38,88.788,246.6,73,46
257.39,88.905,246.33,73,46
257.69,93.786,238.88,73,46
257.71,93.79,238.89,73,46
257.65,93.795,238.83,73,46
257.66,93.801,238.83,73,46
257.7,93.838,238.81,73,46
257.73,93.803,238.87,73,46
257.66,93.808,238.78,73,46
257.73,93.803,238.87,73,46
257.38,88.944,246.28,73,46
257.36,88.831,246.45,73,46
257.73,93.803,238.87,73,46
257.36,88.812,246.5,73,46
257.32,88.832,246.56,73,46
257.32,88.832,246.56,73,46
257.27,88.848,246.76,73,46
257.32,88.959,246.91,73,46
257.32,88.959,246.91,73,46
257.34,88.94,246.94,73,46
257.34,88.94,246.94,73,46
257.65,93.795,238.83,73,46
257.69,93.786,238.88,73,46
257.65,93.795,238.83,73,46
257.6,93.772,238.78,73,46
257.66,93.808,238.78,73,46
257.68,93.795,238.87,73,46
257.39,88.905,246.33,73,46
257.42,88.787,246.49,73,46
257.42,88.787,246.49,73,46
257.38,88.788,246.6,73,46
257.33,88.825,246.76,73,46
257.34,88.94,246.94,73,46
257.34,88.94,246.94,73,46
257.34,88.94,246.94,73,46
257.34,88.94,246.94,73,46
321.13,153.94,220.66,76,47
321.13,153.94,220.66,76,47
321.35,153.84,220.86,76,47
321.43,153.79,220.95,76,47
321.35,153.84,220.86,76,47
321.43,153.79,220.95,76,47
321.68,153.58,221.15,76,47
321.95,153.64,221.43,76,47
321.56,153.43,221.02,76,47
324.35,143.89,222.57,76,47
324.35,143.89,222.57,76,47
324.24,143.76,222.38,76,47
324.22,143.71,222.34,76,47
324.22,143.71,222.34,76,47
324.24,143.76,222.38,76,47
321.95,153.64,221.43,76,47
321.77,153.7,221.27,76,47
321.43,153.79,220.95,76,47
321.36,153.84,220.9,76,47
321.43,153.79,220.95,76,47
321.36,153.84,220.9,76,47
321.28,153.88,220.83,76,47
321.28,153.88,220.83,76,47
324.22,143.76,222.36,76,47
324.22,143.76,222.36,76,47
324.21,143.71,222.33,76,47
321.23,153.98,220.74,76,47
321.23,153.98,220.74,76,47
321.5,153.8,220.96,76,47
324.29,144.13,222.52,76,47
324.29,144.13,222.52,76,47
324.22,143.71,222.34,76,47
324.35,143.89,222.57,76,47
324.35,143.89,222.57,76,47
321.95,153.64,221.43,76,47
321.95,153.64,221.43,76,47
321.77,153.7,221.27,76,47
321.12,153.92,220.66,76,47
321.19,153.91,220.75,76,47
321.13,153.95,220.65,76,47
321.13,153.95,220.65,76,47
321.22,153.91,220.78,76,47
321.77,153.7,221.27,76,47
321.28,153.88,220.83,76,47
321.28,153.88,220.83,76,47
321.28,153.88,220.83,76,47
321.22,153.91,220.78,76,47
324.22,143.71,222.34,76,47
324.22,143.71,222.34,76,47
326.1,124.19,240.8,77,48
326.1,124.19,240.8,77,48
326.13,124.18,240.83,77,48
326.13,124.18,240.83,77,48
326.07,124.22,240.79,77,48
326.13,124.18,240.83,77,48
326.13,124.18,240.83,77,48
326.07,124.22,240.79,77,48
326.28,124.16,240.9,77,48
326.3,124.19,240.94,77,48
326.3,124.17,240.93,77,48
326.15,124.12,240.75,77,48
326.09,124.16,240.75,77,48
326.3,124.19,240.94,77,48
326.3,124.19,240.94,77,48
326.3,124.19,240.94,77,48
326.3,124.19,240.94,77,48
326.3,124.19,240.94,77,48
326.04,124.23,240.82,77,48
326.03,124.18,240.75,77,48
326.03,124.18,240.75,77,48
326.1,124.19,240.8,77,48
326.1,124.19,240.8,77,48
326.17,124.12,240.78,77,48
326.04,124.23,240.82,77,48
326.3,124.17,240.93,77,48
326.3,124.17,240.93,77,48
326.28,124.16,240.9,77,48
326.07,124.22,240.79,77,48
326.07,124.22,240.79,77,48
326.3,124.17,240.93,77,48
326.09,124.16,240.75,77,48
326.25,124.18,240.84,77,48
326.25,124.18,240.84,77,48
326.32,124.23,240.92,77,48
326.32,124.23,240.92,77,48
326.3,124.19,240.94,77,48
326.3,124.19,240.94,77,48
326.3,124.19,240.94,77,48
326.3,124.19,240.94,77,48
301.0,99.326,243.88,78,49
301.01,99.412,243.83,78,49
301.04,99.195,244.0,78,49
301.14,99.214,244.04,78,49
301.22,99.257,244.06,78,49
301.14,99.214,244.04,78,49
301.3,99.182,244.22,78,49
301.32,99.149,244.23,78,49
301.32,99.149,244.23,78,49
301.36,99.135,244.22,78,49
301.22,99.257,244.06,78,49
301.32,99.149,244.23,78,49
301.16,99.218,243.88,78,49
301.16,99.218,243.88,78,49
301.07,99.39,243.82,78,49
301.08,99.221,243.78,78,49
301.06,99.237,243.84,78,49
301.17,99.255,244.0,78,49
301.17,99.255,244.0,78,49
301.36,99.135,244.22,78,49
301.0,99.326,243.88,78,49
301.04,99.195,244.0,78,49
301.04,99.195,244.0,78,49
301.04,99.195,244.0,78,49
301.36,99.135,244.22,78,49
301.36,99.135,244.22,78,49
301.36,99.135,244.22,78,49
301.36,99.135,244.22,78,49
301.36,99.135,244.22,78,49
301.36,99.135,244.22,78,49
301.36,99.135,244.22,78,49
301.17,99.255,244.0,78,49
301.17,99.255,244.0,78,49
301.17,99.266,244.0,78,49
301.17,99.266,244.0,78,49
252.48,96.545,200.45,79,50
252.45,96.464,200.37,79,50
252.48,96.545,200.45,79,50
252.45,96.464,200.37,79,50
252.45,96.464,200.37,79,50
252.5,96.539,200.46,79,50
252.5,96.539,200.46,79,50
252.45,96.464,200.37,79,50
252.48,96.545,200.45,79,50
252.48,96.545,200.45,79,50
252.48,96.545,200.45,79,50
252.46,96.476,200.33,79,50
252.5,96.539,200.46,79,50
252.5,96.539,200.46,79,50
252.45,96.464,200.37,79,50
252.45,96.464,200.37,79,50
252.45,96.464,200.37,79,50
252.46,96.476,200.33,79,50
252.5,96.539,200.46,79,50
252.5,96.539,200.46,79,50
279.47,105.52,220.93,81,51
279.47,105.52,220.93,81,51
279.47,105.52,220.93,81,51
279.47,105.5,221.0,81,51
279.47,105.5,221.0,81,51
279.58,105.45,221.17,81,51
279.58,105.45,221.17,81,51
279.7,105.29,221.37,81,51
279.7,105.29,221.37,81,51
279.73,105.2,221.47,81,51
279.73,105.2,221.47,81,51
279.73,105.2,221.47,81,51
279.73,105.2,221.47,81,51
279.78,105.23,221.55,81,51
279.78,105.23,221.55,81,51
279.78,105.23,221.55,81,51
279.78,105.23,221.55,81,51
279.58,105.43,221.19,81,51
279.58,105.43,221.19,81,51
279.45,105.54,220.97,81,51
279.44,105.46,220.94,81,51
279.47,105.52,220.93,81,51
279.52,105.48,221.02,81,51
279.58,105.45,221.11,81,51
279.72,105.26,221.37,81,51
279.75,105.22,221.5,81,51
279.78,105.23,221.55,81,51
279.78,105.23,221.55,81,51
279.78,105.23,221.55,81,51
279.78,105.23,221.55,81,51
279.78,105.23,221.55,81,51
279.45,105.54,220.93,81,51
279.42,105.59,220.93,81,51
279.42,105.59,220.93,81,51
279.73,105.2,221.47,81,51
279.73,105.2,221.47,81,51
279.58,105.43,221.19,81,51
279.73,105.2,221.47,81,51
279.78,105.23,221.55,81,51
279.45,105.54,220.97,81,51
279.45,105.54,220.97,81,51
279.58,105.43,221.19,81,51
279.48,105.55,220.91,81,51
279.48,105.55,220.91,81,51
294.32,84.602,189.31,83,52
294.39,84.658,189.41,83,52
294.38,84.644,189.43,83,52
294.39,84.658,189.41,83,52
294.37,84.57,189.45,83,52
294.35,84.554,189.46,83,52
294.37,84.57,189.45,83,52
294.38,84.462,189.54,83,52
294.36,84.45,189.57,83,52
294.38,84.462,189.54,83,52
294.49,84.352,189.87,83,52
294.44,84.331,189.81,83,52
294.49,84.352,189.87,83,52
294.59,84.27,190.08,83,52
294.5,84.24,190.06,83,52
294.53,84.259,190.09,83,52
294.59,84.27,190.08,83,52
294.5,84.24,190.06,83,52
294.53,84.259,190.09,83,52
294.53,84.259,190.09,83,52
294.55,84.255,190.08,83,52
294.53,84.259,190.09,83,52
294.55,84.255,190.08,83,52
294.41,84.406,189.7,83,52
294.4,84.442,189.68,83,52
294.35,84.482,189.52,83,52
294.34,84.522,189.55,83,52
294.35,84.557,189.42,83,52
294.34,84.578,189.43,83,52
294.37,84.624,189.38,83,52
294.35,84.588,189.29,83,52
294.4,84.631,189.42,83,52
294.39,84.627,189.4,83,52
294.42,84.56,189.59,83,52
294.4,84.559,189.56,83,52
294.44,84.471,189.74,83,52
294.41,84.454,189.72,83,52
294.6,84.297,190.07,83,52
294.41,84.246,189.95,83,52
294.6,84.297,190.07,83,52
294.41,84.246,189.95,83,52
294.37,84.255,189.86,83,52
294.44,84.31,189.86,83,52
294.37,84.255,189.86,83,52
294.44,84.31,189.86,83,52
294.38,84.384,189.69,83,52
294.4,84.368,189.68,83,52
294.35,84.506,189.46,83,52
294.35,84.486,189.45,83,52
294.36,84.59,189.34,83,52
294.35,84.552,189.3,83,52
294.35,84.602,189.36,83,52
294.36,84.649,189.29,83,52
294.36,84.649,189.29,83,52
294.38,84.688,189.44,83,52
294.35,84.56,189.55,83,52
294.36,84.626,189.58,83,52
294.42,84.452,189.74,83,52
294.42,84.506,189.76,83,52
294.5,84.355,189.93,83,52
294.53,84.417,189.95,83,52
294.5,84.355,189.93,83,52
294.53,84.417,189.95,83,52
294.54,84.472,189.93,83,52
294.42,84.464,189.89,83,52
294.54,84.472,189.93,83,52
294.39,84.258,190.02,83,52
294.29,84.248,189.96,83,52
294.39,84.258,190.02,83,52
294.29,84.248,189.96,83,52
294.35,84.334,189.78,83,52
294.28,84.345,189.78,83,52
294.33,84.434,189.62,83,52
294.31,84.453,189.64,83,52
294.38,84.556,189.49,83,52
294.42,84.552,189.5,83,52
294.31,84.445,189.65,83,52
294.37,84.39,189.65,83,52
294.27,84.356,189.79,83,52
294.36,84.359,189.83,83,52
294.29,84.243,189.97,83,52
294.41,84.246,190.01,83,52
294.29,84.243,189.97,83,52
294.33,84.265,190.01,83,52
294.41,84.246,190.01,83,52
294.46,84.248,189.98,83,52
294.46,84.248,189.98,83,52
294.46,84.248,189.98,83,52
294.42,84.327,189.78,83,52
294.49,84.3,189.76,83,52
294.4,84.4,189.65,83,52
294.52,84.394,189.67,83,52
294.44,84.464,189.6,83,52
294.58,84.491,189.63,83,52
294.66,84.467,189.69,83,52
294.66,84.467,189.69,83,52
294.63,84.388,189.74,83,52
294.63,84.388,189.74,83,52
294.49,84.3,189.76,83,52
294.58,84.313,189.79,83,52
294.49,84.3,189.76,83,52
294.58,84.313,189.79,83,52
294.46,84.248,189.98,83,52
294.58,84.313,189.79,83,52
294.72,84.161,189.9,83,52
294.72,84.161,189.9,83,52
294.75,84.223,189.83,83,52
294.77,84.187,189.76,83,52
294.75,84.223,189.83,83,52
294.77,84.187,189.76,83,52
294.85,84.285,189.74,83,52
294.85,84.285,189.74,83,52
294.85,84.285,189.74,83,52
294.85,84.285,189.74,83,52
294.57,84.228,189.92,83,52
294.66,84.467,189.69,83,52
294.4,84.457,189.9,83,52
294.42,84.464,189.89,83,52
294.42,84.464,189.89,83,52
294.46,84.544,189.83,83,52
294.43,84.722,189.62,83,52
294.49,84.806,189.5,83,52
294.49,84.806,189.5,83,52
294.4,84.761,189.41,83,52
294.4,84.761,189.41,83,52
294.3,84.686,189.27,83,52
294.38,84.585,189.23,83,52
294.38,84.626,189.31,83,52
294.3,84.686,189.27,83,52
294.38,84.626,189.31,83,52
294.41,84.651,189.37,83,52
294.41,84.65,189.38,83,52
294.32,84.602,189.31,83,52
294.27,84.538,189.26,83,52
294.27,84.538,189.26,83,52
294.35,84.564,189.26,83,52
294.34,84.733,189.43,83,52
294.34,84.733,189.43,83,52
294.48,84.626,189.43,83,52
294.48,84.597,189.42,83,52
294.48,84.597,189.42,83,52
294.42,84.552,189.5,83,52
294.32,84.419,189.68,83,52
294.37,84.693,189.47,83,52
294.37,84.693,189.47,83,52
294.52,84.586,189.53,83,52
294.59,84.537,189.49,83,52
294.59,84.537,189.49,83,52
294.59,84.537,189.49,83,52
294.66,84.467,189.69,83,52
294.66,84.467,189.69,83,52
294.85,84.285,189.74,83,52
294.85,84.285,189.74,83,52
294.77,84.187,189.76,83,52
294.77,84.187,189.76,83,52
294.57,84.228,189.92,83,52
294.57,84.228,189.92,83,52
294.57,84.228,189.92,83,52
294.34,84.733,189.43,83,52
294.59,84.537,189.49,83,52
306.41,114.96,227.48,84,53
306.41,114.96,227.48,84,53
306.43,114.92,227.52,84,53
306.43,114.92,227.52,84,53
306.38,114.93,227.61,84,53
306.43,114.92,227.52,84,53
306.43,114.81,227.51,84,53
306.38,114.93,227.61,84,53
306.43,114.76,227.53,84,53
306.43,114.81,227.51,84,53
306.42,114.76,227.57,84,53
306.41,114.67,227.48,84,53
306.41,114.67,227.48,84,53
306.43,114.81,227.51,84,53
306.43,114.81,227.51,84,53
306.43,114.81,227.51,84,53
306.43,114.81,227.51,84,53
306.43,114.81,227.51,84,53
306.43,114.81,227.51,84,53
306.44,114.96,227.46,84,53
306.39,114.97,227.67,84,53
306.39,114.95,227.57,84,53
306.39,114.95,227.57,84,53
306.39,114.97,227.67,84,53
306.42,114.76,227.57,84,53
306.42,114.65,227.51,84,53
306.42,114.65,227.51,84,53
306.43,115.02,227.48,84,53
306.43,115.02,227.48,84,53
306.44,114.96,227.46,84,53
306.44,114.96,227.46,84,53
306.43,114.81,227.51,84,53
306.43,114.81,227.51,84,53
306.43,114.81,227.51,84,53
306.41,114.96,227.48,84,53
306.41,114.96,227.48,84,53
306.41,114.67,227.48,84,53
306.41,114.67,227.48,84,53
306.41,114.67,227.48,84,53
306.43,114.81,227.51,84,53
241.21,136.94,167.56,85,54
241.21,136.94,167.56,85,54
241.33,137.09,167.58,85,54
241.33,137.09,167.58,85,54
241.33,137.09,167.58,85,54
241.46,137.29,167.55,85,54
241.46,137.29,167.55,85,54
241.46,137.29,167.55,85,54
241.46,137.29,167.55,85,54
241.33,137.09,167.58,85,54
241.24,136.93,167.52,85,54
241.21,136.94,167.56,85,54
241.33,137.09,167.58,85,54
241.46,137.29,167.55,85,54
241.46,137.29,167.55,85,54
241.21,136.94,167.56,85,54
241.21,136.94,167.56,85,54
241.21,136.94,167.56,85,54
241.33,137.09,167.58,85,54
241.46,137.29,167.55,85,54
241.46,137.29,167.55,85,54
241.21,136.94,167.56,85,54
235.82,174.45,180.07,86,55
236.47,174.39,180.8,86,55
235.82,174.45,180.07,86,55
236.47,174.39,180.8,86,55
236.47,174.39,180.8,86,55
236.47,174.39,180.8,86,55
236.47,174.39,180.8,86,55
234.59,174.45,178.84,86,55
234.59,174.45,178.84,86,55
235.82,174.45,180.07,86,55
236.47,174.39,180.8,86,55
236.47,174.39,180.8,86,55
236.74,174.32,181.16,86,55
236.47,174.39,180.8,86,55
234.48,174.42,178.72,86,55
234.48,174.42,178.72,86,55
236.74,174.32,181.16,86,55
236.47,174.39,180.8,86,55
236.47,174.39,180.8,86,55
295.3,119.02,194.32,87,56
295.3,119.02,194.32,87,56
295.3,119.02,194.32,87,56
295.41,119.05,194.39,87,56
295.41,119.05,194.39,87,56
295.41,119.05,194.39,87,56
295.41,119.05,194.39,87,56
295.41,119.05,194.39,87,56
295.29,118.99,194.28,87,56
295.29,118.99,194.28,87,56
295.36,119.03,194.31,87,56
295.3,119.02,194.32,87,56
295.3,119.02,194.32,87,56
295.41,119.05,194.39,87,56
295.41,119.05,194.39,87,56
295.27,119.04,194.31,87,56
295.27,119.04,194.31,87,56
295.41,119.05,194.39,87,56
295.41,119.05,194.39,87,56
295.41,119.05,194.39,87,56
262.32,116.84,233.4,89,57
262.46,116.73,233.64,89,57
262.32,116.84,233.4,89,57
262.55,116.72,233.75,89,57
262.55,116.72,233.75,89,57
262.52,116.71,233.75,89,57
262.46,116.73,233.64,89,57
262.47,116.72,233.64,89,57
262.31,116.86,233.36,89,57
262.31,116.86,233.36,89,57
262.47,116.72,233.64,89,57
262.52,116.71,233.75,89,57
262.55,116.72,233.75,89,57
262.55,116.72,233.75,89,57
262.55,116.72,233.75,89,57
262.52,116.71,233.75,89,57
289.99,88.413,244.05,90,58
289.99,88.413,244.05,90,58
290.07,88.416,244.23,90,58
290.07,88.416,244.23,90,58
290.07,88.416,244.23,90,58
290.07,88.416,244.23,90,58
290.1,88.454,244.53,90,58
290.1,88.454,244.53,90,58
290.08,88.448,244.49,90,58
290.01,88.466,244.6,90,58
290.01,88.466,244.6,90,58
290.1,88.403,244.38,90,58
290.1,88.403,244.38,90,58
289.99,88.417,244.08,90,58
289.95,88.397,244.05,90,58
289.98,88.405,244.12,90,58
290.13,88.449,244.51,90,58
290.13,88.449,244.51,90,58
290.01,88.469,244.6,90,58
290.01,88.469,244.6,90,58
290.01,88.466,244.6,90,58
289.99,88.417,244.08,90,58
289.99,88.417,244.08,90,58
290.1,88.403,244.38,90,58
290.08,88.448,244.49,90,58
290.01,88.466,244.6,90,58
290.01,88.466,244.6,90,58
289.92,88.446,243.99,90,58
289.92,88.446,243.99,90,58
289.94,88.454,244.01,90,58
247.75,141.68,219.38,93,59
247.88,141.67,219.47,93,59
247.75,141.68,219.38,93,59
247.88,141.67,219.47,93,59
248.0,141.64,219.57,93,59
248.0,141.64,219.57,93,59
248.0,141.64,219.57,93,59
248.0,141.64,219.57,93,59
248.03,141.63,219.6,93,59
248.03,141.63,219.6,93,59
248.0,141.64,219.57,93,59
247.75,141.68,219.38,93,59
247.75,141.68,219.38,93,59
248.0,141.64,219.57,93,59
248.0,141.64,219.57,93,59
247.88,141.67,219.47,93,59
247.88,141.67,219.47,93,59
247.75,141.68,219.38,93,59
248.03,141.63,219.6,93,59
248.03,141.63,219.6,93,59
248.03,141.63,219.6,93,59
248.03,141.63,219.6,93,59
248.03,141.63,219.6,93,59
247.65,141.75,219.24,93,59
247.68,141.71,219.27,93,59
247.84,141.66,219.41,93,59
247.84,141.66,219.41,93,59
247.39,101.18,213.97,96,60
247.45,101.23,213.89,96,60
247.44,101.22,214.16,96,60
247.48,101.22,214.09,96,60
247.45,101.14,214.58,96,60
247.48,101.22,214.09,96,60
247.45,101.14,214.58,96,60
247.45,101.14,214.58,96,60
247.45,101.14,214.58,96,60
247.48,101.22,214.09,96,60
247.53,101.24,214.08,96,60
247.48,101.22,214.09,96,60
247.53,101.24,214.08,96,60
247.45,101.23,213.89,96,60
247.47,101.24,213.95,96,60
247.39,101.18,213.97,96,60
247.47,101.32,214.13,96,60
247.39,101.1,213.82,96,60
247.47,101.32,214.13,96,60
247.45,101.14,214.58,96,60
247.45,101.14,214.58,96,60
247.45,101.14,214.58,96,60
247.45,101.14,214.58,96,60
247.45,101.14,214.58,96,60
247.53,101.24,214.08,96,60
247.53,101.24,214.08,96,60
247.47,101.24,213.95,96,60
247.53,101.24,214.08,96,60
247.53,101.24,214.08,96,60
247.41,101.18,213.73,96,60
247.41,101.18,213.73,96,60
247.47,101.24,213.95,96,60
247.45,101.14,214.58,96,60
241.65,136.61,167.74,97,61
241.65,136.61,167.74,97,61
241.83,136.66,167.79,97,61
241.65,136.61,167.74,97,61
241.63,136.64,167.79,97,61
241.83,136.66,167.79,97,61
241.83,136.66,167.79,97,61
241.63,136.64,167.79,97,61
241.63,136.64,167.79,97,61
241.63,136.64,167.79,97,61
241.65,136.61,167.74,97,61
241.38,136.79,167.28,97,61
241.83,136.66,167.79,97,61
241.82,136.7,167.74,97,61
241.63,136.64,167.79,97,61
241.65,136.61,167.74,97,61
241.65,136.61,167.74,97,61
241.83,136.66,167.79,97,61
241.82,136.7,167.74,97,61
0.0,0.0,0.0,100001,62
0.0,0.0,0.0,100001,62
0.0,0.0,0.0,100001,62
0.0,0.0,0.0,100001,62
0.0,0.0,0.0,100001,62
0.0,0.0,0.0,100001,62
0.0,0.0,0.0,100001,62
0.0,0.0,0.0,100001,62
0.0,0.0,0.0,100001,62
0.0,0.0,0.0,100001,62
0.0,0.0,0.0,100001,62
0.0,0.0,0.0,100001,62
0.0,0.0,0.0,100001,62
0.0,0.0,0.0,100001,62
0.0,0.0,0.0,100001,62
0.0,0.0,0.0,100001,62
0.0,0.0,0.0,100001,62
0.0,0.0,0.0,100001,62
0.0,0.0,0.0,100001,62
0.0,0.0,0.0,100001,62
0.0,0.0,0.0,100001,62
0.0,0.0,0.0,100001,62
0.0,0.0,0.0,100001,62
0.0,0.0,0.0,100001,62
0.0,0.0,0.0,100001,62
0.0,0.0,0.0,100001,62
0.0,0.0,0.0,100001,62
0.0,0.0,0.0,100001,62
0.0,0.0,0.0,100001,62
0.0,0.0,0.0,100001,62
0.0,0.0,0.0,100001,62
0.0,0.0,0.0,100001,62
0.0,0.0,0.0,100001,62
0.0,0.0,0.0,100001,62
0.0,0.0,0.0,100001,62
0.0,0.0,0.0,100001,62
0.0,0.0,0.0,100001,62
0.0,0.0,0.0,100001,62
0.0,0.0,0.0,100001,62
0.0,0.0,0.0,100001,62
0.0,0.0,0.0,100001,62
0.0,0.0,0.0,100001,62
0.0,0.0,0.0,100001,62
0.0,0.0,0.0,100001,62
0.0,0.0,0.0,100001,62
0.0,0.0,0.0,100001,62
0.0,0.0,0.0,100001,62
0.0,0.0,0.0,100001,62
0.0,0.0,0.0,100001,62
0.0,0.0,0.0,100001,62
0.0,0.0,0.0,100001,62
0.0,0.0,0.0,100001,62
0.0,0.0,0.0,100001,62
0.0,0.0,0.0,100001,62
0.0,0.0,0.0,100001,62
0.0,0.0,0.0,100001,62
0.0,0.0,0.0,100001,62
0.0,0.0,0.0,100001,62
0.0,0.0,0.0,100001,62
0.0,0.0,0.0,100001,62
0.0,0.0,0.0,100001,62
0.0,0.0,0.0,100001,62
0.0,0.0,0.0,100001,62
0.0,0.0,0.0,100001,62
0.0,0.0,0.0,100001,62
0.0,0.0,0.0,100001,62
0.0,0.0,0.0,100001,62
0.0,0.0,0.0,100001,62
0.0,0.0,0.0,100001,62
0.0,0.0,0.0,100001,62
0.0,0.0,0.0,100001,62
0.0,0.0,0.0,100001,62
0.0,0.0,0.0,100001,62
0.0,0.0,0.0,100001,62
0.0,0.0,0.0,100001,62
0.0,0.0,0.0,100001,62
0.0,0.0,0.0,100001,62
0.0,0.0,0.0,100001,62
0.0,0.0,0.0,100001,62
0.0,0.0,0.0,100001,62
0.0,0.0,0.0,100001,62
0.0,0.0,0.0,100001,62
0.0,0.0,0.0,100001,62
0.0,0.0,0.0,100001,62
0.0,0.0,0.0,100001,62
0.0,0.0,0.0,100001,62
0.0,0.0,0.0,100001,62
0.0,0.0,0.0,100001,62
0.0,0.0,0.0,100001,62
0.0,0.0,0.0,100001,62
0.0,0.0,0.0,100001,62
0.0,0.0,0.0,100001,62
0.0,0.0,0.0,100001,62
0.0,0.0,0.0,100001,62
0.0,0.0,0.0,100001,62
0.0,0.0,0.0,100001,62
0.0,0.0,0.0,100001,62
0.0,0.0,0.0,100001,62
0.0,0.0,0.0,100001,62
0.0,0.0,0.0,100001,62
0.0,0.0,0.0,100001,62
0.0,0.0,0.0,100001,62
0.0,0.0,0.0,100001,62
0.0,0.0,0.0,100001,62
0.0,0.0,0.0,100001,62
0.0,0.0,0.0,100001,62
0.0,0.0,0.0,100001,62
0.0,0.0,0.0,100001,62
0.0,0.0,0.0,100001,62
0.0,0.0,0.0,100001,62
0.0,0.0,0.0,100001,62
0.0,0.0,0.0,100001,62
0.0,0.0,0.0,100001,62
0.0,0.0,0.0,100001,62
0.0,0.0,0.0,100001,62
0.0,0.0,0.0,100001,62
0.0,0.0,0.0,100001,62
0.0,0.0,0.0,100001,62
0.0,0.0,0.0,100001,62
0.0,0.0,0.0,100001,62
0.0,0.0,0.0,100001,62
0.0,0.0,0.0,100001,62
0.0,0.0,0.0,100001,62
0.0,0.0,0.0,100001,62
0.0,0.0,0.0,100001,62
0.0,0.0,0.0,100001,62
0.0,0.0,0.0,100001,62
0.0,0.0,0.0,100001,62
0.0,0.0,0.0,100001,62
0.0,0.0,0.0,100001,62
0.0,0.0,0.0,100001,62
0.0,0.0,0.0,100001,62
0.0,0.0,0.0,100001,62
0.0,0.0,0.0,100001,62
0.0,0.0,0.0,100001,62
0.0,0.0,0.0,100001,62
0.0,0.0,0.0,100001,62
0.0,0.0,0.0,100001,62
0.0,0.0,0.0,100001,62
0.0,0.0,0.0,100001,62
0.0,0.0,0.0,100001,62
0.0,0.0,0.0,100001,62
0.0,0.0,0.0,100001,62
0.0,0.0,0.0,100001,62
0.0,0.0,0.0,100001,62
0.0,0.0,0.0,100001,62
0.0,0.0,0.0,100001,62
0.0,0.0,0.0,100001,62
0.0,0.0,0.0,100001,62
0.0,0.0,0.0,100001,62
0.0,0.0,0.0,100001,62
0.0,0.0,0.0,100001,62
0.0,0.0,0.0,100001,62
0.0,0.0,0.0,100001,62
0.0,0.0,0.0,100001,62
0.0,0.0,0.0,100001,62
0.0,0.0,0.0,100001,62
0.0,0.0,0.0,100001,62
0.0,0.0,0.0,100001,62
0.0,0.0,0.0,100001,62
0.0,0.0,0.0,100001,62
0.0,0.0,0.0,100001,62
0.0,0.0,0.0,100001,62
0.0,0.0,0.0,100001,62
0.0,0.0,0.0,100001,62
0.0,0.0,0.0,100001,62
0.0,0.0,0.0,100001,62
0.0,0.0,0.0,100001,62
0.0,0.0,0.0,100001,62
0.0,0.0,0.0,100001,62
0.0,0.0,0.0,100001,62
0.0,0.0,0.0,100001,62
0.0,0.0,0.0,100001,62
0.0,0.0,0.0,100001,62
0.0,0.0,0.0,100001,62
0.0,0.0,0.0,100001,62
0.0,0.0,0.0,100001,62
0.0,0.0,0.0,100001,62
0.0,0.0,0.0,100001,62
0.0,0.0,0.0,100001,62
0.0,0.0,0.0,100001,62
0.0,0.0,0.0,100001,62
0.0,0.0,0.0,100001,62
0.0,0.0,0.0,100001,62
0.0,0.0,0.0,100001,62
0.0,0.0,0.0,100001,62
0.0,0.0,0.0,100001,62
0.0,0.0,0.0,100001,62
0.0,0.0,0.0,100001,62
0.0,0.0,0.0,100001,62
0.0,0.0,0.0,100001,62
0.0,0.0,0.0,100001,62
0.0,0.0,0.0,100001,62
0.0,0.0,0.0,100001,62
0.0,0.0,0.0,100001,62
0.0,0.0,0.0,100001,62
0.0,0.0,0.0,100001,62
0.0,0.0,0.0,100001,62
0.0,0.0,0.0,100001,62
0.0,0.0,0.0,100001,62
0.0,0.0,0.0,100001,62
0.0,0.0,0.0,100001,62
0.0,0.0,0.0,100001,62
0.0,0.0,0.0,100001,62
0.0,0.0,0.0,100001,62
0.0,0.0,0.0,100001,62
0.0,0.0,0.0,100001,62
0.0,0.0,0.0,100001,62
0.0,0.0,0.0,100001,62
0.0,0.0,0.0,100001,62
0.0,0.0,0.0,100001,62
0.0,0.0,0.0,100001,62
0.0,0.0,0.0,100001,62
0.0,0.0,0.0,100001,62
0.0,0.0,0.0,100001,62
0.0,0.0,0.0,100001,62
0.0,0.0,0.0,100001,62
0.0,0.0,0.0,100001,62
0.0,0.0,0.0,100001,62
0.0,0.0,0.0,100001,62
0.0,0.0,0.0,100001,62
0.0,0.0,0.0,100001,62
0.0,0.0,0.0,100001,62
0.0,0.0,0.0,100001,62
0.0,0.0,0.0,100001,62
0.0,0.0,0.0,100001,62
0.0,0.0,0.0,100001,62
0.0,0.0,0.0,100001,62
0.0,0.0,0.0,100001,62
0.0,0.0,0.0,100001,62
0.0,0.0,0.0,100001,62
0.0,0.0,0.0,100001,62
0.0,0.0,0.0,100001,62
0.0,0.0,0.0,100001,62
0.0,0.0,0.0,100001,62
0.0,0.0,0.0,100001,62
0.0,0.0,0.0,100001,62
0.0,0.0,0.0,100001,62
0.0,0.0,0.0,100001,62
0.0,0.0,0.0,100001,62
0.0,0.0,0.0,100001,62
0.0,0.0,0.0,100001,62
0.0,0.0,0.0,100001,62
0.0,0.0,0.0,100001,62
0.0,0.0,0.0,100001,62
0.0,0.0,0.0,100001,62
0.0,0.0,0.0,100001,62
0.0,0.0,0.0,100001,62
0.0,0.0,0.0,100001,62
0.0,0.0,0.0,100001,62
0.0,0.0,0.0,100001,62
0.0,0.0,0.0,100001,62
0.0,0.0,0.0,100001,62
0.0,0.0,0.0,100001,62
0.0,0.0,0.0,100001,62
0.0,0.0,0.0,100001,62
0.0,0.0,0.0,100001,62
0.0,0.0,0.0,100001,62
0.0,0.0,0.0,100001,62
0.0,0.0,0.0,100001,62
0.0,0.0,0.0,100001,62
0.0,0.0,0.0,100001,62
0.0,0.0,0.0,100001,62
0.0,0.0,0.0,100001,62
0.0,0.0,0.0,100001,62
0.0,0.0,0.0,100001,62
0.0,0.0,0.0,100001,62
0.0,0.0,0.0,100001,62
0.0,0.0,0.0,100001,62
0.0,0.0,0.0,100001,62
0.0,0.0,0.0,100001,62
0.0,0.0,0.0,100001,62
0.0,0.0,0.0,100001,62
0.0,0.0,0.0,100001,62
0.0,0.0,0.0,100001,62
0.0,0.0,0.0,100001,62
0.0,0.0,0.0,100001,62
0.0,0.0,0.0,100001,62
0.0,0.0,0.0,100001,62
0.0,0.0,0.0,100001,62
0.0,0.0,0.0,100001,62
0.0,0.0,0.0,100001,62
0.0,0.0,0.0,100001,62
0.0,0.0,0.0,100001,62
0.0,0.0,0.0,100001,62
0.0,0.0,0.0,100001,62
0.0,0.0,0.0,100001,62
0.0,0.0,0.0,100001,62
0.0,0.0,0.0,100001,62
0.0,0.0,0.0,100001,62
0.0,0.0,0.0,100001,62
0.0,0.0,0.0,100001,62
0.0,0.0,0.0,100001,62
0.0,0.0,0.0,100001,62
0.0,0.0,0.0,100001,62
0.0,0.0,0.0,100001,62
0.0,0.0,0.0,100001,62
0.0,0.0,0.0,100001,62
0.0,0.0,0.0,100001,62
0.0,0.0,0.0,100001,62
0.0,0.0,0.0,100001,62
0.0,0.0,0.0,100002,63
0.0,0.0,0.0,100002,63
0.0,0.0,0.0,100002,63
0.0,0.0,0.0,100002,63
0.0,0.0,0.0,100002,63
0.0,0.0,0.0,100002,63
0.0,0.0,0.0,100002,63
0.0,0.0,0.0,100002,63
0.0,0.0,0.0,100002,63
0.0,0.0,0.0,100002,63
0.0,0.0,0.0,100002,63
0.0,0.0,0.0,100002,63
0.0,0.0,0.0,100002,63
0.0,0.0,0.0,100002,63
0.0,0.0,0.0,100002,63
0.0,0.0,0.0,100002,63
0.0,0.0,0.0,100002,63
0.0,0.0,0.0,100002,63
0.0,0.0,0.0,100002,63
0.0,0.0,0.0,100002,63
0.0,0.0,0.0,100002,63
0.0,0.0,0.0,100002,63
0.0,0.0,0.0,100002,63
0.0,0.0,0.0,100002,63
0.0,0.0,0.0,100002,63
0.0,0.0,0.0,100002,63
0.0,0.0,0.0,100002,63
0.0,0.0,0.0,100002,63
0.0,0.0,0.0,100002,63
0.0,0.0,0.0,100002,63
0.0,0.0,0.0,100002,63
0.0,0.0,0.0,100002,63
0.0,0.0,0.0,100002,63
0.0,0.0,0.0,100002,63
0.0,0.0,0.0,100002,63
0.0,0.0,0.0,100002,63
0.0,0.0,0.0,100002,63
0.0,0.0,0.0,100002,63
0.0,0.0,0.0,100002,63
0.0,0.0,0.0,100002,63
0.0,0.0,0.0,100002,63
0.0,0.0,0.0,100002,63
0.0,0.0,0.0,100002,63
0.0,0.0,0.0,100002,63
0.0,0.0,0.0,100002,63
0.0,0.0,0.0,100002,63
0.0,0.0,0.0,100002,63
0.0,0.0,0.0,100002,63
0.0,0.0,0.0,100002,63
0.0,0.0,0.0,100002,63
0.0,0.0,0.0,100002,63
0.0,0.0,0.0,100002,63
0.0,0.0,0.0,100002,63
0.0,0.0,0.0,100002,63
0.0,0.0,0.0,100002,63
0.0,0.0,0.0,100002,63
0.0,0.0,0.0,100002,63
0.0,0.0,0.0,100002,63
0.0,0.0,0.0,100002,63
0.0,0.0,0.0,100002,63
0.0,0.0,0.0,100002,63
0.0,0.0,0.0,100002,63
0.0,0.0,0.0,100002,63
0.0,0.0,0.0,100002,63
0.0,0.0,0.0,100002,63
0.0,0.0,0.0,100002,63
0.0,0.0,0.0,100002,63
0.0,0.0,0.0,100002,63
0.0,0.0,0.0,100002,63
0.0,0.0,0.0,100002,63
0.0,0.0,0.0,100002,63
0.0,0.0,0.0,100002,63
0.0,0.0,0.0,100002,63
0.0,0.0,0.0,100002,63
0.0,0.0,0.0,100002,63
0.0,0.0,0.0,100002,63
0.0,0.0,0.0,100002,63
0.0,0.0,0.0,100002,63
0.0,0.0,0.0,100002,63
0.0,0.0,0.0,100002,63
0.0,0.0,0.0,100002,63
0.0,0.0,0.0,100002,63
0.0,0.0,0.0,100002,63
0.0,0.0,0.0,100002,63
0.0,0.0,0.0,100002,63
0.0,0.0,0.0,100002,63
0.0,0.0,0.0,100002,63
0.0,0.0,0.0,100002,63
0.0,0.0,0.0,100002,63
0.0,0.0,0.0,100002,63
0.0,0.0,0.0,100002,63
0.0,0.0,0.0,100002,63
0.0,0.0,0.0,100002,63
0.0,0.0,0.0,100002,63
0.0,0.0,0.0,100002,63
0.0,0.0,0.0,100002,63
0.0,0.0,0.0,100002,63
0.0,0.0,0.0,100002,63
0.0,0.0,0.0,100002,63
0.0,0.0,0.0,100002,63
0.0,0.0,0.0,100002,63
0.0,0.0,0.0,100002,63
0.0,0.0,0.0,100002,63
0.0,0.0,0.0,100002,63
0.0,0.0,0.0,100002,63
0.0,0.0,0.0,100002,63
0.0,0.0,0.0,100002,63
0.0,0.0,0.0,100002,63
0.0,0.0,0.0,100002,63
0.0,0.0,0.0,100002,63
0.0,0.0,0.0,100002,63
0.0,0.0,0.0,100002,63
0.0,0.0,0.0,100002,63
0.0,0.0,0.0,100002,63
0.0,0.0,0.0,100002,63
0.0,0.0,0.0,100002,63
0.0,0.0,0.0,100002,63
0.0,0.0,0.0,100002,63
0.0,0.0,0.0,100002,63
0.0,0.0,0.0,100002,63
0.0,0.0,0.0,100002,63
0.0,0.0,0.0,100002,63
0.0,0.0,0.0,100002,63
0.0,0.0,0.0,100002,63
0.0,0.0,0.0,100002,63
0.0,0.0,0.0,100002,63
0.0,0.0,0.0,100002,63
0.0,0.0,0.0,100002,63
0.0,0.0,0.0,100002,63
0.0,0.0,0.0,100002,63
0.0,0.0,0.0,100002,63
0.0,0.0,0.0,100002,63
0.0,0.0,0.0,100002,63
0.0,0.0,0.0,100002,63
0.0,0.0,0.0,100002,63
0.0,0.0,0.0,100002,63
0.0,0.0,0.0,100002,63
0.0,0.0,0.0,100002,63
0.0,0.0,0.0,100002,63
0.0,0.0,0.0,100002,63
0.0,0.0,0.0,100002,63
0.0,0.0,0.0,100002,63
0.0,0.0,0.0,100002,63
0.0,0.0,0.0,100002,63
0.0,0.0,0.0,100002,63
0.0,0.0,0.0,100002,63
0.0,0.0,0.0,100002,63
0.0,0.0,0.0,100002,63
0.0,0.0,0.0,100002,63
0.0,0.0,0.0,100002,63
0.0,0.0,0.0,100002,63
0.0,0.0,0.0,100002,63
0.0,0.0,0.0,100002,63
0.0,0.0,0.0,100002,63
0.0,0.0,0.0,100002,63
0.0,0.0,0.0,100002,63
0.0,0.0,0.0,100002,63
0.0,0.0,0.0,100002,63
0.0,0.0,0.0,100002,63
0.0,0.0,0.0,100002,63
0.0,0.0,0.0,100002,63
0.0,0.0,0.0,100002,63
0.0,0.0,0.0,100002,63
0.0,0.0,0.0,100002,63
0.0,0.0,0.0,100002,63
0.0,0.0,0.0,100002,63
0.0,0.0,0.0,100002,63
0.0,0.0,0.0,100002,63
0.0,0.0,0.0,100002,63
0.0,0.0,0.0,100002,63
0.0,0.0,0.0,100002,63
0.0,0.0,0.0,100002,63
0.0,0.0,0.0,100002,63
0.0,0.0,0.0,100002,63
0.0,0.0,0.0,100002,63
0.0,0.0,0.0,100002,63
0.0,0.0,0.0,100002,63
0.0,0.0,0.0,100002,63
0.0,0.0,0.0,100002,63
0.0,0.0,0.0,100002,63
0.0,0.0,0.0,100002,63
0.0,0.0,0.0,100002,63
0.0,0.0,0.0,100002,63
0.0,0.0,0.0,100002,63
0.0,0.0,0.0,100002,63
0.0,0.0,0.0,100002,63
0.0,0.0,0.0,100002,63
0.0,0.0,0.0,100002,63
0.0,0.0,0.0,100002,63
0.0,0.0,0.0,100002,63
0.0,0.0,0.0,100002,63
0.0,0.0,0.0,100002,63
0.0,0.0,0.0,100002,63
0.0,0.0,0.0,100002,63
0.0,0.0,0.0,100002,63
0.0,0.0,0.0,100002,63
0.0,0.0,0.0,100002,63
0.0,0.0,0.0,100002,63
0.0,0.0,0.0,100002,63
0.0,0.0,0.0,100002,63
0.0,0.0,0.0,100002,63
0.0,0.0,0.0,100002,63
0.0,0.0,0.0,100002,63
0.0,0.0,0.0,100002,63
0.0,0.0,0.0,100002,63
0.0,0.0,0.0,100002,63
0.0,0.0,0.0,100002,63
0.0,0.0,0.0,100002,63
0.0,0.0,0.0,100002,63
0.0,0.0,0.0,100002,63
0.0,0.0,0.0,100002,63
0.0,0.0,0.0,100002,63
0.0,0.0,0.0,100002,63
0.0,0.0,0.0,100002,63
0.0,0.0,0.0,100002,63
0.0,0.0,0.0,100002,63
0.0,0.0,0.0,100002,63
0.0,0.0,0.0,100002,63
0.0,0.0,0.0,100002,63
0.0,0.0,0.0,100002,63
0.0,0.0,0.0,100002,63
0.0,0.0,0.0,100002,63
0.0,0.0,0.0,100002,63
0.0,0.0,0.0,100002,63
0.0,0.0,0.0,100002,63
0.0,0.0,0.0,100002,63
0.0,0.0,0.0,100002,63
0.0,0.0,0.0,100002,63
0.0,0.0,0.0,100002,63
0.0,0.0,0.0,100002,63
0.0,0.0,0.0,100002,63
0.0,0.0,0.0,100002,63
0.0,0.0,0.0,100002,63
0.0,0.0,0.0,100002,63
0.0,0.0,0.0,100002,63
0.0,0.0,0.0,100002,63
0.0,0.0,0.0,100002,63
0.0,0.0,0.0,100002,63
0.0,0.0,0.0,100002,63
0.0,0.0,0.0,100002,63
0.0,0.0,0.0,100002,63
0.0,0.0,0.0,100002,63
0.0,0.0,0.0,100002,63
0.0,0.0,0.0,100002,63
0.0,0.0,0.0,100002,63
0.0,0.0,0.0,100002,63
0.0,0.0,0.0,100002,63
0.0,0.0,0.0,100002,63
0.0,0.0,0.0,100002,63
0.0,0.0,0.0,100002,63
0.0,0.0,0.0,100002,63
0.0,0.0,0.0,100002,63
0.0,0.0,0.0,100002,63
0.0,0.0,0.0,100002,63
0.0,0.0,0.0,100002,63
0.0,0.0,0.0,100002,63
0.0,0.0,0.0,100002,63
0.0,0.0,0.0,100002,63
0.0,0.0,0.0,100002,63
0.0,0.0,0.0,100002,63
0.0,0.0,0.0,100002,63
0.0,0.0,0.0,100002,63
0.0,0.0,0.0,100002,63
0.0,0.0,0.0,100002,63
0.0,0.0,0.0,100002,63
0.0,0.0,0.0,100002,63
0.0,0.0,0.0,100002,63
0.0,0.0,0.0,100002,63
0.0,0.0,0.0,100002,63
0.0,0.0,0.0,100002,63
0.0,0.0,0.0,100002,63
0.0,0.0,0.0,100002,63
0.0,0.0,0.0,100002,63
0.0,0.0,0.0,100002,63
0.0,0.0,0.0,100002,63
0.0,0.0,0.0,100002,63
0.0,0.0,0.0,100002,63
0.0,0.0,0.0,100002,63
0.0,0.0,0.0,100002,63
0.0,0.0,0.0,100002,63
0.0,0.0,0.0,100002,63
0.0,0.0,0.0,100002,63
0.0,0.0,0.0,100002,63
0.0,0.0,0.0,100002,63
0.0,0.0,0.0,100002,63
0.0,0.0,0.0,100002,63
0.0,0.0,0.0,100002,63
0.0,0.0,0.0,100002,63
0.0,0.0,0.0,100002,63
0.0,0.0,0.0,100002,63
0.0,0.0,0.0,100002,63
0.0,0.0,0.0,100002,63
0.0,0.0,0.0,100002,63
0.0,0.0,0.0,100002,63
0.0,0.0,0.0,100002,63
0.0,0.0,0.0,100002,63
0.0,0.0,0.0,100002,63
0.0,0.0,0.0,100002,63
0.0,0.0,0.0,100002,63
0.0,0.0,0.0,100002,63
