1.6012,1.8358,4.2583,248,1
1.6012,1.8358,4.2583,248,1
1.6012,1.8358,4.2583,248,1
1.6012,1.8358,4.2583,248,1
1.6012,1.8358,4.2583,248,1
1.6012,1.8358,4.2583,248,1
1.6013,1.836,4.2585,248,1
1.6013,1.836,4.2585,248,1
1.6012,1.8358,4.2583,248,1
1.6012,1.8358,4.2583,248,1
1.6012,1.8358,4.2583,248,1
1.6012,1.8358,4.2583,248,1
1.6012,1.8358,4.2583,248,1
1.6012,1.8358,4.2583,248,1
1.6013,1.836,4.2585,248,1
1.6013,1.836,4.2585,248,1
1.6013,1.836,4.2585,248,1
1.6013,1.836,4.2585,248,1
1.6013,1.836,4.2585,248,1
1.6012,1.8358,4.2583,248,1
1.6012,1.8358,4.2583,248,1
1.6012,1.8358,4.2583,248,1
1.6036,1.8356,4.2626,248,1
1.6036,1.8356,4.2626,248,1
1.6023,1.8363,4.2599,248,1
1.6023,1.8363,4.2599,248,1
1.6016,1.8358,4.2586,248,1
1.6011,1.8363,4.259,248,1
1.6016,1.8358,4.2586,248,1
1.6011,1.8363,4.259,248,1
1.6013,1.836,4.2585,248,1
1.6013,1.836,4.2585,248,1
1.6011,1.8363,4.259,248,1
1.6013,1.836,4.2585,248,1
1.6013,1.836,4.2585,248,1
1.6013,1.836,4.2585,248,1
1.6036,1.8356,4.2626,248,1
1.6016,1.8358,4.2586,248,1
1.6016,1.8358,4.2586,248,1
1.6013,1.836,4.2585,248,1
1.6023,1.8363,4.2599,248,1
1.6011,1.8363,4.259,248,1
1.6011,1.8363,4.259,248,1
1.6011,1.8363,4.259,248,1
1.6011,1.8363,4.259,248,1
1.6013,1.836,4.2585,248,1
1.6013,1.836,4.2585,248,1
1.6013,1.836,4.2585,248,1
1.6013,1.836,4.2585,248,1
1.6013,1.836,4.2585,248,1
1.6013,1.836,4.2585,248,1
1.6013,1.836,4.2585,248,1
1.6013,1.836,4.2585,248,1
1.6013,1.836,4.2585,248,1
1.6013,1.836,4.2585,248,1
1.6013,1.836,4.2585,248,1
1.6013,1.836,4.2585,248,1
1.6013,1.836,4.2585,248,1
1.6013,1.836,4.2585,248,1
1.6013,1.836,4.2585,248,1
1.6013,1.836,4.2585,248,1
1.6013,1.836,4.2585,248,1
1.6013,1.836,4.2585,248,1
1.6013,1.836,4.2585,248,1
1.6013,1.836,4.2585,248,1
1.6013,1.836,4.2585,248,1
1.6013,1.836,4.2585,248,1
1.6013,1.836,4.2585,248,1
1.6013,1.836,4.2585,248,1
1.6013,1.836,4.2585,248,1
1.6013,1.836,4.2585,248,1
1.6013,1.836,4.2585,248,1
1.6013,1.836,4.2585,248,1
1.6013,1.836,4.2585,248,1
1.6013,1.836,4.2585,248,1
1.6013,1.836,4.2585,248,1
1.6013,1.836,4.2585,248,1
1.6013,1.836,4.2585,248,1
1.6013,1.836,4.2585,248,1
1.6013,1.836,4.2585,248,1
1.6013,1.836,4.2585,248,1
1.6013,1.836,4.2585,248,1
1.6013,1.836,4.2585,248,1
1.6013,1.836,4.2585,248,1
1.6013,1.836,4.2585,248,1
1.6013,1.836,4.2585,248,1
1.6013,1.836,4.2585,248,1
1.6013,1.836,4.2585,248,1
1.6013,1.836,4.2585,248,1
1.6013,1.836,4.2585,248,1
1.6013,1.836,4.2585,248,1
1.6013,1.836,4.2585,248,1
1.6013,1.836,4.2585,248,1
1.6013,1.836,4.2585,248,1
1.6013,1.836,4.2585,248,1
1.6013,1.836,4.2585,248,1
1.6013,1.836,4.2585,248,1
1.6013,1.836,4.2585,248,1
1.6013,1.836,4.2585,248,1
1.6013,1.836,4.2585,248,1
1.6013,1.836,4.2585,248,1
1.6013,1.836,4.2585,248,1
1.6013,1.836,4.2585,248,1
1.6013,1.836,4.2585,248,1
1.6013,1.836,4.2585,248,1
1.6013,1.836,4.2585,248,1
1.6013,1.836,4.2585,248,1
1.6013,1.836,4.2585,248,1
1.6013,1.836,4.2585,248,1
1.6013,1.836,4.2585,248,1
1.6013,1.836,4.2585,248,1
1.6013,1.836,4.2585,248,1
1.6013,1.836,4.2585,248,1
1.6013,1.836,4.2585,248,1
1.6013,1.836,4.2585,248,1
1.6013,1.836,4.2585,248,1
1.6013,1.836,4.2585,248,1
1.6013,1.836,4.2585,248,1
1.6013,1.836,4.2585,248,1
1.6013,1.836,4.2585,248,1
1.6013,1.836,4.2585,248,1
1.6013,1.836,4.2585,248,1
1.6013,1.836,4.2585,248,1
1.6013,1.836,4.2585,248,1
1.6013,1.836,4.2585,248,1
1.6013,1.836,4.2585,248,1
1.6013,1.836,4.2585,248,1
1.6013,1.836,4.2585,248,1
1.6013,1.836,4.2585,248,1
1.6013,1.836,4.2585,248,1
1.6013,1.836,4.2585,248,1
1.6013,1.836,4.2585,248,1
1.6013,1.836,4.2585,248,1
1.6011,1.8363,4.259,248,1
1.6011,1.8363,4.259,248,1
1.6011,1.8363,4.259,248,1
1.6011,1.8363,4.259,248,1
1.6011,1.8363,4.259,248,1
1.6011,1.8363,4.259,248,1
1.6011,1.8363,4.259,248,1
1.6011,1.8363,4.259,248,1
1.6011,1.8363,4.259,248,1
1.6013,1.836,4.2585,248,1
1.6013,1.836,4.2585,248,1
1.6013,1.836,4.2585,248,1
1.6013,1.836,4.2585,248,1
1.6013,1.836,4.2585,248,1
1.6013,1.836,4.2585,248,1
1.6013,1.836,4.2585,248,1
1.6013,1.836,4.2585,248,1
1.6013,1.836,4.2585,248,1
1.6013,1.836,4.2585,248,1
1.6013,1.836,4.2585,248,1
1.6013,1.836,4.2585,248,1
1.6013,1.836,4.2585,248,1
1.6013,1.836,4.2585,248,1
1.6013,1.836,4.2585,248,1
1.6013,1.836,4.2585,248,1
1.6013,1.836,4.2585,248,1
1.6013,1.836,4.2585,248,1
1.6013,1.836,4.2585,248,1
1.6013,1.836,4.2585,248,1
1.6013,1.836,4.2585,248,1
1.6013,1.836,4.2585,248,1
1.6013,1.836,4.2585,248,1
1.6013,1.836,4.2585,248,1
1.6011,1.8363,4.259,248,1
1.6011,1.8363,4.259,248,1
1.6011,1.8363,4.259,248,1
1.6011,1.8363,4.259,248,1
1.6011,1.8363,4.259,248,1
1.6011,1.8363,4.259,248,1
1.6013,1.836,4.2585,248,1
1.6011,1.8363,4.259,248,1
1.6011,1.8363,4.259,248,1
1.6011,1.8363,4.259,248,1
1.6013,1.836,4.2585,248,1
1.6013,1.836,4.2585,248,1
1.6013,1.836,4.2585,248,1
1.6013,1.836,4.2585,248,1
1.6013,1.836,4.2585,248,1
1.6013,1.836,4.2585,248,1
1.6013,1.836,4.2585,248,1
1.6013,1.836,4.2585,248,1
1.6013,1.836,4.2585,248,1
1.6013,1.836,4.2585,248,1
1.6013,1.836,4.2585,248,1
1.6013,1.836,4.2585,248,1
1.6013,1.836,4.2585,248,1
1.6013,1.836,4.2585,248,1
1.6013,1.836,4.2585,248,1
1.6013,1.836,4.2585,248,1
1.6013,1.836,4.2585,248,1
1.6013,1.836,4.2585,248,1
1.6013,1.836,4.2585,248,1
1.6013,1.836,4.2585,248,1
1.6013,1.836,4.2585,248,1
1.6013,1.836,4.2585,248,1
1.6013,1.836,4.2585,248,1
1.6013,1.836,4.2585,248,1
1.6013,1.836,4.2585,248,1
1.6013,1.836,4.2585,248,1
1.6013,1.836,4.2585,248,1
1.6013,1.836,4.2585,248,1
1.6013,1.836,4.2585,248,1
1.6013,1.836,4.2585,248,1
1.6013,1.836,4.2585,248,1
1.6013,1.836,4.2585,248,1
1.6013,1.836,4.2585,248,1
1.6013,1.836,4.2585,248,1
1.6013,1.836,4.2585,248,1
1.6013,1.836,4.2585,248,1
1.6013,1.836,4.2585,248,1
1.6013,1.836,4.2585,248,1
1.6013,1.836,4.2585,248,1
1.6013,1.836,4.2585,248,1
1.6013,1.836,4.2585,248,1
1.6013,1.836,4.2585,248,1
1.6013,1.836,4.2585,248,1
1.6013,1.836,4.2585,248,1
1.6013,1.836,4.2585,248,1
1.6013,1.836,4.2585,248,1
1.6013,1.836,4.2585,248,1
1.6013,1.836,4.2585,248,1
1.6013,1.836,4.2585,248,1
1.6013,1.836,4.2585,248,1
1.6013,1.836,4.2585,248,1
1.6013,1.836,4.2585,248,1
1.6013,1.836,4.2585,248,1
1.6013,1.836,4.2585,248,1
1.6013,1.836,4.2585,248,1
1.6011,1.8363,4.259,248,1
1.6011,1.8363,4.259,248,1
1.6013,1.836,4.2585,248,1
1.6011,1.8363,4.259,248,1
1.6013,1.836,4.2585,248,1
1.6013,1.836,4.2585,248,1
1.6013,1.836,4.2585,248,1
1.6013,1.836,4.2585,248,1
1.6013,1.836,4.2585,248,1
1.6013,1.836,4.2585,248,1
1.6013,1.836,4.2585,248,1
1.6013,1.836,4.2585,248,1
1.6013,1.836,4.2585,248,1
1.6013,1.836,4.2585,248,1
1.6013,1.836,4.2585,248,1
1.6013,1.836,4.2585,248,1
1.6013,1.836,4.2585,248,1
1.6013,1.836,4.2585,248,1
1.6013,1.836,4.2585,248,1
1.6013,1.836,4.2585,248,1
1.6013,1.836,4.2585,248,1
1.6013,1.836,4.2585,248,1
1.6013,1.836,4.2585,248,1
1.6013,1.836,4.2585,248,1
1.6013,1.836,4.2585,248,1
1.6013,1.836,4.2585,248,1
1.6013,1.836,4.2585,248,1
1.6013,1.836,4.2585,248,1
1.6013,1.836,4.2585,248,1
1.6013,1.836,4.2585,248,1
1.6013,1.836,4.2585,248,1
1.6013,1.836,4.2585,248,1
1.6013,1.836,4.2585,248,1
1.6013,1.836,4.2585,248,1
1.6013,1.836,4.2585,248,1
1.6013,1.836,4.2585,248,1
1.6013,1.836,4.2585,248,1
1.6013,1.836,4.2585,248,1
1.6013,1.836,4.2585,248,1
1.6013,1.836,4.2585,248,1
1.6013,1.836,4.2585,248,1
1.6013,1.836,4.2585,248,1
1.6013,1.836,4.2585,248,1
1.6013,1.836,4.2585,248,1
1.6013,1.836,4.2585,248,1
1.6013,1.836,4.2585,248,1
1.6013,1.836,4.2585,248,1
1.6013,1.836,4.2585,248,1
1.6011,1.8363,4.259,248,1
1.6011,1.8363,4.259,248,1
1.6013,1.836,4.2585,248,1
1.6013,1.836,4.2585,248,1
1.6013,1.836,4.2585,248,1
1.6013,1.836,4.2585,248,1
1.6013,1.836,4.2585,248,1
1.6013,1.836,4.2585,248,1
1.6013,1.836,4.2585,248,1
1.6013,1.836,4.2585,248,1
1.6011,1.8363,4.259,248,1
1.6011,1.8363,4.259,248,1
1.6011,1.8363,4.259,248,1
1.6011,1.8363,4.259,248,1
1.6011,1.8363,4.259,248,1
1.7472,1.7194,4.2478,13,2
1.7472,1.7194,4.2478,13,2
1.7484,1.7188,4.2483,13,2
1.7482,1.7192,4.2475,13,2
1.7484,1.7188,4.2483,13,2
1.7484,1.7188,4.2483,13,2
1.7484,1.7188,4.2483,13,2
1.7472,1.7194,4.2478,13,2
1.7472,1.7194,4.2478,13,2
1.7472,1.7194,4.2478,13,2
1.7472,1.7194,4.2478,13,2
1.3599,2.904,3.8076,19,3
1.3703,2.905,3.8197,19,3
1.3599,2.904,3.8076,19,3
1.3703,2.905,3.8197,19,3
1.2059,2.8275,3.5699,19,3
1.3599,2.904,3.8076,19,3
1.3703,2.905,3.8197,19,3
1.3703,2.905,3.8197,19,3
1.3599,2.904,3.8076,19,3
1.2059,2.8275,3.5699,19,3
1.3626,2.904,3.8115,19,3
1.2059,2.8275,3.5699,19,3
1.3703,2.905,3.8197,19,3
1.3703,2.905,3.8197,19,3
1.3703,2.905,3.8197,19,3
1.3703,2.905,3.8197,19,3
1.3626,2.904,3.8115,19,3
1.3703,2.905,3.8197,19,3
1.2059,2.8275,3.5699,19,3
1.2059,2.8275,3.5699,19,3
0.95702,2.1447,3.0238,20,4
0.95702,2.1447,3.0238,20,4
0.95979,2.1436,3.0241,20,4
0.95979,2.1436,3.0241,20,4
0.95702,2.1447,3.0238,20,4
0.95979,2.1436,3.0241,20,4
0.95979,2.1436,3.0241,20,4
0.95979,2.1436,3.0241,20,4
0.95702,2.1447,3.0238,20,4
0.95702,2.1447,3.0238,20,4
0.95702,2.1447,3.0238,20,4
1.0712,2.4478,3.0528,25,5
1.0712,2.4478,3.0528,25,5
1.0712,2.4478,3.0528,25,5
1.0712,2.4478,3.0528,25,5
1.0716,2.4481,3.0537,25,5
1.0716,2.4481,3.0537,25,5
1.0716,2.4481,3.0537,25,5
1.071,2.4481,3.0525,25,5
1.0712,2.4478,3.0528,25,5
1.0712,2.4478,3.0528,25,5
1.0716,2.4481,3.0537,25,5
1.071,2.4481,3.0525,25,5
1.071,2.4481,3.0525,25,5
1.0712,2.4478,3.0528,25,5
1.071,2.4481,3.0525,25,5
1.071,2.4481,3.0525,25,5
1.0716,2.4481,3.0537,25,5
1.0712,2.4478,3.0528,25,5
1.0716,2.4481,3.0537,25,5
1.0716,2.4481,3.0537,25,5
1.7869,1.6715,3.387,27,6
1.7864,1.6725,3.3867,27,6
1.7864,1.6723,3.3865,27,6
1.7864,1.6723,3.3865,27,6
1.7867,1.6724,3.3865,27,6
1.7864,1.6723,3.3865,27,6
1.7864,1.6723,3.3865,27,6
1.7864,1.672,3.3869,27,6
1.7864,1.672,3.3869,27,6
1.7864,1.6723,3.3865,27,6
1.7864,1.672,3.3869,27,6
1.7864,1.672,3.3869,27,6
1.7869,1.6723,3.3871,27,6
1.7869,1.6723,3.3871,27,6
1.7864,1.6725,3.3867,27,6
1.7867,1.6724,3.3865,27,6
1.7864,1.672,3.3869,27,6
1.7873,1.672,3.3866,27,6
1.7873,1.672,3.3866,27,6
1.7864,1.672,3.3869,27,6
1.7864,1.672,3.3869,27,6
1.7864,1.672,3.3869,27,6
1.7864,1.672,3.3869,27,6
1.7864,1.672,3.3869,27,6
1.7869,1.6723,3.3871,27,6
1.7869,1.6723,3.3871,27,6
1.7864,1.6725,3.3867,27,6
1.7864,1.6725,3.3867,27,6
1.7869,1.6723,3.3871,27,6
1.7869,1.6715,3.387,27,6
1.7864,1.6725,3.3867,27,6
1.7864,1.6725,3.3867,27,6
1.7864,1.672,3.3869,27,6
1.7865,1.6679,3.3899,29,7
1.7866,1.668,3.3899,29,7
1.7873,1.6693,3.389,29,7
1.7863,1.668,3.3899,29,7
1.7863,1.668,3.3899,29,7
1.7873,1.6693,3.389,29,7
1.7878,1.6702,3.3887,29,7
1.7873,1.6693,3.389,29,7
1.7878,1.6702,3.3887,29,7
1.7878,1.6702,3.3887,29,7
1.7866,1.6679,3.3899,29,7
1.7865,1.6679,3.3899,29,7
1.7863,1.668,3.3899,29,7
1.7878,1.6702,3.3887,29,7
1.7878,1.6702,3.3887,29,7
1.7878,1.6702,3.3887,29,7
1.7878,1.6702,3.3887,29,7
1.7863,1.668,3.3899,29,7
1.7863,1.668,3.3899,29,7
1.7863,1.668,3.3899,29,7
0.39676,2.1315,3.2065,31,8
0.39676,2.1315,3.2065,31,8
0.39676,2.1315,3.2065,31,8
0.39674,2.1316,3.2062,31,8
0.39625,2.1317,3.206,31,8
0.39674,2.1316,3.2062,31,8
0.39674,2.1316,3.2062,31,8
0.39625,2.1317,3.206,31,8
0.39625,2.1317,3.206,31,8
0.39625,2.1317,3.206,31,8
0.39595,2.1319,3.2058,31,8
0.39595,2.1319,3.2058,31,8
0.39545,2.1314,3.2056,31,8
0.39711,2.1315,3.2068,31,8
0.39545,2.1314,3.2056,31,8
0.39711,2.1315,3.2068,31,8
0.39674,2.1316,3.2062,31,8
0.39625,2.1317,3.206,31,8
0.39625,2.1317,3.206,31,8
0.39674,2.1316,3.2062,31,8
3.0062,2.8414,5.8125,35,9
3.0062,2.8414,5.8125,35,9
3.0052,2.8411,5.8115,35,9
3.0052,2.8411,5.8115,35,9
3.0055,2.841,5.813,35,9
3.0052,2.8411,5.8115,35,9
3.0052,2.8411,5.8115,35,9
3.0052,2.8411,5.8115,35,9
3.0052,2.8411,5.8115,35,9
3.0052,2.8411,5.8115,35,9
3.0065,2.8419,5.8125,35,9
3.0055,2.841,5.813,35,9
3.0055,2.841,5.813,35,9
3.0055,2.841,5.813,35,9
3.0062,2.8414,5.8125,35,9
3.0052,2.8411,5.8115,35,9
3.0052,2.8411,5.8115,35,9
3.0055,2.841,5.813,35,9
3.0052,2.8411,5.8115,35,9
3.0065,2.8419,5.8125,35,9
3.0065,2.8419,5.8125,35,9
3.0062,2.8414,5.8125,35,9
3.0065,2.8419,5.8125,35,9
3.0065,2.8419,5.8125,35,9
3.0052,2.8411,5.8115,35,9
3.0052,2.8411,5.8115,35,9
3.0052,2.8411,5.8115,35,9
1.0039,2.7153,2.8751,37,10
1.0059,2.7149,2.8774,37,10
1.0039,2.7153,2.8751,37,10
1.0059,2.7149,2.8774,37,10
1.0085,2.715,2.8801,37,10
1.0085,2.715,2.8801,37,10
1.0085,2.715,2.8801,37,10
1.0085,2.715,2.8801,37,10
1.0085,2.715,2.8801,37,10
1.0085,2.715,2.8801,37,10
1.0039,2.7153,2.8751,37,10
1.0039,2.7153,2.8751,37,10
1.0045,2.719,2.8799,37,10
1.0085,2.715,2.8801,37,10
1.0045,2.719,2.8799,37,10
1.0039,2.7153,2.8751,37,10
1.0084,2.7172,2.8821,37,10
1.0093,2.7177,2.8832,37,10
1.0093,2.7177,2.8832,37,10
1.8143,2.5881,3.9962,38,11
1.8133,2.589,3.9963,38,11
1.8157,2.5882,3.9982,38,11
1.8148,2.589,3.9982,38,11
1.8162,2.5863,4.0002,38,11
1.8175,2.5891,3.9996,38,11
1.8175,2.5891,3.9996,38,11
1.8175,2.5896,3.999,38,11
1.8175,2.5891,3.9996,38,11
1.8175,2.5891,3.9996,38,11
1.8175,2.5896,3.999,38,11
1.8164,2.5909,3.9996,38,11
1.8195,2.589,4.0029,38,11
1.8177,2.5906,4.0007,38,11
1.8195,2.5896,4.0029,38,11
1.8195,2.5896,4.0029,38,11
1.8207,2.5888,4.0038,38,11
1.8195,2.589,4.0029,38,11
1.8207,2.5888,4.0038,38,11
1.8195,2.589,4.0029,38,11
1.8207,2.5888,4.0038,38,11
1.8148,2.589,3.9982,38,11
1.8152,2.5895,3.9994,38,11
1.8148,2.589,3.9982,38,11
1.8152,2.5895,3.9994,38,11
1.8133,2.589,3.9963,38,11
1.8158,2.5879,3.9975,38,11
1.8175,2.5896,3.999,38,11
1.8162,2.5863,4.0002,38,11
1.8162,2.5863,4.0002,38,11
1.8175,2.5896,3.999,38,11
1.8175,2.5896,3.999,38,11
1.8177,2.5906,4.0007,38,11
1.8177,2.5906,4.0007,38,11
1.8142,2.5895,3.9981,38,11
1.8142,2.5895,3.9981,38,11
1.8152,2.5895,3.9994,38,11
1.8152,2.5895,3.9994,38,11
1.8219,2.5896,4.0065,38,11
1.8219,2.5896,4.0065,38,11
1.8219,2.5896,4.0065,38,11
1.8143,2.5881,3.9962,38,11
1.8143,2.5881,3.9962,38,11
1.8133,2.589,3.9963,38,11
1.8177,2.5906,4.0007,38,11
1.8195,2.5896,4.0029,38,11
1.8195,2.5896,4.0029,38,11
1.8195,2.5896,4.0029,38,11
1.8965,1.9161,4.4931,49,12
1.8965,1.9161,4.4931,49,12
1.8965,1.9169,4.4924,49,12
1.8965,1.9169,4.4924,49,12
1.8956,1.9169,4.4924,49,12
1.8965,1.9169,4.4924,49,12
1.8965,1.9169,4.4924,49,12
1.8956,1.9169,4.4924,49,12
1.8967,1.917,4.4921,49,12
1.8967,1.917,4.4921,49,12
1.8981,1.9161,4.4934,49,12
1.8981,1.9161,4.4934,49,12
1.8981,1.9161,4.4934,49,12
1.8956,1.9169,4.4924,49,12
1.8956,1.9169,4.4924,49,12
1.8966,1.9161,4.4931,49,12
1.8966,1.9161,4.4931,49,12
1.8956,1.9171,4.4914,49,12
1.8967,1.917,4.4921,49,12
1.8956,1.9171,4.4914,49,12
1.8967,1.917,4.4921,49,12
1.8967,1.917,4.4921,49,12
1.8982,1.9153,4.4935,49,12
1.8982,1.9153,4.4935,49,12
1.8981,1.9161,4.4934,49,12
1.8981,1.9161,4.4934,49,12
1.8981,1.9161,4.4934,49,12
1.8965,1.9161,4.4931,49,12
1.8965,1.9161,4.4931,49,12
1.944,2.6001,4.8859,56,13
1.944,2.6001,4.8859,56,13
1.944,2.6001,4.8859,56,13
1.9466,2.601,4.8905,56,13
1.9486,2.6014,4.8948,56,13
1.9467,2.6015,4.8907,56,13
1.9486,2.6014,4.8948,56,13
1.9486,2.6014,4.8948,56,13
1.9478,2.6018,4.8943,56,13
1.9492,2.6026,4.897,56,13
1.9492,2.6026,4.897,56,13
1.9503,2.6036,4.8981,56,13
1.9492,2.6026,4.897,56,13
1.9503,2.6036,4.8981,56,13
1.9491,2.602,4.8964,56,13
1.9498,2.6028,4.8977,56,13
1.9491,2.602,4.8964,56,13
1.9503,2.6036,4.8981,56,13
1.8297,2.4638,4.734,56,13
1.8343,2.4635,4.738,56,13
1.944,2.6001,4.8859,56,13
1.9467,2.6015,4.8907,56,13
1.944,2.6001,4.8859,56,13
1.9466,2.601,4.8905,56,13
1.9493,2.6006,4.8943,56,13
1.8343,2.4635,4.738,56,13
1.9484,2.6022,4.8965,56,13
1.9484,2.6022,4.8965,56,13
1.9455,2.6017,4.8897,56,13
1.9455,2.6017,4.8897,56,13
1.9503,2.6036,4.8981,56,13
1.9503,2.6036,4.8981,56,13
1.9492,2.6026,4.897,56,13
1.9478,2.6018,4.8943,56,13
1.9478,2.6018,4.8943,56,13
1.9498,2.6028,4.8977,56,13
1.9503,2.6036,4.8981,56,13
1.9498,2.6028,4.8977,56,13
1.9503,2.6036,4.8981,56,13
1.9503,2.6036,4.8981,56,13
1.8259,2.1981,4.4041,59,14
1.8259,2.1981,4.4041,59,14
1.6828,2.2325,4.2911,59,14
1.6823,2.2303,4.2882,59,14
1.6828,2.2325,4.2911,59,14
1.6823,2.2303,4.2882,59,14
1.6823,2.2303,4.2882,59,14
1.6823,2.2303,4.2882,59,14
1.6823,2.2303,4.2882,59,14
1.6823,2.2303,4.2882,59,14
1.6823,2.2303,4.2882,59,14
1.6823,2.2303,4.2882,59,14
1.6823,2.2303,4.2882,59,14
1.8259,2.1981,4.4041,59,14
1.6834,2.2328,4.2915,59,14
1.6834,2.2328,4.2915,59,14
1.6828,2.2325,4.2911,59,14
1.6828,2.2325,4.2911,59,14
1.6823,2.2303,4.2882,59,14
1.6823,2.2303,4.2882,59,14
1.6823,2.2303,4.2882,59,14
1.6823,2.2303,4.2882,59,14
1.6823,2.2303,4.2882,59,14
1.6823,2.2303,4.2882,59,14
1.6823,2.2303,4.2882,59,14
1.6823,2.2303,4.2882,59,14
1.8259,2.1981,4.4041,59,14
1.8259,2.1981,4.4041,59,14
1.8259,2.1981,4.4041,59,14
0.39526,2.3729,3.4426,64,15
0.39526,2.3729,3.4426,64,15
0.39306,2.3735,3.441,64,15
0.39306,2.3735,3.441,64,15
0.3931,2.374,3.4412,64,15
0.3931,2.374,3.4412,64,15
0.3931,2.374,3.4412,64,15
0.3944,2.3744,3.4417,64,15
0.39252,2.375,3.4405,64,15
0.39518,2.3734,3.4408,64,15
0.39518,2.3734,3.4408,64,15
0.39518,2.3734,3.4408,64,15
0.39518,2.3734,3.4408,64,15
0.39425,2.372,3.4406,64,15
0.39425,2.372,3.4406,64,15
0.39425,2.372,3.4406,64,15
0.3944,2.3744,3.4417,64,15
0.39585,2.3718,3.4426,64,15
0.39585,2.3718,3.4426,64,15
0.3931,2.374,3.4412,64,15
0.3931,2.374,3.4412,64,15
0.39252,2.375,3.4405,64,15
0.395,2.3734,3.4407,64,15
0.39515,2.371,3.44,64,15
0.395,2.3734,3.4407,64,15
0.39526,2.3729,3.4426,64,15
0.39526,2.3729,3.4426,64,15
0.39526,2.3729,3.4426,64,15
0.39306,2.3735,3.441,64,15
0.39365,2.3749,3.4416,64,15
0.39365,2.3749,3.4416,64,15
0.3944,2.3744,3.4417,64,15
0.39512,2.373,3.4407,64,15
0.39512,2.373,3.4407,64,15
0.39425,2.372,3.4406,64,15
0.39425,2.372,3.4406,64,15
1.6602,1.6324,4.0844,66,16
1.661,1.632,4.0843,66,16
1.6604,1.6321,4.0837,66,16
1.6603,1.6322,4.0838,66,16
1.6605,1.6322,4.0831,66,16
1.6612,1.6318,4.0825,66,16
1.661,1.6323,4.0829,66,16
1.6615,1.6318,4.0822,66,16
1.6612,1.6318,4.0825,66,16
1.6612,1.6318,4.0825,66,16
1.6615,1.6318,4.0822,66,16
1.6619,1.6317,4.0821,66,16
1.6619,1.6317,4.0821,66,16
1.6618,1.6315,4.0817,66,16
1.662,1.6324,4.0818,66,16
1.662,1.6324,4.0818,66,16
1.6605,1.632,4.081,66,16
1.662,1.6342,4.0817,66,16
1.6622,1.634,4.0819,66,16
1.6622,1.634,4.0819,66,16
1.6622,1.634,4.0819,66,16
1.6632,1.6336,4.0817,66,16
1.6632,1.6336,4.0817,66,16
1.6625,1.6323,4.0826,66,16
1.662,1.6327,4.0831,66,16
1.661,1.6323,4.0829,66,16
1.662,1.6327,4.0831,66,16
1.661,1.6323,4.0829,66,16
1.6607,1.6325,4.0833,66,16
1.6603,1.6322,4.0838,66,16
1.6613,1.6316,4.0844,66,16
1.6614,1.6313,4.0871,66,16
1.6614,1.6313,4.0871,66,16
1.6614,1.6313,4.0871,66,16
1.6613,1.6316,4.0844,66,16
1.662,1.6314,4.0817,66,16
1.6616,1.6318,4.082,66,16
1.6616,1.6318,4.082,66,16
1.6616,1.6318,4.082,66,16
1.6625,1.6312,4.0822,66,16
1.6625,1.6312,4.0822,66,16
1.6607,1.6322,4.0824,66,16
1.6607,1.6322,4.0824,66,16
1.6598,1.6327,4.0839,66,16
1.6598,1.6327,4.0839,66,16
1.6605,1.632,4.081,66,16
1.6605,1.632,4.081,66,16
1.662,1.6314,4.0817,66,16
1.662,1.6342,4.0817,66,16
1.6607,1.6325,4.0833,66,16
1.662,1.6327,4.0831,66,16
1.6605,1.6322,4.0837,66,16
1.6613,1.6316,4.0844,66,16
1.6613,1.6316,4.0844,66,16
1.662,1.6327,4.0831,66,16
1.662,1.6327,4.0831,66,16
1.6622,1.634,4.0819,66,16
1.6622,1.634,4.0819,66,16
1.662,1.6342,4.0817,66,16
1.6622,1.634,4.0819,66,16
1.6622,1.634,4.0819,66,16
1.0061,2.0602,3.2739,70,17
1.0061,2.0602,3.2739,70,17
1.0061,2.0602,3.2739,70,17
1.0041,2.0628,3.2734,70,17
1.0041,2.0628,3.2734,70,17
1.0061,2.0602,3.2739,70,17
1.0061,2.0602,3.2739,70,17
1.0061,2.0602,3.2739,70,17
1.0065,2.0594,3.2736,70,17
1.0061,2.0602,3.2739,70,17
1.0045,2.0625,3.2738,70,17
2.5433,2.2974,4.2881,74,18
2.5441,2.2961,4.2885,74,18
2.5441,2.2961,4.2885,74,18
2.5433,2.2974,4.2881,74,18
2.5433,2.2974,4.2881,74,18
2.5441,2.2961,4.2885,74,18
2.5441,2.2961,4.2885,74,18
2.5441,2.2961,4.2885,74,18
2.5433,2.2974,4.2881,74,18
2.5441,2.2961,4.2885,74,18
2.5441,2.2961,4.2885,74,18
4.6099,3.0014,0.49739,78,19
4.6125,3.0013,0.50025,78,19
4.6188,3.0015,0.50674,78,19
4.6125,3.0013,0.50025,78,19
4.6188,3.0015,0.50674,78,19
4.6188,3.0015,0.50674,78,19
4.6125,3.0013,0.50025,78,19
4.6188,3.0015,0.50674,78,19
4.6225,3.0015,0.51099,78,19
4.6225,3.0015,0.51099,78,19
4.6098,3.0026,0.49722,78,19
4.6225,3.0015,0.51099,78,19
4.6225,3.0015,0.51099,78,19
4.6225,3.0015,0.51099,78,19
4.6099,3.0014,0.49739,78,19
4.6099,3.0014,0.49739,78,19
4.6225,3.0015,0.51099,78,19
4.6225,3.0015,0.51099,78,19
4.6125,3.0013,0.50025,78,19
4.6125,3.0013,0.50025,78,19
4.6125,3.0013,0.50025,78,19
4.6099,3.0014,0.49739,78,19
4.6125,3.0013,0.50025,78,19
4.6099,3.0014,0.49739,78,19
2.3214,2.7569,4.5931,82,20
2.3224,2.7568,4.5939,82,20
2.3224,2.7568,4.5939,82,20
2.3227,2.7568,4.5945,82,20
2.3224,2.7558,4.5937,82,20
2.3227,2.7568,4.5945,82,20
2.3214,2.7552,4.5928,82,20
2.3214,2.7552,4.5928,82,20
2.322,2.757,4.5936,82,20
2.3174,2.7575,4.5889,82,20
2.3174,2.7575,4.5889,82,20
2.3182,2.758,4.5895,82,20
2.3174,2.7575,4.5889,82,20
2.3174,2.7575,4.5889,82,20
2.3182,2.758,4.5895,82,20
2.3168,2.7592,4.5878,82,20
2.3168,2.7592,4.5878,82,20
2.3168,2.7592,4.5878,82,20
2.3167,2.7597,4.5878,82,20
2.3167,2.7597,4.5878,82,20
2.3167,2.7597,4.5878,82,20
2.3174,2.7575,4.5889,82,20
2.3174,2.7575,4.5889,82,20
2.3224,2.7561,4.5934,82,20
2.3225,2.7574,4.5939,82,20
2.3225,2.7574,4.5939,82,20
2.3225,2.7574,4.5939,82,20
2.3225,2.7574,4.5939,82,20
2.322,2.7575,4.5941,82,20
2.318,2.7583,4.5892,82,20
2.3234,2.7573,4.5957,82,20
2.3162,2.76,4.5883,82,20
2.3162,2.76,4.5883,82,20
2.3167,2.7597,4.5878,82,20
2.3167,2.7597,4.5878,82,20
2.3167,2.7597,4.5878,82,20
2.3167,2.7597,4.5878,82,20
2.3214,2.7569,4.5931,82,20
2.3214,2.7569,4.5931,82,20
2.3214,2.7569,4.5931,82,20
2.3225,2.7574,4.5939,82,20
2.3214,2.7569,4.5931,82,20
2.3222,2.7565,4.5939,82,20
2.3222,2.7565,4.5939,82,20
2.3224,2.7561,4.5934,82,20
2.3224,2.7561,4.5934,82,20
2.3174,2.7575,4.5889,82,20
2.3167,2.7597,4.5878,82,20
2.3174,2.7575,4.5889,82,20
2.3174,2.7575,4.5889,82,20
2.3224,2.7561,4.5934,82,20
2.3224,2.7561,4.5934,82,20
2.6396,2.4472,4.9908,99,21
2.6396,2.4472,4.9908,99,21
2.6398,2.4472,4.991,99,21
2.6398,2.4472,4.991,99,21
2.6398,2.4472,4.991,99,21
2.6398,2.4472,4.991,99,21
2.6398,2.4472,4.991,99,21
2.6398,2.4472,4.991,99,21
2.6398,2.4472,4.991,99,21
2.6398,2.4472,4.991,99,21
2.6398,2.4472,4.991,99,21
2.6404,2.447,4.9917,99,21
2.6396,2.4472,4.9908,99,21
2.6398,2.4472,4.991,99,21
2.6398,2.4472,4.991,99,21
2.6398,2.4472,4.991,99,21
2.6396,2.4472,4.9908,99,21
2.6396,2.4472,4.9908,99,21
2.6398,2.4472,4.991,99,21
2.6398,2.4472,4.991,99,21
2.6398,2.4472,4.991,99,21
2.6404,2.447,4.9917,99,21
2.6404,2.447,4.9917,99,21
2.6404,2.447,4.9917,99,21
2.6396,2.4472,4.9908,99,21
2.6404,2.447,4.9917,99,21
2.6396,2.4472,4.9908,99,21
2.6396,2.4472,4.9908,99,21
2.6396,2.4472,4.9908,99,21
2.6398,2.4472,4.991,99,21
2.6398,2.4472,4.991,99,21
1.6039,2.4356,3.4698,101,22
1.6039,2.4356,3.4698,101,22
1.6039,2.4356,3.4698,101,22
1.6039,2.4356,3.4698,101,22
1.6039,2.4356,3.4698,101,22
1.6039,2.4356,3.4698,101,22
1.6008,2.4359,3.4684,101,22
1.6008,2.4359,3.4684,101,22
1.6039,2.4356,3.4698,101,22
1.6039,2.4356,3.4698,101,22
1.6039,2.4356,3.4698,101,22
1.6039,2.4356,3.4698,101,22
1.6039,2.4356,3.4698,101,22
1.6039,2.4356,3.4698,101,22
1.6039,2.4356,3.4698,101,22
1.6039,2.4356,3.4698,101,22
1.6609,1.6329,4.0858,103,23
1.6609,1.6329,4.0858,103,23
1.66,1.6329,4.0844,103,23
1.6609,1.6329,4.0858,103,23
1.66,1.6329,4.0844,103,23
1.66,1.6329,4.0844,103,23
1.6609,1.6325,4.0839,103,23
1.6609,1.6325,4.0839,103,23
1.661,1.6326,4.0843,103,23
1.6609,1.6325,4.0839,103,23
1.6609,1.6325,4.0839,103,23
1.661,1.6326,4.0843,103,23
1.6609,1.6325,4.0839,103,23
1.661,1.6326,4.0843,103,23
1.661,1.6326,4.0843,103,23
1.6597,1.633,4.0843,103,23
1.6597,1.633,4.0843,103,23
1.6609,1.6329,4.0858,103,23
1.6609,1.6325,4.0839,103,23
1.6609,1.6325,4.0839,103,23
1.6608,1.6325,4.0841,103,23
1.6608,1.6325,4.0841,103,23
1.6619,1.6322,4.0859,103,23
1.6596,1.6331,4.0841,103,23
1.6597,1.633,4.0843,103,23
1.6597,1.633,4.0843,103,23
1.6597,1.633,4.0843,103,23
1.661,1.6326,4.0843,103,23
1.661,1.6326,4.0843,103,23
1.661,1.6326,4.0843,103,23
1.6609,1.6325,4.0839,103,23
1.6609,1.6325,4.0839,103,23
1.661,1.6326,4.0843,103,23
1.8397,1.9875,3.7268,110,24
1.8397,1.9875,3.7268,110,24
1.8394,1.9877,3.7269,110,24
1.8394,1.9877,3.7269,110,24
1.8401,1.9865,3.727,110,24
1.8407,1.9866,3.7265,110,24
1.8407,1.9866,3.7265,110,24
1.8414,1.9869,3.7271,110,24
1.8407,1.9866,3.7265,110,24
1.8407,1.9866,3.7265,110,24
1.8414,1.9869,3.7271,110,24
1.8407,1.9866,3.7265,110,24
1.8407,1.9866,3.7265,110,24
1.8401,1.9865,3.727,110,24
1.8419,1.9871,3.7273,110,24
1.8404,1.9865,3.7259,110,24
1.8404,1.9865,3.7259,110,24
1.8419,1.9871,3.7273,110,24
1.8414,1.9869,3.7271,110,24
1.8414,1.9869,3.7271,110,24
1.8393,1.9884,3.7277,110,24
1.8393,1.9884,3.7277,110,24
1.8407,1.9866,3.7265,110,24
1.8407,1.9866,3.7265,110,24
1.8407,1.9866,3.7265,110,24
1.8397,1.9875,3.7268,110,24
1.8397,1.9875,3.7268,110,24
1.8407,1.9866,3.7265,110,24
1.8407,1.9866,3.7265,110,24
1.1414,2.2646,3.2612,112,25
1.1411,2.2653,3.2609,112,25
1.141,2.265,3.2604,112,25
1.1407,2.2654,3.26,112,25
1.141,2.265,3.2604,112,25
1.1407,2.2654,3.26,112,25
1.1401,2.2657,3.2591,112,25
1.1404,2.2655,3.2589,112,25
1.1404,2.2655,3.2589,112,25
0.87949,2.3073,2.8687,112,25
0.87949,2.3073,2.8687,112,25
1.1401,2.2657,3.2591,112,25
0.87949,2.3073,2.8687,112,25
1.1401,2.2657,3.2591,112,25
1.1407,2.2654,3.26,112,25
1.1411,2.2653,3.2609,112,25
0.87949,2.3073,2.8687,112,25
0.87949,2.3073,2.8687,112,25
0.87949,2.3073,2.8687,112,25
1.1416,2.2634,3.2616,112,25
1.1416,2.2634,3.2616,112,25
1.141,2.265,3.2604,112,25
1.141,2.265,3.2604,112,25
1.1404,2.2655,3.2589,112,25
1.1404,2.2655,3.2589,112,25
1.1402,2.2658,3.2599,112,25
1.1402,2.2658,3.2599,112,25
1.1418,2.2652,3.2616,112,25
1.0593,2.3615,3.066,112,25
1.0593,2.3615,3.066,112,25
1.0593,2.3615,3.066,112,25
0.87949,2.3073,2.8687,112,25
0.87949,2.3073,2.8687,112,25
0.87949,2.3073,2.8687,112,25
1.1404,2.2655,3.2589,112,25
0.87949,2.3073,2.8687,112,25
0.87949,2.3073,2.8687,112,25
0.87949,2.3073,2.8687,112,25
1.142,2.2649,3.2619,112,25
1.1418,2.2652,3.2616,112,25
0.87949,2.3073,2.8687,112,25
1.2438,2.6907,3.3141,114,26
1.2424,2.6907,3.3123,114,26
1.2385,2.69,3.3086,114,26
1.2448,2.6903,3.3141,114,26
1.2424,2.6907,3.3123,114,26
1.2385,2.69,3.3086,114,26
1.2448,2.6903,3.3141,114,26
1.2423,2.69,3.3109,114,26
1.2385,2.69,3.3086,114,26
1.2356,2.6901,3.3063,114,26
1.2385,2.69,3.3086,114,26
1.2356,2.6901,3.3063,114,26
1.2356,2.6901,3.3063,114,26
1.2356,2.6901,3.3063,114,26
1.2423,2.69,3.3109,114,26
1.2423,2.69,3.3109,114,26
1.2423,2.69,3.3109,114,26
1.2446,2.6902,3.3145,114,26
1.2446,2.6902,3.3145,114,26
1.2438,2.6907,3.3141,114,26
1.2438,2.6907,3.3141,114,26
1.2438,2.6907,3.3141,114,26
1.2356,2.6901,3.3063,114,26
1.2356,2.6901,3.3063,114,26
1.2356,2.6901,3.3063,114,26
1.2356,2.6901,3.3063,114,26
1.2356,2.6901,3.3063,114,26
1.4662,1.8663,4.1183,119,27
1.4662,1.8663,4.1183,119,27
1.4656,1.8659,4.1171,119,27
1.4663,1.8656,4.1173,119,27
1.4656,1.8659,4.1171,119,27
1.4663,1.8656,4.1173,119,27
1.4645,1.8664,4.1161,119,27
1.4645,1.8664,4.1161,119,27
1.4663,1.8656,4.1173,119,27
1.4688,1.865,4.119,119,27
1.4688,1.865,4.119,119,27
1.4663,1.8656,4.1173,119,27
1.4688,1.865,4.119,119,27
1.4663,1.8656,4.1173,119,27
1.4688,1.865,4.119,119,27
1.4626,1.8659,4.1148,119,27
1.4667,1.8664,4.1193,119,27
1.4667,1.8664,4.1193,119,27
1.4667,1.8664,4.1193,119,27
1.4645,1.8664,4.1161,119,27
1.4683,1.8657,4.1182,119,27
1.4645,1.8664,4.1161,119,27
1.4692,1.8653,4.1186,119,27
1.4692,1.8653,4.1186,119,27
1.4688,1.865,4.119,119,27
1.4662,1.8663,4.1183,119,27
1.4663,1.8656,4.1173,119,27
1.4663,1.8656,4.1173,119,27
1.4688,1.865,4.119,119,27
1.4688,1.865,4.119,119,27
1.4688,1.865,4.119,119,27
1.4688,1.865,4.119,119,27
1.4688,1.865,4.119,119,27
1.4662,1.8663,4.1183,119,27
1.4662,1.8663,4.1183,119,27
5.543,2.9022,1.8551,120,28
5.543,2.9022,1.8551,120,28
5.543,2.9022,1.8551,120,28
5.543,2.9022,1.8551,120,28
5.5428,2.9021,1.854,120,28
5.5428,2.9021,1.854,120,28
5.542,2.9018,1.8542,120,28
5.542,2.9018,1.8542,120,28
5.5428,2.9021,1.854,120,28
5.543,2.9022,1.8551,120,28
5.543,2.9022,1.8551,120,28
5.5428,2.9021,1.854,120,28
5.5428,2.9021,1.854,120,28
5.5428,2.9021,1.854,120,28
2.3502,2.1001,4.1912,129,29
2.3502,2.1001,4.1912,129,29
2.3502,2.1001,4.1912,129,29
2.3494,2.1009,4.1912,129,29
2.3486,2.1013,4.1921,129,29
2.3494,2.1009,4.1912,129,29
2.3486,2.1013,4.1921,129,29
2.3486,2.1013,4.1921,129,29
2.3487,2.1016,4.1921,129,29
2.3486,2.1013,4.1921,129,29
2.3484,2.1023,4.1923,129,29
2.3488,2.1022,4.1939,129,29
2.3484,2.1023,4.1923,129,29
2.3484,2.1023,4.1923,129,29
2.3488,2.1022,4.1939,129,29
2.3493,2.1032,4.1946,129,29
2.3484,2.1023,4.1923,129,29
2.3493,2.1032,4.1946,129,29
2.3493,2.1032,4.1946,129,29
2.3493,2.1032,4.1946,129,29
2.3484,2.1023,4.1923,129,29
2.3484,2.1023,4.1923,129,29
2.3486,2.1013,4.1921,129,29
2.3502,2.1001,4.1912,129,29
2.3497,2.1005,4.1912,129,29
2.3491,2.1014,4.1927,129,29
2.3492,2.1019,4.1934,129,29
2.3492,2.1019,4.1934,129,29
2.3489,2.1025,4.1944,129,29
2.3493,2.1032,4.1946,129,29
2.3493,2.1032,4.1946,129,29
2.3493,2.1032,4.1946,129,29
2.3493,2.1032,4.1946,129,29
2.3502,2.1001,4.1912,129,29
2.3502,2.1001,4.1912,129,29
2.3502,2.1001,4.1912,129,29
2.3502,2.1001,4.1912,129,29
2.3502,2.1001,4.1912,129,29
2.3486,2.1013,4.1921,129,29
2.3486,2.1013,4.1921,129,29
2.3484,2.1023,4.1923,129,29
2.3493,2.1032,4.1946,129,29
2.3484,2.1023,4.1923,129,29
2.3484,2.1023,4.1923,129,29
2.3486,2.1013,4.1921,129,29
2.3486,2.1013,4.1921,129,29
2.3502,2.1001,4.1912,129,29
0.60446,2.1403,3.7143,133,30
0.60446,2.1403,3.7143,133,30
0.60446,2.1403,3.7143,133,30
0.60446,2.1403,3.7143,133,30
0.60446,2.1403,3.7143,133,30
0.60446,2.1403,3.7143,133,30
0.60446,2.1403,3.7143,133,30
0.60446,2.1403,3.7143,133,30
0.60446,2.1403,3.7143,133,30
0.60554,2.139,3.7145,133,30
0.60554,2.139,3.7145,133,30
1.7014,2.0055,3.4514,104,31
1.7014,2.0055,3.4514,104,31
1.7014,2.0055,3.4514,104,31
1.7014,2.0055,3.4514,104,31
1.7014,2.0055,3.4514,104,31
1.7014,2.0055,3.4514,104,31
1.7019,2.0057,3.4525,104,31
1.7019,2.0057,3.4525,104,31
1.7015,2.0053,3.4528,104,31
1.7014,2.0055,3.4514,104,31
1.7014,2.0055,3.4514,104,31
1.7019,2.0057,3.4525,104,31
1.7014,2.0055,3.4514,104,31
1.7014,2.0055,3.4514,104,31
1.7014,2.0055,3.4514,104,31
1.7014,2.0055,3.4514,104,31
1.7015,2.0053,3.4528,104,31
1.7014,2.0055,3.4514,104,31
1.7014,2.0055,3.4514,104,31
1.1434,2.5614,3.0678,146,32
1.1434,2.5614,3.0678,146,32
1.1401,2.5637,3.0667,146,32
1.1434,2.5614,3.0678,146,32
1.1401,2.5637,3.0667,146,32
1.1401,2.5637,3.0667,146,32
1.1401,2.5637,3.0667,146,32
1.1401,2.5637,3.0667,146,32
1.1401,2.5637,3.0667,146,32
1.1401,2.5637,3.0667,146,32
1.1401,2.5637,3.0667,146,32
1.1401,2.5637,3.0667,146,32
1.1401,2.5637,3.0667,146,32
1.1401,2.5637,3.0667,146,32
1.1432,2.5619,3.0676,146,32
1.1434,2.5614,3.0678,146,32
1.1396,2.5638,3.0667,146,32
1.1434,2.5614,3.0678,146,32
1.1434,2.5614,3.0678,146,32
1.1434,2.5614,3.0678,146,32
1.1434,2.5614,3.0678,146,32
1.1401,2.5637,3.0667,146,32
1.1401,2.5637,3.0667,146,32
1.1401,2.5637,3.0667,146,32
1.1401,2.5637,3.0667,146,32
0.55251,2.7855,3.248,166,33
0.55515,2.7866,3.2507,166,33
0.55251,2.7855,3.248,166,33
0.55515,2.7866,3.2507,166,33
0.55255,2.7857,3.2477,166,33
0.55105,2.7863,3.2463,166,33
0.55105,2.7863,3.2463,166,33
0.55545,2.7854,3.2515,166,33
0.55515,2.7866,3.2507,166,33
0.55512,2.7882,3.2519,166,33
0.55515,2.7866,3.2507,166,33
0.55512,2.7882,3.2519,166,33
0.55512,2.7882,3.2519,166,33
0.55381,2.7864,3.2495,166,33
0.55512,2.7882,3.2519,166,33
0.55381,2.7864,3.2495,166,33
0.55545,2.7854,3.2515,166,33
0.55421,2.7867,3.2503,166,33
0.55506,2.783,3.2505,166,33
0.55421,2.7867,3.2503,166,33
0.55506,2.783,3.2505,166,33
0.55251,2.7855,3.248,166,33
0.55251,2.7855,3.248,166,33
0.55255,2.7857,3.2477,166,33
0.55527,2.7828,3.2504,166,33
0.55527,2.7828,3.2504,166,33
0.55255,2.7857,3.2477,166,33
0.55255,2.7857,3.2477,166,33
0.55381,2.7864,3.2495,166,33
0.55381,2.7864,3.2495,166,33
0.55421,2.7867,3.2503,166,33
0.55421,2.7867,3.2503,166,33
0.55506,2.783,3.2505,166,33
0.55506,2.783,3.2505,166,33
0.55506,2.783,3.2505,166,33
1.2646,2.5058,2.9758,167,34
1.2646,2.5058,2.9758,167,34
1.2642,2.5061,2.9755,167,34
1.2642,2.5061,2.9755,167,34
1.2631,2.506,2.9755,167,34
1.2642,2.5061,2.9755,167,34
1.2642,2.5061,2.9755,167,34
1.2631,2.506,2.9755,167,34
1.2642,2.5061,2.9755,167,34
1.2642,2.5061,2.9755,167,34
1.2646,2.5058,2.9758,167,34
1.2646,2.5058,2.9758,167,34
1.2631,2.506,2.9755,167,34
1.2631,2.506,2.9755,167,34
1.2622,2.506,2.9748,167,34
1.2622,2.506,2.9748,167,34
1.2631,2.506,2.9755,167,34
1.2631,2.506,2.9755,167,34
1.2642,2.5061,2.9755,167,34
1.2642,2.5061,2.9755,167,34
1.2642,2.5061,2.9755,167,34
1.2642,2.5061,2.9755,167,34
1.2646,2.5058,2.9758,167,34
1.2646,2.5058,2.9758,167,34
1.2642,2.5061,2.9755,167,34
1.2652,2.5054,2.9759,167,34
1.2652,2.5054,2.9759,167,34
1.2652,2.5054,2.9759,167,34
1.474,2.0925,4.3504,169,35
1.4741,2.0944,4.3496,169,35
1.474,2.0925,4.3504,169,35
1.4741,2.095,4.3492,169,35
1.4741,2.095,4.3492,169,35
1.4741,2.095,4.3492,169,35
1.4741,2.095,4.3492,169,35
1.4725,2.0961,4.348,169,35
1.4741,2.095,4.3492,169,35
1.4725,2.0961,4.348,169,35
1.4741,2.0944,4.3496,169,35
1.4723,2.0957,4.3483,169,35
1.474,2.0925,4.3504,169,35
1.474,2.0925,4.3504,169,35
1.474,2.0925,4.3504,169,35
1.474,2.0925,4.3504,169,35
1.4723,2.0957,4.3483,169,35
1.4725,2.0961,4.348,169,35
1.4725,2.0961,4.348,169,35
1.4736,2.0953,4.3498,169,35
1.4736,2.0953,4.3498,169,35
1.4735,2.0955,4.3486,169,35
0.45254,2.4495,2.7189,173,36
0.45254,2.4495,2.7189,173,36
0.45254,2.4495,2.7189,173,36
0.44973,2.4493,2.7162,173,36
0.44464,2.452,2.7126,173,36
0.44464,2.452,2.7126,173,36
0.44973,2.4493,2.7162,173,36
0.44464,2.452,2.7126,173,36
0.44464,2.452,2.7126,173,36
0.44535,2.4515,2.7136,173,36
0.44464,2.452,2.7126,173,36
0.44464,2.452,2.7126,173,36
0.44535,2.4515,2.7136,173,36
0.44432,2.4516,2.713,173,36
0.44464,2.452,2.7126,173,36
0.44432,2.4516,2.713,173,36
0.44432,2.4516,2.713,173,36
0.44432,2.4516,2.713,173,36
0.44394,2.4503,2.7122,173,36
0.44394,2.4503,2.7122,173,36
0.44432,2.4516,2.713,173,36
0.44411,2.4509,2.7128,173,36
0.44535,2.4515,2.7136,173,36
0.44526,2.4511,2.7138,173,36
0.44535,2.4515,2.7136,173,36
0.44526,2.4511,2.7138,173,36
0.44768,2.4495,2.7145,173,36
0.44768,2.4495,2.7145,173,36
0.44973,2.4493,2.7162,173,36
0.4484,2.4493,2.7147,173,36
0.44738,2.4497,2.7151,173,36
0.44738,2.4497,2.7151,173,36
0.44649,2.4491,2.7137,173,36
0.44738,2.4497,2.7151,173,36
0.44649,2.4491,2.7137,173,36
0.44738,2.4497,2.7151,173,36
0.44792,2.4497,2.7148,173,36
0.44792,2.4497,2.7148,173,36
0.44845,2.4498,2.7147,173,36
0.44649,2.4491,2.7137,173,36
0.45254,2.4495,2.7189,173,36
0.45236,2.4494,2.7184,173,36
0.45254,2.4495,2.7189,173,36
0.45236,2.4494,2.7184,173,36
0.4484,2.4493,2.7147,173,36
0.45254,2.4495,2.7189,173,36
0.45254,2.4495,2.7189,173,36
0.44432,2.4516,2.713,173,36
0.44464,2.452,2.7126,173,36
0.44464,2.452,2.7126,173,36
0.45254,2.4495,2.7189,173,36
0.44464,2.452,2.7126,173,36
0.44464,2.452,2.7126,173,36
0.44464,2.452,2.7126,173,36
0.44649,2.4491,2.7137,173,36
0.44394,2.4503,2.7122,173,36
0.44394,2.4503,2.7122,173,36
0.44394,2.4503,2.7122,173,36
0.44432,2.4516,2.713,173,36
0.22242,2.6167,3.3415,176,37
0.22242,2.6167,3.3415,176,37
0.22012,2.617,3.3407,176,37
0.22012,2.617,3.3407,176,37
0.21789,2.6177,3.3389,176,37
0.22015,2.6179,3.3407,176,37
0.22015,2.6179,3.3407,176,37
0.21789,2.6177,3.3389,176,37
0.22015,2.6179,3.3407,176,37
0.22015,2.6179,3.3407,176,37
0.21789,2.6177,3.3389,176,37
0.22069,2.6184,3.3407,176,37
0.22069,2.6184,3.3407,176,37
0.22069,2.6184,3.3407,176,37
0.22069,2.6184,3.3407,176,37
0.22069,2.6184,3.3407,176,37
0.22069,2.6184,3.3407,176,37
0.22489,2.6185,3.3418,176,37
0.22489,2.6185,3.3418,176,37
0.22489,2.6185,3.3418,176,37
0.22234,2.6179,3.3416,176,37
0.22448,2.6187,3.3424,176,37
0.22234,2.6179,3.3416,176,37
0.22448,2.6187,3.3424,176,37
0.22292,2.6188,3.3422,176,37
0.22292,2.6188,3.3422,176,37
0.22126,2.6175,3.3409,176,37
0.2151,2.6177,3.3363,176,37
0.2151,2.6177,3.3363,176,37
0.2151,2.6177,3.3363,176,37
0.2151,2.6177,3.3363,176,37
0.2151,2.6177,3.3363,176,37
0.2151,2.6177,3.3363,176,37
0.2151,2.6177,3.3363,176,37
0.22069,2.6184,3.3407,176,37
0.22069,2.6184,3.3407,176,37
0.2151,2.6177,3.3363,176,37
0.2151,2.6177,3.3363,176,37
0.22242,2.6167,3.3415,176,37
0.22242,2.6167,3.3415,176,37
0.22126,2.6175,3.3409,176,37
0.22126,2.6175,3.3409,176,37
0.22126,2.6175,3.3409,176,37
0.22242,2.6167,3.3415,176,37
0.22396,2.6187,3.3416,176,37
0.22489,2.6185,3.3418,176,37
0.22489,2.6185,3.3418,176,37
0.22489,2.6185,3.3418,176,37
0.22069,2.6184,3.3407,176,37
0.22069,2.6184,3.3407,176,37
0.22396,2.6187,3.3416,176,37
0.22396,2.6187,3.3416,176,37
0.22396,2.6187,3.3416,176,37
0.22242,2.6167,3.3415,176,37
0.44329,2.4489,2.7109,178,38
0.44329,2.4489,2.7109,178,38
0.44153,2.448,2.7093,178,38
0.44153,2.448,2.7093,178,38
0.44153,2.448,2.7093,178,38
0.44076,2.4478,2.7092,178,38
0.44076,2.4478,2.7092,178,38
0.44289,2.4492,2.7099,178,38
0.44073,2.448,2.7079,178,38
0.44073,2.448,2.7079,178,38
0.44329,2.4489,2.7109,178,38
0.44076,2.4478,2.7092,178,38
0.44076,2.4478,2.7092,178,38
0.44076,2.4478,2.7092,178,38
0.44329,2.4489,2.7109,178,38
0.44329,2.4489,2.7109,178,38
1.8894,1.9668,3.9048,190,39
1.8894,1.9668,3.9048,190,39
1.8888,1.9668,3.9046,190,39
1.8894,1.9668,3.9048,190,39
1.8888,1.9668,3.9046,190,39
1.8895,1.9666,3.9049,190,39
1.8895,1.9666,3.9049,190,39
1.8888,1.9668,3.9046,190,39
1.8888,1.9668,3.9046,190,39
1.8888,1.9668,3.9046,190,39
1.8894,1.9668,3.9048,190,39
1.8895,1.9666,3.9049,190,39
1.8895,1.9666,3.9049,190,39
1.89,1.9666,3.9057,190,39
1.8895,1.9666,3.9049,190,39
1.8888,1.9668,3.9046,190,39
1.8888,1.9668,3.9046,190,39
1.8888,1.9668,3.9046,190,39
1.8895,1.9666,3.9049,190,39
2.1437,2.1547,4.9804,192,40
2.1437,2.1547,4.9804,192,40
2.1425,2.1545,4.9808,192,40
2.1425,2.1545,4.9808,192,40
2.1425,2.1545,4.9808,192,40
2.1425,2.1545,4.9808,192,40
2.1424,2.1541,4.9812,192,40
2.1424,2.1541,4.9812,192,40
2.1421,2.1538,4.98,192,40
2.1437,2.1547,4.9804,192,40
2.142,2.1551,4.9822,192,40
2.142,2.1551,4.9822,192,40
2.1422,2.1554,4.9822,192,40
2.1424,2.1541,4.9812,192,40
2.1437,2.1547,4.9804,192,40
2.1421,2.1538,4.98,192,40
2.1437,2.1547,4.9804,192,40
2.1437,2.1547,4.9804,192,40
2.1421,2.1538,4.98,192,40
2.1424,2.1541,4.9812,192,40
2.1421,2.1538,4.98,192,40
2.1421,2.1538,4.98,192,40
2.1424,2.1541,4.9812,192,40
1.255,2.6824,2.7593,198,41
1.255,2.6824,2.7593,198,41
1.24,2.6222,2.8907,198,41
1.24,2.6222,2.8907,198,41
1.24,2.6222,2.8907,198,41
1.2397,2.6217,2.8914,198,41
1.2397,2.6217,2.8914,198,41
1.24,2.6222,2.8907,198,41
1.2397,2.6217,2.8914,198,41
1.2397,2.6217,2.8914,198,41
1.24,2.6219,2.8918,198,41
1.2404,2.6214,2.8916,198,41
1.2408,2.622,2.8926,198,41
1.255,2.6824,2.7593,198,41
1.255,2.6824,2.7593,198,41
1.2408,2.622,2.8926,198,41
1.2407,2.6219,2.8925,198,41
1.2404,2.6214,2.8916,198,41
1.2404,2.6214,2.8916,198,41
1.2404,2.6214,2.8916,198,41
1.2397,2.6217,2.8914,198,41
1.2397,2.6217,2.8914,198,41
1.255,2.6824,2.7593,198,41
1.2397,2.6217,2.8914,198,41
1.2397,2.6217,2.8914,198,41
1.255,2.6824,2.7593,198,41
1.255,2.6824,2.7593,198,41
0.69963,1.9309,2.995,202,42
0.69963,1.9309,2.995,202,42
0.69963,1.9309,2.995,202,42
0.69963,1.9309,2.995,202,42
0.69963,1.9309,2.995,202,42
0.69963,1.9309,2.995,202,42
0.69963,1.9309,2.995,202,42
0.69963,1.9309,2.995,202,42
1.9781,1.8991,3.8193,207,43
1.9782,1.8987,3.8192,207,43
1.9775,1.8993,3.8188,207,43
1.9782,1.8987,3.8192,207,43
1.9775,1.8993,3.8188,207,43
1.9775,1.8993,3.8188,207,43
1.9775,1.8993,3.8188,207,43
1.9775,1.8993,3.8188,207,43
1.9781,1.8983,3.8193,207,43
1.9781,1.8983,3.8193,207,43
1.9782,1.8987,3.8192,207,43
1.9781,1.8983,3.8193,207,43
1.9782,1.8987,3.8192,207,43
1.9781,1.8983,3.8193,207,43
1.9781,1.8983,3.8193,207,43
1.9781,1.8991,3.8193,207,43
1.9775,1.8993,3.8188,207,43
1.9775,1.8993,3.8188,207,43
1.9775,1.8993,3.8188,207,43
1.9775,1.8993,3.8188,207,43
1.9775,1.8993,3.8188,207,43
1.9781,1.8983,3.8193,207,43
1.9781,1.8983,3.8193,207,43
1.9781,1.8983,3.8193,207,43
1.9781,1.8983,3.8193,207,43
1.9791,1.8985,3.8194,207,43
1.9779,1.899,3.819,207,43
1.9781,1.8983,3.8193,207,43
1.9781,1.8983,3.8193,207,43
1.9781,1.8983,3.8193,207,43
1.9779,1.899,3.819,207,43
1.9775,1.8993,3.8188,207,43
1.9775,1.8993,3.8188,207,43
1.193,1.8476,3.644,208,44
1.193,1.8476,3.644,208,44
1.1934,1.8482,3.6446,208,44
1.1934,1.8482,3.6446,208,44
1.1934,1.8482,3.6446,208,44
1.1934,1.8482,3.6446,208,44
1.1934,1.8482,3.6446,208,44
1.1934,1.8482,3.6446,208,44
1.193,1.8476,3.644,208,44
1.1925,1.8466,3.643,208,44
1.1925,1.8466,3.643,208,44
1.1929,1.8472,3.6434,208,44
1.193,1.8476,3.644,208,44
1.193,1.8476,3.644,208,44
1.1934,1.8482,3.6446,208,44
1.193,1.8476,3.644,208,44
1.193,1.8476,3.644,208,44
1.193,1.8476,3.644,208,44
1.1934,1.8482,3.6446,208,44
1.1934,1.8482,3.6446,208,44
1.1934,1.8482,3.6446,208,44
1.389,2.1556,3.1734,211,45
1.3898,2.1565,3.1742,211,45
1.3898,2.1565,3.1742,211,45
1.3898,2.1565,3.1742,211,45
1.3904,2.1564,3.1751,211,45
1.3913,2.1559,3.1755,211,45
1.3913,2.1559,3.1755,211,45
1.3904,2.1564,3.1751,211,45
1.3904,2.1564,3.1751,211,45
1.3921,2.1562,3.1768,211,45
1.3913,2.1559,3.1755,211,45
1.392,2.1562,3.1769,211,45
1.3913,2.1559,3.1755,211,45
1.3897,2.1566,3.1745,211,45
1.3913,2.1559,3.1755,211,45
1.3897,2.1566,3.1745,211,45
1.3897,2.1566,3.1745,211,45
1.3913,2.1559,3.1755,211,45
1.39,2.1566,3.1759,211,45
1.39,2.1566,3.1759,211,45
1.39,2.1566,3.1759,211,45
1.39,2.1566,3.1759,211,45
1.3924,2.1557,3.177,211,45
1.389,2.1556,3.1734,211,45
1.389,2.1556,3.1734,211,45
1.3898,2.1565,3.1742,211,45
1.3913,2.1559,3.1755,211,45
1.3898,2.1565,3.1742,211,45
1.3898,2.1565,3.1742,211,45
1.3913,2.1559,3.1755,211,45
1.3921,2.1562,3.1768,211,45
1.3924,2.1557,3.177,211,45
1.3921,2.1562,3.1768,211,45
1.3897,2.1566,3.1745,211,45
1.39,2.1566,3.1759,211,45
1.3897,2.1566,3.1745,211,45
1.3897,2.1566,3.1745,211,45
1.3928,2.1558,3.1781,211,45
1.3924,2.1557,3.177,211,45
1.39,2.1566,3.1759,211,45
1.39,2.1566,3.1759,211,45
1.39,2.1566,3.1759,211,45
1.389,2.1556,3.1734,211,45
1.3904,2.1559,3.1747,211,45
1.3915,2.1557,3.1758,211,45
1.3915,2.1557,3.1758,211,45
1.39,2.1566,3.1759,211,45
0.45936,2.4508,2.5656,213,46
0.45936,2.4508,2.5656,213,46
0.45936,2.4508,2.5656,213,46
0.45936,2.4508,2.5656,213,46
0.45924,2.45,2.5655,213,46
0.45936,2.4508,2.5656,213,46
0.45936,2.4508,2.5656,213,46
0.45924,2.4494,2.5659,213,46
0.45924,2.45,2.5655,213,46
0.45924,2.45,2.5655,213,46
0.45936,2.4508,2.5656,213,46
0.45936,2.4508,2.5656,213,46
0.45852,2.4522,2.565,213,46
0.45852,2.4522,2.565,213,46
0.45852,2.4522,2.565,213,46
2.4666,2.7228,4.9908,216,47
2.4666,2.7228,4.9908,216,47
2.4672,2.7231,4.9916,216,47
2.4672,2.7231,4.9916,216,47
2.4688,2.7222,4.9899,216,47
2.4666,2.7247,4.9905,216,47
2.4666,2.7247,4.9905,216,47
2.4676,2.7243,4.9895,216,47
2.4666,2.7247,4.9905,216,47
2.4666,2.7247,4.9905,216,47
2.4676,2.7243,4.9895,216,47
2.4681,2.7238,4.9915,216,47
2.4666,2.7247,4.9905,216,47
2.4681,2.7238,4.9915,216,47
2.4681,2.7238,4.9915,216,47
2.4681,2.7238,4.9915,216,47
2.4681,2.7238,4.9915,216,47
2.4669,2.7244,4.9881,216,47
2.4669,2.7244,4.9881,216,47
2.4687,2.7229,4.9892,216,47
2.4666,2.7247,4.9905,216,47
2.4668,2.7238,4.992,216,47
2.4668,2.7238,4.992,216,47
2.4669,2.7231,4.9912,216,47
2.4676,2.7232,4.992,216,47
2.4669,2.7231,4.9912,216,47
2.4674,2.7233,4.9888,216,47
2.4674,2.7233,4.9888,216,47
2.4669,2.7244,4.9881,216,47
2.4664,2.7263,4.9893,216,47
2.4664,2.7263,4.9893,216,47
2.4669,2.7244,4.9881,216,47
2.467,2.7222,4.9902,216,47
2.467,2.7222,4.9902,216,47
2.4666,2.7228,4.9908,216,47
2.4687,2.7229,4.9892,216,47
2.4681,2.7238,4.9915,216,47
2.4681,2.7238,4.9915,216,47
2.4681,2.7238,4.9915,216,47
2.4681,2.7238,4.9915,216,47
2.4681,2.7238,4.9915,216,47
2.4681,2.7238,4.9915,216,47
2.4666,2.7247,4.9905,216,47
2.4666,2.7247,4.9905,216,47
2.4668,2.7238,4.992,216,47
2.4668,2.7238,4.992,216,47
2.4669,2.7231,4.9912,216,47
2.4669,2.7231,4.9912,216,47
2.4669,2.7231,4.9912,216,47
2.4666,2.7228,4.9908,216,47
2.4676,2.7232,4.992,216,47
2.4669,2.7231,4.9912,216,47
0.51218,3.0396,2.4281,219,48
0.51218,3.0396,2.4281,219,48
0.51218,3.0396,2.4281,219,48
0.51218,3.0396,2.4281,219,48
0.51218,3.0396,2.4281,219,48
4.6714,2.9908,0.39346,223,49
4.6747,2.9909,0.39702,223,49
4.6799,2.9904,0.40261,223,49
4.68,2.9904,0.40305,223,49
4.6887,2.99,0.41172,223,49
4.6909,2.9889,0.4147,223,49
4.6909,2.9889,0.4147,223,49
4.6909,2.9889,0.4147,223,49
4.68,2.9904,0.40305,223,49
4.68,2.9904,0.40305,223,49
4.6747,2.9909,0.39702,223,49
4.6747,2.9909,0.39702,223,49
4.6799,2.9904,0.40261,223,49
4.6799,2.9904,0.40261,223,49
4.6887,2.99,0.41172,223,49
4.6747,2.9909,0.39702,223,49
4.68,2.9904,0.40305,223,49
4.6909,2.9889,0.4147,223,49
4.6909,2.9889,0.4147,223,49
4.6887,2.99,0.41172,223,49
4.6909,2.9889,0.4147,223,49
4.6909,2.9889,0.4147,223,49
2.4262,2.3361,4.5569,230,50
2.4263,2.3367,4.5573,230,50
2.4262,2.3361,4.5569,230,50
2.4264,2.3376,4.5586,230,50
2.4265,2.3383,4.56,230,50
2.4264,2.3376,4.5586,230,50
2.4264,2.3376,4.5586,230,50
2.4264,2.3376,4.5586,230,50
2.4257,2.3373,4.5571,230,50
2.4264,2.3376,4.5586,230,50
2.4257,2.3373,4.5571,230,50
2.4263,2.3367,4.5573,230,50
2.4263,2.3367,4.5573,230,50
2.4262,2.3361,4.5569,230,50
2.4262,2.3361,4.5569,230,50
2.4265,2.3383,4.56,230,50
2.4265,2.3383,4.56,230,50
2.4264,2.3376,4.5586,230,50
2.4265,2.3383,4.56,230,50
2.4264,2.3376,4.5586,230,50
2.4257,2.3373,4.5571,230,50
2.4257,2.3373,4.5571,230,50
2.4257,2.3373,4.5571,230,50
2.4257,2.3373,4.5571,230,50
2.4257,2.3373,4.5571,230,50
2.4263,2.3364,4.5569,230,50
2.4263,2.3364,4.5569,230,50
2.4263,2.3367,4.5573,230,50
2.4263,2.3367,4.5573,230,50
2.6477,2.2915,4.7942,242,51
2.6477,2.2915,4.7942,242,51
2.6474,2.2912,4.794,242,51
2.6474,2.2912,4.794,242,51
2.6462,2.2915,4.7929,242,51
2.6474,2.2912,4.794,242,51
2.6474,2.2912,4.794,242,51
2.6469,2.291,4.7928,242,51
2.6469,2.291,4.7928,242,51
2.6474,2.2912,4.794,242,51
2.6477,2.2915,4.7942,242,51
2.647,2.291,4.793,242,51
2.647,2.291,4.793,242,51
2.647,2.291,4.793,242,51
2.6462,2.2915,4.7929,242,51
2.6462,2.2915,4.7929,242,51
2.6462,2.2915,4.7929,242,51
2.6469,2.291,4.7928,242,51
2.6462,2.2915,4.7929,242,51
2.6469,2.291,4.7928,242,51
2.6469,2.291,4.7928,242,51
2.6469,2.291,4.7928,242,51
2.6469,2.291,4.7928,242,51
2.6469,2.291,4.7928,242,51
2.6474,2.2912,4.794,242,51
2.647,2.291,4.793,242,51
2.647,2.291,4.793,242,51
2.647,2.291,4.793,242,51
2.6475,2.291,4.7929,242,51
2.6475,2.291,4.7929,242,51
2.647,2.291,4.793,242,51
2.647,2.291,4.793,242,51
1.8908,1.9661,3.9067,246,52
1.891,1.9664,3.9069,246,52
1.8908,1.9661,3.9067,246,52
1.8908,1.9661,3.9067,246,52
1.891,1.9664,3.9069,246,52
1.891,1.9664,3.9069,246,52
1.891,1.9664,3.9069,246,52
1.8908,1.9661,3.9067,246,52
1.89,1.9668,3.9067,246,52
1.8904,1.9655,3.9072,246,52
1.891,1.9664,3.9069,246,52
1.891,1.9664,3.9069,246,52
1.891,1.9664,3.9069,246,52
1.8908,1.9661,3.9067,246,52
1.8908,1.9661,3.9067,246,52
1.89,1.9648,3.9066,246,52
1.8904,1.9655,3.9072,246,52
1.89,1.9648,3.9066,246,52
1.89,1.9648,3.9066,246,52
2.4686,2.7239,4.9924,249,53
2.4674,2.7246,4.9901,249,53
2.4686,2.7239,4.9924,249,53
2.4674,2.7246,4.9901,249,53
2.47,2.724,4.9943,249,53
2.47,2.724,4.9943,249,53
2.47,2.724,4.9943,249,53
2.4701,2.7241,4.9939,249,53
2.47,2.724,4.9943,249,53
2.4701,2.7241,4.9939,249,53
2.47,2.724,4.9943,249,53
2.4677,2.7246,4.9909,249,53
2.4677,2.7246,4.9909,249,53
2.4677,2.7246,4.9909,249,53
2.4677,2.7246,4.9909,249,53
2.4677,2.7246,4.9909,249,53
2.4677,2.7246,4.9909,249,53
2.4677,2.7246,4.9909,249,53
2.4701,2.7241,4.9939,249,53
2.4701,2.7241,4.9939,249,53
2.4686,2.7238,4.9924,249,53
2.4681,2.7242,4.9911,249,53
2.4681,2.7242,4.9911,249,53
2.4681,2.7242,4.9911,249,53
2.4681,2.7242,4.9911,249,53
2.4685,2.7244,4.9925,249,53
2.4685,2.7244,4.9925,249,53
2.4688,2.7239,4.9932,249,53
2.4681,2.7242,4.9911,249,53
2.4681,2.7242,4.9911,249,53
2.4693,2.7231,4.9925,249,53
2.4695,2.7232,4.9937,249,53
2.4693,2.7231,4.9925,249,53
2.4697,2.7237,4.9941,249,53
2.4697,2.7237,4.9941,249,53
2.47,2.724,4.9943,249,53
2.47,2.724,4.9943,249,53
2.47,2.724,4.9943,249,53
2.4674,2.7246,4.9901,249,53
2.4674,2.7246,4.9901,249,53
2.4674,2.7246,4.9901,249,53
2.4674,2.7246,4.9901,249,53
2.4674,2.7246,4.9901,249,53
2.4677,2.7246,4.9909,249,53
2.4677,2.7246,4.9909,249,53
2.4677,2.7246,4.9909,249,53
2.47,2.724,4.9943,249,53
1.1165,2.8008,3.6431,259,54
1.1165,2.8008,3.6431,259,54
1.0733,2.7927,3.6082,259,54
1.0733,2.7927,3.6082,259,54
1.0733,2.7927,3.6082,259,54
1.095,2.797,3.6256,259,54
1.095,2.797,3.6256,259,54
1.0171,2.782,3.5647,259,54
1.0171,2.782,3.5647,259,54
1.095,2.797,3.6256,259,54
1.1182,2.8011,3.6444,259,54
1.1171,2.8004,3.6432,259,54
1.1171,2.8004,3.6432,259,54
1.0733,2.7927,3.6082,259,54
0.74003,2.6981,3.3593,259,54
1.0171,2.782,3.5647,259,54
0.74003,2.6981,3.3593,259,54
1.0171,2.782,3.5647,259,54
1.0171,2.782,3.5647,259,54
1.1182,2.8011,3.6444,259,54
1.095,2.797,3.6256,259,54
1.095,2.797,3.6256,259,54
1.1165,2.8008,3.6431,259,54
1.1165,2.8008,3.6431,259,54
1.1182,2.8011,3.6444,259,54
1.1205,2.8002,3.6466,264,55
1.1205,2.8002,3.6466,264,55
1.1199,2.8002,3.6457,264,55
1.1199,2.8002,3.6457,264,55
1.1193,2.7998,3.6447,264,55
1.1199,2.8002,3.6457,264,55
1.1199,2.8002,3.6457,264,55
1.1193,2.7998,3.6447,264,55
1.1199,2.8002,3.6457,264,55
1.1193,2.7998,3.6447,264,55
1.1193,2.7998,3.6447,264,55
1.1195,2.7999,3.6449,264,55
1.1195,2.7999,3.6449,264,55
1.1205,2.8002,3.6466,264,55
1.1205,2.8002,3.6466,264,55
1.1205,2.8002,3.6466,264,55
1.1205,2.8002,3.6466,264,55
1.1199,2.8002,3.6457,264,55
1.1199,2.8002,3.6457,264,55
1.1199,2.8002,3.6457,264,55
1.1193,2.7998,3.6447,264,55
1.1193,2.7998,3.6447,264,55
1.1199,2.8002,3.6457,264,55
1.91,2.0678,4.3847,269,56
1.9099,2.0693,4.3849,269,56
1.91,2.0678,4.3847,269,56
1.9099,2.0693,4.3849,269,56
1.91,2.0678,4.3847,269,56
1.9099,2.0693,4.3849,269,56
1.9099,2.0693,4.3849,269,56
1.9099,2.0693,4.3849,269,56
1.9099,2.0693,4.3849,269,56
1.9099,2.0693,4.3849,269,56
1.9099,2.0693,4.3849,269,56
1.9099,2.0693,4.3849,269,56
1.91,2.0678,4.3847,269,56
1.91,2.0678,4.3847,269,56
1.91,2.0678,4.3847,269,56
1.9099,2.0693,4.3849,269,56
1.9099,2.0693,4.3849,269,56
1.9099,2.0693,4.3849,269,56
1.9099,2.0693,4.3849,269,56
1.9099,2.0693,4.3849,269,56
1.9099,2.0693,4.3849,269,56
1.9093,2.068,4.3838,269,56
1.9081,2.0697,4.3844,269,56
1.9081,2.0697,4.3844,269,56
1.9081,2.0697,4.3844,269,56
1.91,2.0678,4.3847,269,56
1.0861,1.9618,4.2601,271,57
1.0861,1.9618,4.2601,271,57
1.0861,1.9618,4.2601,271,57
1.0861,1.9618,4.2601,271,57
1.0861,1.9618,4.2601,271,57
1.0861,1.9618,4.2601,271,57
1.0861,1.9618,4.2601,271,57
1.0861,1.9618,4.2601,271,57
1.0869,1.9614,4.2604,271,57
1.0861,1.9618,4.2601,271,57
1.0878,1.9599,4.261,271,57
1.0878,1.9599,4.261,271,57
1.0878,1.9599,4.261,271,57
1.0869,1.9614,4.2604,271,57
1.0861,1.9618,4.2601,271,57
1.0869,1.9614,4.2604,271,57
1.0861,1.9618,4.2601,271,57
1.0861,1.9618,4.2601,271,57
1.0878,1.9599,4.261,271,57
1.0878,1.9599,4.261,271,57
1.0861,1.9618,4.2601,271,57
1.0861,1.9618,4.2601,271,57
1.0861,1.9618,4.2601,271,57
1.0861,1.9618,4.2601,271,57
1.0861,1.9618,4.2601,271,57
1.0861,1.9618,4.2601,271,57
1.0861,1.9618,4.2601,271,57
1.3809,1.5867,3.8362,278,58
1.3809,1.5867,3.8362,278,58
1.3814,1.587,3.8361,278,58
1.3814,1.587,3.8361,278,58
1.3814,1.587,3.8361,278,58
1.3814,1.587,3.8361,278,58
1.3828,1.5874,3.8366,278,58
1.3814,1.587,3.8361,278,58
1.3814,1.587,3.8361,278,58
1.3814,1.587,3.8361,278,58
1.3814,1.587,3.8361,278,58
1.3809,1.5867,3.8362,278,58
1.3816,1.5865,3.836,278,58
1.3809,1.5867,3.8362,278,58
1.3821,1.5872,3.8364,278,58
1.3821,1.5872,3.8364,278,58
1.3828,1.5874,3.8366,278,58
1.3809,1.5867,3.8362,278,58
1.3814,1.587,3.8361,278,58
1.3814,1.587,3.8361,278,58
1.3814,1.587,3.8361,278,58
1.3809,1.5867,3.8362,278,58
1.3809,1.5867,3.8362,278,58
1.3828,1.5874,3.8366,278,58
1.3828,1.5874,3.8366,278,58
1.3814,1.587,3.8361,278,58
1.1173,2.8022,3.6462,281,59
1.1173,2.8022,3.6462,281,59
1.1185,2.8021,3.647,281,59
1.1173,2.8022,3.6462,281,59
1.1197,2.8015,3.6479,281,59
1.1173,2.8022,3.6462,281,59
1.1173,2.8022,3.6462,281,59
1.1173,2.8022,3.6462,281,59
2.1104,2.5552,4.9224,286,60
2.1098,2.5554,4.9222,286,60
2.1104,2.5552,4.9224,286,60
2.1098,2.5554,4.9222,286,60
2.1098,2.5554,4.9222,286,60
2.1098,2.5554,4.9222,286,60
2.1098,2.5554,4.9222,286,60
2.1098,2.5554,4.9222,286,60
2.1104,2.5552,4.9224,286,60
2.1104,2.5552,4.9224,286,60
2.1104,2.5552,4.9224,286,60
2.1098,2.5554,4.9222,286,60
2.1098,2.5554,4.9222,286,60
2.1116,2.555,4.9231,286,60
2.1098,2.5554,4.9222,286,60
2.1098,2.5554,4.9222,286,60
1.4455,1.4659,4.2333,289,61
1.4455,1.4659,4.2333,289,61
1.4455,1.4659,4.2333,289,61
1.4455,1.4659,4.2333,289,61
1.4455,1.4659,4.2333,289,61
0.74479,1.9978,2.7426,293,62
0.74479,1.9978,2.7426,293,62
0.74479,1.9978,2.7426,293,62
0.74401,1.998,2.7434,293,62
0.74393,1.9992,2.7421,293,62
0.74401,1.998,2.7434,293,62
0.74393,1.9992,2.7421,293,62
0.74393,1.9992,2.7421,293,62
0.74393,1.9992,2.7421,293,62
0.74393,1.9992,2.7421,293,62
0.74393,1.9992,2.7421,293,62
0.74491,1.9973,2.7443,293,62
0.74491,1.9973,2.7443,293,62
0.74491,1.9973,2.7443,293,62
0.74491,1.9973,2.7443,293,62
0.74393,1.9992,2.7421,293,62
0.74393,1.9992,2.7421,293,62
0.74393,1.9992,2.7421,293,62
0.74479,1.9978,2.7426,293,62
0.74479,1.9978,2.7426,293,62
0.74479,1.9978,2.7426,293,62
0.74479,1.9978,2.7426,293,62
0.74401,1.998,2.7434,293,62
0.74401,1.998,2.7434,293,62
0.74491,1.9973,2.7443,293,62
0.74458,1.9992,2.7424,293,62
0.74458,1.9992,2.7424,293,62
0.74458,1.9992,2.7424,293,62
0.74458,1.9992,2.7424,293,62
0.74458,1.9992,2.7424,293,62
0.74491,1.9973,2.7443,293,62
0.74491,1.9973,2.7443,293,62
0.74491,1.9973,2.7443,293,62
0.74616,1.997,2.7445,293,62
0.74616,1.997,2.7445,293,62
0.69077,2.1937,3.9435,294,63
0.69095,2.1944,3.9439,294,63
0.69076,2.1924,3.9427,294,63
0.6902,2.1934,3.9426,294,63
0.69094,2.1912,3.9417,294,63
0.69094,2.1912,3.9417,294,63
0.69011,2.194,3.9433,294,63
0.69011,2.194,3.9433,294,63
0.69011,2.194,3.9433,294,63
0.69011,2.194,3.9433,294,63
0.69154,2.1942,3.9448,294,63
0.69154,2.1942,3.9448,294,63
0.6929,2.1937,3.9454,294,63
0.69316,2.1937,3.9455,294,63
0.68609,2.1976,3.9439,294,63
0.68594,2.198,3.9441,294,63
0.68609,2.1976,3.9439,294,63
0.69073,2.193,3.9432,294,63
0.69104,2.1918,3.943,294,63
0.69094,2.1912,3.9417,294,63
0.68594,2.198,3.9441,294,63
0.68609,2.1976,3.9439,294,63
0.68594,2.198,3.9441,294,63
0.68594,2.198,3.9441,294,63
0.69316,2.1937,3.9455,294,63
0.69094,2.1912,3.9417,294,63
0.69094,2.1912,3.9417,294,63
0.69094,2.1912,3.9417,294,63
0.68609,2.1976,3.9439,294,63
0.0,0.0,0.0,100001,64
0.0,0.0,0.0,100001,64
0.0,0.0,0.0,100001,64
0.0,0.0,0.0,100001,64
0.0,0.0,0.0,100001,64
0.0,0.0,0.0,100001,64
0.0,0.0,0.0,100001,64
0.0,0.0,0.0,100001,64
0.0,0.0,0.0,100001,64
0.0,0.0,0.0,100001,64
0.0,0.0,0.0,100001,64
0.0,0.0,0.0,100001,64
0.0,0.0,0.0,100001,64
0.0,0.0,0.0,100001,64
0.0,0.0,0.0,100001,64
0.0,0.0,0.0,100001,64
0.0,0.0,0.0,100001,64
0.0,0.0,0.0,100001,64
0.0,0.0,0.0,100001,64
0.0,0.0,0.0,100001,64
0.0,0.0,0.0,100001,64
0.0,0.0,0.0,100001,64
0.0,0.0,0.0,100001,64
0.0,0.0,0.0,100001,64
0.0,0.0,0.0,100001,64
0.0,0.0,0.0,100001,64
0.0,0.0,0.0,100001,64
0.0,0.0,0.0,100001,64
0.0,0.0,0.0,100001,64
0.0,0.0,0.0,100001,64
0.0,0.0,0.0,100001,64
0.0,0.0,0.0,100001,64
0.0,0.0,0.0,100001,64
0.0,0.0,0.0,100001,64
0.0,0.0,0.0,100001,64
0.0,0.0,0.0,100001,64
0.0,0.0,0.0,100001,64
0.0,0.0,0.0,100001,64
0.0,0.0,0.0,100001,64
0.0,0.0,0.0,100001,64
0.0,0.0,0.0,100001,64
0.0,0.0,0.0,100001,64
0.0,0.0,0.0,100001,64
0.0,0.0,0.0,100001,64
0.0,0.0,0.0,100001,64
0.0,0.0,0.0,100001,64
0.0,0.0,0.0,100001,64
0.0,0.0,0.0,100001,64
0.0,0.0,0.0,100001,64
0.0,0.0,0.0,100001,64
0.0,0.0,0.0,100001,64
0.0,0.0,0.0,100001,64
0.0,0.0,0.0,100001,64
0.0,0.0,0.0,100001,64
0.0,0.0,0.0,100001,64
0.0,0.0,0.0,100001,64
0.0,0.0,0.0,100001,64
0.0,0.0,0.0,100001,64
0.0,0.0,0.0,100001,64
0.0,0.0,0.0,100001,64
0.0,0.0,0.0,100001,64
0.0,0.0,0.0,100001,64
0.0,0.0,0.0,100001,64
0.0,0.0,0.0,100001,64
0.0,0.0,0.0,100001,64
0.0,0.0,0.0,100001,64
0.0,0.0,0.0,100001,64
0.0,0.0,0.0,100001,64
0.0,0.0,0.0,100001,64
0.0,0.0,0.0,100001,64
0.0,0.0,0.0,100001,64
0.0,0.0,0.0,100001,64
0.0,0.0,0.0,100001,64
0.0,0.0,0.0,100001,64
0.0,0.0,0.0,100001,64
0.0,0.0,0.0,100001,64
0.0,0.0,0.0,100001,64
0.0,0.0,0.0,100001,64
0.0,0.0,0.0,100001,64
0.0,0.0,0.0,100001,64
0.0,0.0,0.0,100001,64
0.0,0.0,0.0,100001,64
0.0,0.0,0.0,100001,64
0.0,0.0,0.0,100001,64
0.0,0.0,0.0,100001,64
0.0,0.0,0.0,100001,64
0.0,0.0,0.0,100001,64
0.0,0.0,0.0,100001,64
0.0,0.0,0.0,100001,64
0.0,0.0,0.0,100001,64
0.0,0.0,0.0,100001,64
0.0,0.0,0.0,100001,64
0.0,0.0,0.0,100001,64
0.0,0.0,0.0,100001,64
0.0,0.0,0.0,100001,64
0.0,0.0,0.0,100001,64
0.0,0.0,0.0,100001,64
0.0,0.0,0.0,100001,64
0.0,0.0,0.0,100001,64
0.0,0.0,0.0,100001,64
0.0,0.0,0.0,100001,64
0.0,0.0,0.0,100001,64
0.0,0.0,0.0,100001,64
0.0,0.0,0.0,100001,64
0.0,0.0,0.0,100001,64
0.0,0.0,0.0,100001,64
0.0,0.0,0.0,100001,64
0.0,0.0,0.0,100001,64
0.0,0.0,0.0,100001,64
0.0,0.0,0.0,100001,64
0.0,0.0,0.0,100001,64
0.0,0.0,0.0,100001,64
0.0,0.0,0.0,100001,64
0.0,0.0,0.0,100001,64
0.0,0.0,0.0,100001,64
0.0,0.0,0.0,100001,64
0.0,0.0,0.0,100001,64
0.0,0.0,0.0,100001,64
0.0,0.0,0.0,100001,64
0.0,0.0,0.0,100001,64
0.0,0.0,0.0,100001,64
0.0,0.0,0.0,100001,64
0.0,0.0,0.0,100001,64
0.0,0.0,0.0,100001,64
0.0,0.0,0.0,100001,64
0.0,0.0,0.0,100001,64
0.0,0.0,0.0,100001,64
0.0,0.0,0.0,100001,64
0.0,0.0,0.0,100001,64
0.0,0.0,0.0,100001,64
0.0,0.0,0.0,100001,64
0.0,0.0,0.0,100001,64
0.0,0.0,0.0,100001,64
0.0,0.0,0.0,100001,64
0.0,0.0,0.0,100001,64
0.0,0.0,0.0,100001,64
0.0,0.0,0.0,100001,64
0.0,0.0,0.0,100001,64
0.0,0.0,0.0,100001,64
0.0,0.0,0.0,100001,64
0.0,0.0,0.0,100001,64
0.0,0.0,0.0,100001,64
0.0,0.0,0.0,100001,64
0.0,0.0,0.0,100001,64
0.0,0.0,0.0,100001,64
0.0,0.0,0.0,100001,64
0.0,0.0,0.0,100001,64
0.0,0.0,0.0,100001,64
0.0,0.0,0.0,100001,64
0.0,0.0,0.0,100001,64
0.0,0.0,0.0,100001,64
0.0,0.0,0.0,100001,64
0.0,0.0,0.0,100001,64
0.0,0.0,0.0,100001,64
0.0,0.0,0.0,100001,64
0.0,0.0,0.0,100001,64
0.0,0.0,0.0,100001,64
0.0,0.0,0.0,100001,64
0.0,0.0,0.0,100001,64
0.0,0.0,0.0,100001,64
0.0,0.0,0.0,100001,64
0.0,0.0,0.0,100001,64
0.0,0.0,0.0,100001,64
0.0,0.0,0.0,100001,64
0.0,0.0,0.0,100001,64
0.0,0.0,0.0,100001,64
0.0,0.0,0.0,100001,64
0.0,0.0,0.0,100001,64
0.0,0.0,0.0,100001,64
0.0,0.0,0.0,100001,64
0.0,0.0,0.0,100001,64
0.0,0.0,0.0,100001,64
0.0,0.0,0.0,100001,64
0.0,0.0,0.0,100001,64
0.0,0.0,0.0,100001,64
0.0,0.0,0.0,100001,64
0.0,0.0,0.0,100001,64
0.0,0.0,0.0,100001,64
0.0,0.0,0.0,100001,64
0.0,0.0,0.0,100001,64
0.0,0.0,0.0,100001,64
0.0,0.0,0.0,100001,64
0.0,0.0,0.0,100001,64
0.0,0.0,0.0,100001,64
0.0,0.0,0.0,100001,64
0.0,0.0,0.0,100001,64
0.0,0.0,0.0,100001,64
0.0,0.0,0.0,100001,64
0.0,0.0,0.0,100001,64
0.0,0.0,0.0,100001,64
0.0,0.0,0.0,100001,64
0.0,0.0,0.0,100001,64
0.0,0.0,0.0,100001,64
0.0,0.0,0.0,100001,64
0.0,0.0,0.0,100001,64
0.0,0.0,0.0,100001,64
0.0,0.0,0.0,100001,64
0.0,0.0,0.0,100001,64
0.0,0.0,0.0,100001,64
0.0,0.0,0.0,100001,64
0.0,0.0,0.0,100001,64
0.0,0.0,0.0,100001,64
0.0,0.0,0.0,100001,64
0.0,0.0,0.0,100001,64
0.0,0.0,0.0,100001,64
0.0,0.0,0.0,100001,64
0.0,0.0,0.0,100001,64
0.0,0.0,0.0,100001,64
0.0,0.0,0.0,100001,64
0.0,0.0,0.0,100001,64
0.0,0.0,0.0,100001,64
0.0,0.0,0.0,100001,64
0.0,0.0,0.0,100001,64
0.0,0.0,0.0,100001,64
0.0,0.0,0.0,100001,64
0.0,0.0,0.0,100001,64
0.0,0.0,0.0,100001,64
0.0,0.0,0.0,100001,64
0.0,0.0,0.0,100001,64
0.0,0.0,0.0,100001,64
0.0,0.0,0.0,100001,64
0.0,0.0,0.0,100001,64
0.0,0.0,0.0,100001,64
0.0,0.0,0.0,100001,64
0.0,0.0,0.0,100001,64
0.0,0.0,0.0,100001,64
0.0,0.0,0.0,100001,64
0.0,0.0,0.0,100001,64
0.0,0.0,0.0,100001,64
0.0,0.0,0.0,100001,64
0.0,0.0,0.0,100001,64
0.0,0.0,0.0,100001,64
0.0,0.0,0.0,100001,64
0.0,0.0,0.0,100001,64
0.0,0.0,0.0,100001,64
0.0,0.0,0.0,100001,64
0.0,0.0,0.0,100001,64
0.0,0.0,0.0,100001,64
0.0,0.0,0.0,100001,64
0.0,0.0,0.0,100001,64
0.0,0.0,0.0,100001,64
0.0,0.0,0.0,100001,64
0.0,0.0,0.0,100001,64
0.0,0.0,0.0,100001,64
0.0,0.0,0.0,100001,64
0.0,0.0,0.0,100001,64
0.0,0.0,0.0,100001,64
0.0,0.0,0.0,100001,64
0.0,0.0,0.0,100001,64
0.0,0.0,0.0,100001,64
0.0,0.0,0.0,100001,64
0.0,0.0,0.0,100001,64
0.0,0.0,0.0,100001,64
0.0,0.0,0.0,100001,64
0.0,0.0,0.0,100001,64
0.0,0.0,0.0,100001,64
0.0,0.0,0.0,100001,64
0.0,0.0,0.0,100001,64
0.0,0.0,0.0,100001,64
0.0,0.0,0.0,100001,64
0.0,0.0,0.0,100001,64
0.0,0.0,0.0,100001,64
0.0,0.0,0.0,100001,64
0.0,0.0,0.0,100001,64
0.0,0.0,0.0,100001,64
0.0,0.0,0.0,100001,64
0.0,0.0,0.0,100001,64
0.0,0.0,0.0,100001,64
0.0,0.0,0.0,100001,64
0.0,0.0,0.0,100001,64
0.0,0.0,0.0,100001,64
0.0,0.0,0.0,100001,64
0.0,0.0,0.0,100001,64
0.0,0.0,0.0,100001,64
0.0,0.0,0.0,100001,64
0.0,0.0,0.0,100001,64
0.0,0.0,0.0,100001,64
0.0,0.0,0.0,100001,64
0.0,0.0,0.0,100001,64
0.0,0.0,0.0,100001,64
0.0,0.0,0.0,100001,64
0.0,0.0,0.0,100001,64
0.0,0.0,0.0,100001,64
0.0,0.0,0.0,100001,64
0.0,0.0,0.0,100001,64
0.0,0.0,0.0,100001,64
0.0,0.0,0.0,100001,64
0.0,0.0,0.0,100001,64
0.0,0.0,0.0,100001,64
0.0,0.0,0.0,100001,64
0.0,0.0,0.0,100001,64
0.0,0.0,0.0,100001,64
0.0,0.0,0.0,100001,64
0.0,0.0,0.0,100001,64
0.0,0.0,0.0,100001,64
0.0,0.0,0.0,100001,64
0.0,0.0,0.0,100001,64
0.0,0.0,0.0,100001,64
0.0,0.0,0.0,100001,64
0.0,0.0,0.0,100001,64
0.0,0.0,0.0,100001,64
0.0,0.0,0.0,100001,64
0.0,0.0,0.0,100001,64
0.0,0.0,0.0,100001,64
0.0,0.0,0.0,100001,64
0.0,0.0,0.0,100001,64
0.0,0.0,0.0,100001,64
0.0,0.0,0.0,100001,64
0.0,0.0,0.0,100001,64
0.0,0.0,0.0,100001,64
0.0,0.0,0.0,100001,64
0.0,0.0,0.0,100001,64
0.0,0.0,0.0,100001,64
0.0,0.0,0.0,100001,64
0.0,0.0,0.0,100001,64
0.0,0.0,0.0,100001,64
0.0,0.0,0.0,100001,64
0.0,0.0,0.0,100001,64
0.0,0.0,0.0,100001,64
0.0,0.0,0.0,100001,64
0.0,0.0,0.0,100001,64
0.0,0.0,0.0,100001,64
0.0,0.0,0.0,100001,64
0.0,0.0,0.0,100001,64
0.0,0.0,0.0,100001,64
0.0,0.0,0.0,100001,64
0.0,0.0,0.0,100001,64
0.0,0.0,0.0,100001,64
0.0,0.0,0.0,100001,64
0.0,0.0,0.0,100001,64
0.0,0.0,0.0,100001,64
0.0,0.0,0.0,100001,64
0.0,0.0,0.0,100001,64
0.0,0.0,0.0,100001,64
0.0,0.0,0.0,100001,64
0.0,0.0,0.0,100001,64
0.0,0.0,0.0,100001,64
0.0,0.0,0.0,100001,64
0.0,0.0,0.0,100001,64
0.0,0.0,0.0,100001,64
0.0,0.0,0.0,100001,64
0.0,0.0,0.0,100001,64
0.0,0.0,0.0,100001,64
0.0,0.0,0.0,100001,64
0.0,0.0,0.0,100001,64
0.0,0.0,0.0,100001,64
0.0,0.0,0.0,100001,64
0.0,0.0,0.0,100001,64
0.0,0.0,0.0,100001,64
0.0,0.0,0.0,100001,64
0.0,0.0,0.0,100001,64
0.0,0.0,0.0,100001,64
0.0,0.0,0.0,100001,64
0.0,0.0,0.0,100001,64
0.0,0.0,0.0,100001,64
0.0,0.0,0.0,100001,64
0.0,0.0,0.0,100001,64
0.0,0.0,0.0,100001,64
0.0,0.0,0.0,100001,64
0.0,0.0,0.0,100001,64
0.0,0.0,0.0,100001,64
0.0,0.0,0.0,100001,64
0.0,0.0,0.0,100001,64
0.0,0.0,0.0,100001,64
0.0,0.0,0.0,100001,64
0.0,0.0,0.0,100001,64
0.0,0.0,0.0,100001,64
0.0,0.0,0.0,100001,64
0.0,0.0,0.0,100001,64
0.0,0.0,0.0,100001,64
0.0,0.0,0.0,100001,64
0.0,0.0,0.0,100001,64
0.0,0.0,0.0,100001,64
0.0,0.0,0.0,100001,64
0.0,0.0,0.0,100001,64
0.0,0.0,0.0,100001,64
0.0,0.0,0.0,100001,64
0.0,0.0,0.0,100001,64
0.0,0.0,0.0,100001,64
0.0,0.0,0.0,100001,64
0.0,0.0,0.0,100001,64
0.0,0.0,0.0,100001,64
0.0,0.0,0.0,100001,64
0.0,0.0,0.0,100001,64
0.0,0.0,0.0,100001,64
0.0,0.0,0.0,100001,64
0.0,0.0,0.0,100001,64
0.0,0.0,0.0,100001,64
0.0,0.0,0.0,100001,64
0.0,0.0,0.0,100001,64
0.0,0.0,0.0,100001,64
0.0,0.0,0.0,100001,64
0.0,0.0,0.0,100001,64
0.0,0.0,0.0,100001,64
0.0,0.0,0.0,100001,64
0.0,0.0,0.0,100001,64
0.0,0.0,0.0,100001,64
0.0,0.0,0.0,100001,64
0.0,0.0,0.0,100001,64
0.0,0.0,0.0,100001,64
0.0,0.0,0.0,100001,64
0.0,0.0,0.0,100001,64
0.0,0.0,0.0,100001,64
0.0,0.0,0.0,100001,64
0.0,0.0,0.0,100001,64
0.0,0.0,0.0,100001,64
0.0,0.0,0.0,100001,64
0.0,0.0,0.0,100001,64
0.0,0.0,0.0,100001,64
0.0,0.0,0.0,100001,64
0.0,0.0,0.0,100001,64
0.0,0.0,0.0,100001,64
0.0,0.0,0.0,100001,64
0.0,0.0,0.0,100001,64
0.0,0.0,0.0,100001,64
0.0,0.0,0.0,100001,64
0.0,0.0,0.0,100001,64
0.0,0.0,0.0,100001,64
0.0,0.0,0.0,100001,64
0.0,0.0,0.0,100001,64
0.0,0.0,0.0,100001,64
0.0,0.0,0.0,100001,64
0.0,0.0,0.0,100001,64
0.0,0.0,0.0,100001,64
0.0,0.0,0.0,100001,64
0.0,0.0,0.0,100001,64
0.0,0.0,0.0,100001,64
0.0,0.0,0.0,100001,64
0.0,0.0,0.0,100001,64
0.0,0.0,0.0,100001,64
0.0,0.0,0.0,100001,64
0.0,0.0,0.0,100001,64
0.0,0.0,0.0,100001,64
0.0,0.0,0.0,100001,64
0.0,0.0,0.0,100001,64
0.0,0.0,0.0,100001,64
0.0,0.0,0.0,100001,64
0.0,0.0,0.0,100001,64
0.0,0.0,0.0,100001,64
0.0,0.0,0.0,100001,64
0.0,0.0,0.0,100001,64
0.0,0.0,0.0,100001,64
0.0,0.0,0.0,100001,64
0.0,0.0,0.0,100001,64
0.0,0.0,0.0,100001,64
0.0,0.0,0.0,100001,64
0.0,0.0,0.0,100001,64
0.0,0.0,0.0,100001,64
0.0,0.0,0.0,100001,64
0.0,0.0,0.0,100001,64
0.0,0.0,0.0,100001,64
0.0,0.0,0.0,100001,64
0.0,0.0,0.0,100001,64
0.0,0.0,0.0,100001,64
0.0,0.0,0.0,100001,64
0.0,0.0,0.0,100001,64
0.0,0.0,0.0,100001,64
0.0,0.0,0.0,100001,64
0.0,0.0,0.0,100001,64
0.0,0.0,0.0,100001,64
0.0,0.0,0.0,100001,64
0.0,0.0,0.0,100001,64
0.0,0.0,0.0,100001,64
0.0,0.0,0.0,100001,64
0.0,0.0,0.0,100001,64
0.0,0.0,0.0,100001,64
0.0,0.0,0.0,100001,64
0.0,0.0,0.0,100001,64
0.0,0.0,0.0,100001,64
0.0,0.0,0.0,100001,64
0.0,0.0,0.0,100001,64
0.0,0.0,0.0,100001,64
0.0,0.0,0.0,100001,64
0.0,0.0,0.0,100001,64
0.0,0.0,0.0,100001,64
0.0,0.0,0.0,100001,64
0.0,0.0,0.0,100001,64
0.0,0.0,0.0,100001,64
0.0,0.0,0.0,100001,64
0.0,0.0,0.0,100001,64
0.0,0.0,0.0,100001,64
0.0,0.0,0.0,100001,64
0.0,0.0,0.0,100001,64
0.0,0.0,0.0,100001,64
0.0,0.0,0.0,100001,64
0.0,0.0,0.0,100001,64
0.0,0.0,0.0,100001,64
0.0,0.0,0.0,100001,64
0.0,0.0,0.0,100001,64
0.0,0.0,0.0,100001,64
0.0,0.0,0.0,100001,64
0.0,0.0,0.0,100001,64
0.0,0.0,0.0,100001,64
0.0,0.0,0.0,100001,64
0.0,0.0,0.0,100001,64
0.0,0.0,0.0,100001,64
0.0,0.0,0.0,100001,64
0.0,0.0,0.0,100001,64
0.0,0.0,0.0,100001,64
0.0,0.0,0.0,100001,64
0.0,0.0,0.0,100001,64
0.0,0.0,0.0,100001,64
0.0,0.0,0.0,100001,64
0.0,0.0,0.0,100001,64
0.0,0.0,0.0,100001,64
0.0,0.0,0.0,100001,64
0.0,0.0,0.0,100001,64
0.0,0.0,0.0,100001,64
0.0,0.0,0.0,100001,64
0.0,0.0,0.0,100001,64
0.0,0.0,0.0,100001,64
0.0,0.0,0.0,100001,64
0.0,0.0,0.0,100001,64
0.0,0.0,0.0,100001,64
0.0,0.0,0.0,100001,64
0.0,0.0,0.0,100001,64
0.0,0.0,0.0,100001,64
0.0,0.0,0.0,100001,64
0.0,0.0,0.0,100001,64
0.0,0.0,0.0,100001,64
0.0,0.0,0.0,100001,64
0.0,0.0,0.0,100001,64
0.0,0.0,0.0,100001,64
0.0,0.0,0.0,100001,64
0.0,0.0,0.0,100001,64
0.0,0.0,0.0,100001,64
0.0,0.0,0.0,100001,64
0.0,0.0,0.0,100001,64
0.0,0.0,0.0,100001,64
0.0,0.0,0.0,100001,64
0.0,0.0,0.0,100001,64
0.0,0.0,0.0,100001,64
0.0,0.0,0.0,100001,64
0.0,0.0,0.0,100001,64
0.0,0.0,0.0,100001,64
0.0,0.0,0.0,100001,64
0.0,0.0,0.0,100001,64
0.0,0.0,0.0,100001,64
0.0,0.0,0.0,100001,64
0.0,0.0,0.0,100001,64
0.0,0.0,0.0,100001,64
0.0,0.0,0.0,100001,64
0.0,0.0,0.0,100001,64
0.0,0.0,0.0,100001,64
0.0,0.0,0.0,100001,64
0.0,0.0,0.0,100001,64
0.0,0.0,0.0,100001,64
0.0,0.0,0.0,100001,64
0.0,0.0,0.0,100001,64
0.0,0.0,0.0,100001,64
0.0,0.0,0.0,100001,64
0.0,0.0,0.0,100001,64
0.0,0.0,0.0,100001,64
0.0,0.0,0.0,100001,64
0.0,0.0,0.0,100001,64
0.0,0.0,0.0,100001,64
0.0,0.0,0.0,100001,64
0.0,0.0,0.0,100001,64
0.0,0.0,0.0,100001,64
0.0,0.0,0.0,100001,64
0.0,0.0,0.0,100001,64
0.0,0.0,0.0,100001,64
0.0,0.0,0.0,100001,64
0.0,0.0,0.0,100001,64
0.0,0.0,0.0,100001,64
0.0,0.0,0.0,100001,64
0.0,0.0,0.0,100001,64
0.0,0.0,0.0,100001,64
0.0,0.0,0.0,100001,64
0.0,0.0,0.0,100001,64
0.0,0.0,0.0,100001,64
0.0,0.0,0.0,100001,64
0.0,0.0,0.0,100001,64
0.0,0.0,0.0,100001,64
0.0,0.0,0.0,100001,64
0.0,0.0,0.0,100001,64
0.0,0.0,0.0,100001,64
0.0,0.0,0.0,100001,64
0.0,0.0,0.0,100001,64
0.0,0.0,0.0,100001,64
0.0,0.0,0.0,100001,64
0.0,0.0,0.0,100001,64
0.0,0.0,0.0,100001,64
0.0,0.0,0.0,100001,64
0.0,0.0,0.0,100001,64
0.0,0.0,0.0,100001,64
0.0,0.0,0.0,100001,64
0.0,0.0,0.0,100001,64
0.0,0.0,0.0,100001,64
0.0,0.0,0.0,100001,64
0.0,0.0,0.0,100001,64
0.0,0.0,0.0,100001,64
0.0,0.0,0.0,100001,64
0.0,0.0,0.0,100001,64
0.0,0.0,0.0,100001,64
0.0,0.0,0.0,100001,64
0.0,0.0,0.0,100001,64
0.0,0.0,0.0,100001,64
0.0,0.0,0.0,100001,64
0.0,0.0,0.0,100001,64
0.0,0.0,0.0,100001,64
0.0,0.0,0.0,100001,64
0.0,0.0,0.0,100001,64
0.0,0.0,0.0,100001,64
0.0,0.0,0.0,100001,64
0.0,0.0,0.0,100001,64
0.0,0.0,0.0,100001,64
0.0,0.0,0.0,100001,64
0.0,0.0,0.0,100001,64
0.0,0.0,0.0,100001,64
0.0,0.0,0.0,100001,64
0.0,0.0,0.0,100001,64
0.0,0.0,0.0,100001,64
0.0,0.0,0.0,100001,64
0.0,0.0,0.0,100001,64
0.0,0.0,0.0,100001,64
0.0,0.0,0.0,100001,64
0.0,0.0,0.0,100001,64
0.0,0.0,0.0,100001,64
0.0,0.0,0.0,100001,64
0.0,0.0,0.0,100001,64
0.0,0.0,0.0,100001,64
0.0,0.0,0.0,100001,64
0.0,0.0,0.0,100001,64
0.0,0.0,0.0,100001,64
0.0,0.0,0.0,100001,64
0.0,0.0,0.0,100001,64
0.0,0.0,0.0,100001,64
0.0,0.0,0.0,100001,64
0.0,0.0,0.0,100001,64
0.0,0.0,0.0,100001,64
0.0,0.0,0.0,100001,64
0.0,0.0,0.0,100001,64
0.0,0.0,0.0,100001,64
0.0,0.0,0.0,100001,64
0.0,0.0,0.0,100001,64
0.0,0.0,0.0,100001,64
0.0,0.0,0.0,100001,64
0.0,0.0,0.0,100001,64
0.0,0.0,0.0,100001,64
0.0,0.0,0.0,100001,64
0.0,0.0,0.0,100001,64
0.0,0.0,0.0,100001,64
0.0,0.0,0.0,100001,64
0.0,0.0,0.0,100001,64
0.0,0.0,0.0,100001,64
0.0,0.0,0.0,100001,64
0.0,0.0,0.0,100001,64
0.0,0.0,0.0,100001,64
0.0,0.0,0.0,100001,64
0.0,0.0,0.0,100001,64
0.0,0.0,0.0,100001,64
0.0,0.0,0.0,100001,64
0.0,0.0,0.0,100001,64
0.0,0.0,0.0,100001,64
0.0,0.0,0.0,100001,64
0.0,0.0,0.0,100001,64
0.0,0.0,0.0,100001,64
0.0,0.0,0.0,100001,64
0.0,0.0,0.0,100001,64
0.0,0.0,0.0,100001,64
0.0,0.0,0.0,100001,64
0.0,0.0,0.0,100001,64
0.0,0.0,0.0,100001,64
0.0,0.0,0.0,100001,64
0.0,0.0,0.0,100001,64
0.0,0.0,0.0,100001,64
0.0,0.0,0.0,100001,64
0.0,0.0,0.0,100001,64
0.0,0.0,0.0,100001,64
0.0,0.0,0.0,100001,64
0.0,0.0,0.0,100001,64
0.0,0.0,0.0,100001,64
0.0,0.0,0.0,100001,64
0.0,0.0,0.0,100001,64
0.0,0.0,0.0,100001,64
0.0,0.0,0.0,100001,64
0.0,0.0,0.0,100001,64
0.0,0.0,0.0,100001,64
0.0,0.0,0.0,100001,64
0.0,0.0,0.0,100001,64
0.0,0.0,0.0,100001,64
0.0,0.0,0.0,100001,64
0.0,0.0,0.0,100001,64
0.0,0.0,0.0,100001,64
0.0,0.0,0.0,100001,64
0.0,0.0,0.0,100001,64
0.0,0.0,0.0,100001,64
0.0,0.0,0.0,100001,64
0.0,0.0,0.0,100001,64
0.0,0.0,0.0,100001,64
0.0,0.0,0.0,100001,64
0.0,0.0,0.0,100001,64
0.0,0.0,0.0,100001,64
0.0,0.0,0.0,100001,64
0.0,0.0,0.0,100001,64
0.0,0.0,0.0,100001,64
0.0,0.0,0.0,100001,64
0.0,0.0,0.0,100001,64
0.0,0.0,0.0,100001,64
0.0,0.0,0.0,100001,64
0.0,0.0,0.0,100001,64
0.0,0.0,0.0,100001,64
0.0,0.0,0.0,100001,64
0.0,0.0,0.0,100001,64
0.0,0.0,0.0,100001,64
0.0,0.0,0.0,100001,64
0.0,0.0,0.0,100001,64
0.0,0.0,0.0,100001,64
0.0,0.0,0.0,100001,64
0.0,0.0,0.0,100001,64
0.0,0.0,0.0,100001,64
0.0,0.0,0.0,100001,64
0.0,0.0,0.0,100001,64
0.0,0.0,0.0,100001,64
0.0,0.0,0.0,100001,64
0.0,0.0,0.0,100001,64
0.0,0.0,0.0,100001,64
0.0,0.0,0.0,100001,64
0.0,0.0,0.0,100001,64
0.0,0.0,0.0,100001,64
0.0,0.0,0.0,100001,64
0.0,0.0,0.0,100001,64
0.0,0.0,0.0,100001,64
0.0,0.0,0.0,100001,64
0.0,0.0,0.0,100001,64
0.0,0.0,0.0,100001,64
0.0,0.0,0.0,100001,64
0.0,0.0,0.0,100001,64
0.0,0.0,0.0,100001,64
0.0,0.0,0.0,100001,64
0.0,0.0,0.0,100001,64
0.0,0.0,0.0,100001,64
0.0,0.0,0.0,100001,64
0.0,0.0,0.0,100001,64
0.0,0.0,0.0,100001,64
0.0,0.0,0.0,100001,64
0.0,0.0,0.0,100001,64
0.0,0.0,0.0,100001,64
0.0,0.0,0.0,100001,64
0.0,0.0,0.0,100001,64
0.0,0.0,0.0,100001,64
0.0,0.0,0.0,100001,64
0.0,0.0,0.0,100001,64
0.0,0.0,0.0,100001,64
0.0,0.0,0.0,100001,64
0.0,0.0,0.0,100001,64
0.0,0.0,0.0,100001,64
0.0,0.0,0.0,100001,64
0.0,0.0,0.0,100001,64
0.0,0.0,0.0,100001,64
0.0,0.0,0.0,100001,64
0.0,0.0,0.0,100001,64
0.0,0.0,0.0,100001,64
0.0,0.0,0.0,100001,64
0.0,0.0,0.0,100001,64
0.0,0.0,0.0,100001,64
0.0,0.0,0.0,100001,64
0.0,0.0,0.0,100001,64
0.0,0.0,0.0,100001,64
0.0,0.0,0.0,100001,64
0.0,0.0,0.0,100001,64
0.0,0.0,0.0,100001,64
0.0,0.0,0.0,100001,64
0.0,0.0,0.0,100001,64
0.0,0.0,0.0,100001,64
0.0,0.0,0.0,100001,64
0.0,0.0,0.0,100001,64
0.0,0.0,0.0,100001,64
0.0,0.0,0.0,100001,64
0.0,0.0,0.0,100001,64
0.0,0.0,0.0,100001,64
0.0,0.0,0.0,100001,64
0.0,0.0,0.0,100001,64
0.0,0.0,0.0,100001,64
0.0,0.0,0.0,100001,64
0.0,0.0,0.0,100001,64
0.0,0.0,0.0,100001,64
0.0,0.0,0.0,100001,64
0.0,0.0,0.0,100001,64
0.0,0.0,0.0,100001,64
0.0,0.0,0.0,100001,64
0.0,0.0,0.0,100001,64
0.0,0.0,0.0,100001,64
0.0,0.0,0.0,100001,64
0.0,0.0,0.0,100001,64
0.0,0.0,0.0,100001,64
0.0,0.0,0.0,100001,64
0.0,0.0,0.0,100001,64
0.0,0.0,0.0,100001,64
0.0,0.0,0.0,100001,64
0.0,0.0,0.0,100001,64
0.0,0.0,0.0,100001,64
0.0,0.0,0.0,100001,64
0.0,0.0,0.0,100001,64
0.0,0.0,0.0,100001,64
0.0,0.0,0.0,100001,64
0.0,0.0,0.0,100001,64
0.0,0.0,0.0,100001,64
0.0,0.0,0.0,100001,64
0.0,0.0,0.0,100001,64
0.0,0.0,0.0,100001,64
0.0,0.0,0.0,100001,64
0.0,0.0,0.0,100001,64
0.0,0.0,0.0,100001,64
0.0,0.0,0.0,100001,64
0.0,0.0,0.0,100001,64
0.0,0.0,0.0,100001,64
0.0,0.0,0.0,100001,64
0.0,0.0,0.0,100001,64
0.0,0.0,0.0,100001,64
0.0,0.0,0.0,100001,64
0.0,0.0,0.0,100001,64
0.0,0.0,0.0,100001,64
0.0,0.0,0.0,100001,64
0.0,0.0,0.0,100001,64
0.0,0.0,0.0,100001,64
0.0,0.0,0.0,100001,64
0.0,0.0,0.0,100001,64
0.0,0.0,0.0,100001,64
0.0,0.0,0.0,100001,64
0.0,0.0,0.0,100001,64
0.0,0.0,0.0,100001,64
0.0,0.0,0.0,100001,64
0.0,0.0,0.0,100001,64
0.0,0.0,0.0,100001,64
0.0,0.0,0.0,100001,64
0.0,0.0,0.0,100002,65
0.0,0.0,0.0,100002,65
0.0,0.0,0.0,100002,65
0.0,0.0,0.0,100002,65
0.0,0.0,0.0,100002,65
0.0,0.0,0.0,100002,65
0.0,0.0,0.0,100002,65
0.0,0.0,0.0,100002,65
0.0,0.0,0.0,100002,65
0.0,0.0,0.0,100002,65
0.0,0.0,0.0,100002,65
0.0,0.0,0.0,100002,65
0.0,0.0,0.0,100002,65
0.0,0.0,0.0,100002,65
0.0,0.0,0.0,100002,65
0.0,0.0,0.0,100002,65
0.0,0.0,0.0,100002,65
0.0,0.0,0.0,100002,65
0.0,0.0,0.0,100002,65
0.0,0.0,0.0,100002,65
0.0,0.0,0.0,100002,65
0.0,0.0,0.0,100002,65
0.0,0.0,0.0,100002,65
0.0,0.0,0.0,100002,65
0.0,0.0,0.0,100002,65
0.0,0.0,0.0,100002,65
0.0,0.0,0.0,100002,65
0.0,0.0,0.0,100002,65
0.0,0.0,0.0,100002,65
0.0,0.0,0.0,100002,65
0.0,0.0,0.0,100002,65
0.0,0.0,0.0,100002,65
0.0,0.0,0.0,100002,65
0.0,0.0,0.0,100002,65
0.0,0.0,0.0,100002,65
0.0,0.0,0.0,100002,65
0.0,0.0,0.0,100002,65
0.0,0.0,0.0,100002,65
0.0,0.0,0.0,100002,65
0.0,0.0,0.0,100002,65
0.0,0.0,0.0,100002,65
0.0,0.0,0.0,100002,65
0.0,0.0,0.0,100002,65
0.0,0.0,0.0,100002,65
0.0,0.0,0.0,100002,65
0.0,0.0,0.0,100002,65
0.0,0.0,0.0,100002,65
0.0,0.0,0.0,100002,65
0.0,0.0,0.0,100002,65
0.0,0.0,0.0,100002,65
0.0,0.0,0.0,100002,65
0.0,0.0,0.0,100002,65
0.0,0.0,0.0,100002,65
0.0,0.0,0.0,100002,65
0.0,0.0,0.0,100002,65
0.0,0.0,0.0,100002,65
0.0,0.0,0.0,100002,65
0.0,0.0,0.0,100002,65
0.0,0.0,0.0,100002,65
0.0,0.0,0.0,100002,65
0.0,0.0,0.0,100002,65
0.0,0.0,0.0,100002,65
0.0,0.0,0.0,100002,65
0.0,0.0,0.0,100002,65
0.0,0.0,0.0,100002,65
0.0,0.0,0.0,100002,65
0.0,0.0,0.0,100002,65
0.0,0.0,0.0,100002,65
0.0,0.0,0.0,100002,65
0.0,0.0,0.0,100002,65
0.0,0.0,0.0,100002,65
0.0,0.0,0.0,100002,65
0.0,0.0,0.0,100002,65
0.0,0.0,0.0,100002,65
0.0,0.0,0.0,100002,65
0.0,0.0,0.0,100002,65
0.0,0.0,0.0,100002,65
0.0,0.0,0.0,100002,65
0.0,0.0,0.0,100002,65
0.0,0.0,0.0,100002,65
0.0,0.0,0.0,100002,65
0.0,0.0,0.0,100002,65
0.0,0.0,0.0,100002,65
0.0,0.0,0.0,100002,65
0.0,0.0,0.0,100002,65
0.0,0.0,0.0,100002,65
0.0,0.0,0.0,100002,65
0.0,0.0,0.0,100002,65
0.0,0.0,0.0,100002,65
0.0,0.0,0.0,100002,65
0.0,0.0,0.0,100002,65
0.0,0.0,0.0,100002,65
0.0,0.0,0.0,100002,65
0.0,0.0,0.0,100002,65
0.0,0.0,0.0,100002,65
0.0,0.0,0.0,100002,65
0.0,0.0,0.0,100002,65
0.0,0.0,0.0,100002,65
0.0,0.0,0.0,100002,65
0.0,0.0,0.0,100002,65
0.0,0.0,0.0,100002,65
0.0,0.0,0.0,100002,65
0.0,0.0,0.0,100002,65
0.0,0.0,0.0,100002,65
0.0,0.0,0.0,100002,65
0.0,0.0,0.0,100002,65
0.0,0.0,0.0,100002,65
0.0,0.0,0.0,100002,65
0.0,0.0,0.0,100002,65
0.0,0.0,0.0,100002,65
0.0,0.0,0.0,100002,65
0.0,0.0,0.0,100002,65
0.0,0.0,0.0,100002,65
0.0,0.0,0.0,100002,65
0.0,0.0,0.0,100002,65
0.0,0.0,0.0,100002,65
0.0,0.0,0.0,100002,65
0.0,0.0,0.0,100002,65
0.0,0.0,0.0,100002,65
0.0,0.0,0.0,100002,65
0.0,0.0,0.0,100002,65
0.0,0.0,0.0,100002,65
0.0,0.0,0.0,100002,65
0.0,0.0,0.0,100002,65
0.0,0.0,0.0,100002,65
0.0,0.0,0.0,100002,65
0.0,0.0,0.0,100002,65
0.0,0.0,0.0,100002,65
0.0,0.0,0.0,100002,65
0.0,0.0,0.0,100002,65
0.0,0.0,0.0,100002,65
0.0,0.0,0.0,100002,65
0.0,0.0,0.0,100002,65
0.0,0.0,0.0,100002,65
0.0,0.0,0.0,100002,65
0.0,0.0,0.0,100002,65
0.0,0.0,0.0,100002,65
0.0,0.0,0.0,100002,65
0.0,0.0,0.0,100002,65
0.0,0.0,0.0,100002,65
0.0,0.0,0.0,100002,65
0.0,0.0,0.0,100002,65
0.0,0.0,0.0,100002,65
0.0,0.0,0.0,100002,65
0.0,0.0,0.0,100002,65
0.0,0.0,0.0,100002,65
0.0,0.0,0.0,100002,65
0.0,0.0,0.0,100002,65
0.0,0.0,0.0,100002,65
0.0,0.0,0.0,100002,65
0.0,0.0,0.0,100002,65
0.0,0.0,0.0,100002,65
0.0,0.0,0.0,100002,65
0.0,0.0,0.0,100002,65
0.0,0.0,0.0,100002,65
0.0,0.0,0.0,100002,65
0.0,0.0,0.0,100002,65
0.0,0.0,0.0,100002,65
0.0,0.0,0.0,100002,65
0.0,0.0,0.0,100002,65
0.0,0.0,0.0,100002,65
0.0,0.0,0.0,100002,65
0.0,0.0,0.0,100002,65
0.0,0.0,0.0,100002,65
0.0,0.0,0.0,100002,65
0.0,0.0,0.0,100002,65
0.0,0.0,0.0,100002,65
0.0,0.0,0.0,100002,65
0.0,0.0,0.0,100002,65
0.0,0.0,0.0,100002,65
0.0,0.0,0.0,100002,65
0.0,0.0,0.0,100002,65
0.0,0.0,0.0,100002,65
0.0,0.0,0.0,100002,65
0.0,0.0,0.0,100002,65
0.0,0.0,0.0,100002,65
0.0,0.0,0.0,100002,65
0.0,0.0,0.0,100002,65
0.0,0.0,0.0,100002,65
0.0,0.0,0.0,100002,65
0.0,0.0,0.0,100002,65
0.0,0.0,0.0,100002,65
0.0,0.0,0.0,100002,65
0.0,0.0,0.0,100002,65
0.0,0.0,0.0,100002,65
0.0,0.0,0.0,100002,65
0.0,0.0,0.0,100002,65
0.0,0.0,0.0,100002,65
0.0,0.0,0.0,100002,65
0.0,0.0,0.0,100002,65
0.0,0.0,0.0,100002,65
0.0,0.0,0.0,100002,65
0.0,0.0,0.0,100002,65
0.0,0.0,0.0,100002,65
0.0,0.0,0.0,100002,65
0.0,0.0,0.0,100002,65
0.0,0.0,0.0,100002,65
0.0,0.0,0.0,100002,65
0.0,0.0,0.0,100002,65
0.0,0.0,0.0,100002,65
0.0,0.0,0.0,100002,65
0.0,0.0,0.0,100002,65
0.0,0.0,0.0,100002,65
0.0,0.0,0.0,100002,65
0.0,0.0,0.0,100002,65
0.0,0.0,0.0,100002,65
0.0,0.0,0.0,100002,65
0.0,0.0,0.0,100002,65
0.0,0.0,0.0,100002,65
0.0,0.0,0.0,100002,65
0.0,0.0,0.0,100002,65
0.0,0.0,0.0,100002,65
0.0,0.0,0.0,100002,65
0.0,0.0,0.0,100002,65
0.0,0.0,0.0,100002,65
0.0,0.0,0.0,100002,65
0.0,0.0,0.0,100002,65
0.0,0.0,0.0,100002,65
0.0,0.0,0.0,100002,65
0.0,0.0,0.0,100002,65
0.0,0.0,0.0,100002,65
0.0,0.0,0.0,100002,65
0.0,0.0,0.0,100002,65
0.0,0.0,0.0,100002,65
0.0,0.0,0.0,100002,65
0.0,0.0,0.0,100002,65
0.0,0.0,0.0,100002,65
0.0,0.0,0.0,100002,65
0.0,0.0,0.0,100002,65
0.0,0.0,0.0,100002,65
0.0,0.0,0.0,100002,65
0.0,0.0,0.0,100002,65
0.0,0.0,0.0,100002,65
0.0,0.0,0.0,100002,65
0.0,0.0,0.0,100002,65
0.0,0.0,0.0,100002,65
0.0,0.0,0.0,100002,65
0.0,0.0,0.0,100002,65
0.0,0.0,0.0,100002,65
0.0,0.0,0.0,100002,65
0.0,0.0,0.0,100002,65
0.0,0.0,0.0,100002,65
0.0,0.0,0.0,100002,65
0.0,0.0,0.0,100002,65
0.0,0.0,0.0,100002,65
0.0,0.0,0.0,100002,65
0.0,0.0,0.0,100002,65
0.0,0.0,0.0,100002,65
0.0,0.0,0.0,100002,65
0.0,0.0,0.0,100002,65
0.0,0.0,0.0,100002,65
0.0,0.0,0.0,100002,65
0.0,0.0,0.0,100002,65
0.0,0.0,0.0,100002,65
0.0,0.0,0.0,100002,65
0.0,0.0,0.0,100002,65
0.0,0.0,0.0,100002,65
0.0,0.0,0.0,100002,65
0.0,0.0,0.0,100002,65
0.0,0.0,0.0,100002,65
0.0,0.0,0.0,100002,65
0.0,0.0,0.0,100002,65
0.0,0.0,0.0,100002,65
0.0,0.0,0.0,100002,65
0.0,0.0,0.0,100002,65
0.0,0.0,0.0,100002,65
0.0,0.0,0.0,100002,65
0.0,0.0,0.0,100002,65
0.0,0.0,0.0,100002,65
0.0,0.0,0.0,100002,65
0.0,0.0,0.0,100002,65
0.0,0.0,0.0,100002,65
0.0,0.0,0.0,100002,65
0.0,0.0,0.0,100002,65
0.0,0.0,0.0,100002,65
0.0,0.0,0.0,100002,65
0.0,0.0,0.0,100002,65
0.0,0.0,0.0,100002,65
0.0,0.0,0.0,100002,65
0.0,0.0,0.0,100002,65
0.0,0.0,0.0,100002,65
0.0,0.0,0.0,100002,65
0.0,0.0,0.0,100002,65
0.0,0.0,0.0,100002,65
0.0,0.0,0.0,100002,65
0.0,0.0,0.0,100002,65
0.0,0.0,0.0,100002,65
0.0,0.0,0.0,100002,65
0.0,0.0,0.0,100002,65
0.0,0.0,0.0,100002,65
0.0,0.0,0.0,100002,65
0.0,0.0,0.0,100002,65
0.0,0.0,0.0,100002,65
0.0,0.0,0.0,100002,65
0.0,0.0,0.0,100002,65
0.0,0.0,0.0,100002,65
0.0,0.0,0.0,100002,65
0.0,0.0,0.0,100002,65
0.0,0.0,0.0,100002,65
0.0,0.0,0.0,100002,65
0.0,0.0,0.0,100002,65
0.0,0.0,0.0,100002,65
0.0,0.0,0.0,100002,65
0.0,0.0,0.0,100002,65
0.0,0.0,0.0,100002,65
0.0,0.0,0.0,100002,65
0.0,0.0,0.0,100002,65
0.0,0.0,0.0,100002,65
0.0,0.0,0.0,100002,65
0.0,0.0,0.0,100002,65
0.0,0.0,0.0,100002,65
0.0,0.0,0.0,100002,65
0.0,0.0,0.0,100002,65
0.0,0.0,0.0,100002,65
0.0,0.0,0.0,100002,65
0.0,0.0,0.0,100002,65
0.0,0.0,0.0,100002,65
0.0,0.0,0.0,100002,65
0.0,0.0,0.0,100002,65
0.0,0.0,0.0,100002,65
0.0,0.0,0.0,100002,65
0.0,0.0,0.0,100002,65
0.0,0.0,0.0,100002,65
0.0,0.0,0.0,100002,65
0.0,0.0,0.0,100002,65
0.0,0.0,0.0,100002,65
0.0,0.0,0.0,100002,65
0.0,0.0,0.0,100002,65
0.0,0.0,0.0,100002,65
0.0,0.0,0.0,100002,65
0.0,0.0,0.0,100002,65
0.0,0.0,0.0,100002,65
0.0,0.0,0.0,100002,65
0.0,0.0,0.0,100002,65
0.0,0.0,0.0,100002,65
0.0,0.0,0.0,100002,65
0.0,0.0,0.0,100002,65
0.0,0.0,0.0,100002,65
0.0,0.0,0.0,100002,65
0.0,0.0,0.0,100002,65
0.0,0.0,0.0,100002,65
0.0,0.0,0.0,100002,65
0.0,0.0,0.0,100002,65
0.0,0.0,0.0,100002,65
0.0,0.0,0.0,100002,65
0.0,0.0,0.0,100002,65
0.0,0.0,0.0,100002,65
0.0,0.0,0.0,100002,65
0.0,0.0,0.0,100002,65
0.0,0.0,0.0,100002,65
0.0,0.0,0.0,100002,65
0.0,0.0,0.0,100002,65
0.0,0.0,0.0,100002,65
0.0,0.0,0.0,100002,65
0.0,0.0,0.0,100002,65
0.0,0.0,0.0,100002,65
0.0,0.0,0.0,100002,65
0.0,0.0,0.0,100002,65
0.0,0.0,0.0,100002,65
0.0,0.0,0.0,100002,65
0.0,0.0,0.0,100002,65
0.0,0.0,0.0,100002,65
0.0,0.0,0.0,100002,65
0.0,0.0,0.0,100002,65
0.0,0.0,0.0,100002,65
0.0,0.0,0.0,100002,65
0.0,0.0,0.0,100002,65
0.0,0.0,0.0,100002,65
0.0,0.0,0.0,100002,65
0.0,0.0,0.0,100002,65
0.0,0.0,0.0,100002,65
0.0,0.0,0.0,100002,65
0.0,0.0,0.0,100002,65
0.0,0.0,0.0,100002,65
0.0,0.0,0.0,100002,65
0.0,0.0,0.0,100002,65
0.0,0.0,0.0,100002,65
0.0,0.0,0.0,100002,65
0.0,0.0,0.0,100002,65
0.0,0.0,0.0,100002,65
0.0,0.0,0.0,100002,65
0.0,0.0,0.0,100002,65
0.0,0.0,0.0,100002,65
0.0,0.0,0.0,100002,65
0.0,0.0,0.0,100002,65
0.0,0.0,0.0,100002,65
0.0,0.0,0.0,100002,65
0.0,0.0,0.0,100002,65
0.0,0.0,0.0,100002,65
0.0,0.0,0.0,100002,65
0.0,0.0,0.0,100002,65
0.0,0.0,0.0,100002,65
0.0,0.0,0.0,100002,65
0.0,0.0,0.0,100002,65
0.0,0.0,0.0,100002,65
0.0,0.0,0.0,100002,65
0.0,0.0,0.0,100002,65
0.0,0.0,0.0,100002,65
0.0,0.0,0.0,100002,65
0.0,0.0,0.0,100002,65
0.0,0.0,0.0,100002,65
0.0,0.0,0.0,100002,65
0.0,0.0,0.0,100002,65
0.0,0.0,0.0,100002,65
0.0,0.0,0.0,100002,65
0.0,0.0,0.0,100002,65
0.0,0.0,0.0,100002,65
0.0,0.0,0.0,100002,65
0.0,0.0,0.0,100002,65
0.0,0.0,0.0,100002,65
0.0,0.0,0.0,100002,65
0.0,0.0,0.0,100002,65
0.0,0.0,0.0,100002,65
0.0,0.0,0.0,100002,65
0.0,0.0,0.0,100002,65
0.0,0.0,0.0,100002,65
0.0,0.0,0.0,100002,65
0.0,0.0,0.0,100002,65
0.0,0.0,0.0,100002,65
0.0,0.0,0.0,100002,65
0.0,0.0,0.0,100002,65
0.0,0.0,0.0,100002,65
0.0,0.0,0.0,100002,65
0.0,0.0,0.0,100002,65
0.0,0.0,0.0,100002,65
0.0,0.0,0.0,100002,65
0.0,0.0,0.0,100002,65
0.0,0.0,0.0,100002,65
0.0,0.0,0.0,100002,65
0.0,0.0,0.0,100002,65
0.0,0.0,0.0,100002,65
0.0,0.0,0.0,100002,65
0.0,0.0,0.0,100002,65
0.0,0.0,0.0,100002,65
0.0,0.0,0.0,100002,65
0.0,0.0,0.0,100002,65
0.0,0.0,0.0,100002,65
0.0,0.0,0.0,100002,65
0.0,0.0,0.0,100002,65
0.0,0.0,0.0,100002,65
0.0,0.0,0.0,100002,65
0.0,0.0,0.0,100002,65
0.0,0.0,0.0,100002,65
0.0,0.0,0.0,100002,65
0.0,0.0,0.0,100002,65
0.0,0.0,0.0,100002,65
0.0,0.0,0.0,100002,65
0.0,0.0,0.0,100002,65
0.0,0.0,0.0,100002,65
0.0,0.0,0.0,100002,65
0.0,0.0,0.0,100002,65
0.0,0.0,0.0,100002,65
0.0,0.0,0.0,100002,65
0.0,0.0,0.0,100002,65
0.0,0.0,0.0,100002,65
0.0,0.0,0.0,100002,65
0.0,0.0,0.0,100002,65
0.0,0.0,0.0,100002,65
0.0,0.0,0.0,100002,65
0.0,0.0,0.0,100002,65
0.0,0.0,0.0,100002,65
0.0,0.0,0.0,100002,65
0.0,0.0,0.0,100002,65
0.0,0.0,0.0,100002,65
0.0,0.0,0.0,100002,65
0.0,0.0,0.0,100002,65
0.0,0.0,0.0,100002,65
0.0,0.0,0.0,100002,65
0.0,0.0,0.0,100002,65
0.0,0.0,0.0,100002,65
0.0,0.0,0.0,100002,65
0.0,0.0,0.0,100002,65
0.0,0.0,0.0,100002,65
0.0,0.0,0.0,100002,65
0.0,0.0,0.0,100002,65
0.0,0.0,0.0,100002,65
0.0,0.0,0.0,100002,65
0.0,0.0,0.0,100002,65
0.0,0.0,0.0,100002,65
0.0,0.0,0.0,100002,65
0.0,0.0,0.0,100002,65
0.0,0.0,0.0,100002,65
0.0,0.0,0.0,100002,65
0.0,0.0,0.0,100002,65
0.0,0.0,0.0,100002,65
0.0,0.0,0.0,100002,65
0.0,0.0,0.0,100002,65
0.0,0.0,0.0,100002,65
0.0,0.0,0.0,100002,65
0.0,0.0,0.0,100002,65
0.0,0.0,0.0,100002,65
0.0,0.0,0.0,100002,65
0.0,0.0,0.0,100002,65
0.0,0.0,0.0,100002,65
0.0,0.0,0.0,100002,65
0.0,0.0,0.0,100002,65
0.0,0.0,0.0,100002,65
0.0,0.0,0.0,100002,65
0.0,0.0,0.0,100002,65
0.0,0.0,0.0,100002,65
0.0,0.0,0.0,100002,65
0.0,0.0,0.0,100002,65
0.0,0.0,0.0,100002,65
0.0,0.0,0.0,100002,65
0.0,0.0,0.0,100002,65
0.0,0.0,0.0,100002,65
0.0,0.0,0.0,100002,65
0.0,0.0,0.0,100002,65
0.0,0.0,0.0,100002,65
0.0,0.0,0.0,100002,65
0.0,0.0,0.0,100002,65
0.0,0.0,0.0,100002,65
0.0,0.0,0.0,100002,65
0.0,0.0,0.0,100002,65
0.0,0.0,0.0,100002,65
0.0,0.0,0.0,100002,65
0.0,0.0,0.0,100002,65
0.0,0.0,0.0,100002,65
0.0,0.0,0.0,100002,65
0.0,0.0,0.0,100002,65
0.0,0.0,0.0,100002,65
0.0,0.0,0.0,100002,65
0.0,0.0,0.0,100002,65
0.0,0.0,0.0,100002,65
0.0,0.0,0.0,100002,65
0.0,0.0,0.0,100002,65
0.0,0.0,0.0,100002,65
0.0,0.0,0.0,100002,65
0.0,0.0,0.0,100002,65
0.0,0.0,0.0,100002,65
0.0,0.0,0.0,100002,65
0.0,0.0,0.0,100002,65
0.0,0.0,0.0,100002,65
0.0,0.0,0.0,100002,65
0.0,0.0,0.0,100002,65
0.0,0.0,0.0,100002,65
0.0,0.0,0.0,100002,65
0.0,0.0,0.0,100002,65
0.0,0.0,0.0,100002,65
0.0,0.0,0.0,100002,65
0.0,0.0,0.0,100002,65
0.0,0.0,0.0,100002,65
0.0,0.0,0.0,100002,65
0.0,0.0,0.0,100002,65
0.0,0.0,0.0,100002,65
0.0,0.0,0.0,100002,65
0.0,0.0,0.0,100002,65
0.0,0.0,0.0,100002,65
0.0,0.0,0.0,100002,65
0.0,0.0,0.0,100002,65
0.0,0.0,0.0,100002,65
0.0,0.0,0.0,100002,65
0.0,0.0,0.0,100002,65
0.0,0.0,0.0,100002,65
0.0,0.0,0.0,100002,65
0.0,0.0,0.0,100002,65
0.0,0.0,0.0,100002,65
0.0,0.0,0.0,100002,65
0.0,0.0,0.0,100002,65
0.0,0.0,0.0,100002,65
0.0,0.0,0.0,100002,65
0.0,0.0,0.0,100002,65
0.0,0.0,0.0,100002,65
0.0,0.0,0.0,100002,65
0.0,0.0,0.0,100002,65
0.0,0.0,0.0,100002,65
0.0,0.0,0.0,100002,65
0.0,0.0,0.0,100002,65
0.0,0.0,0.0,100002,65
0.0,0.0,0.0,100002,65
0.0,0.0,0.0,100002,65
0.0,0.0,0.0,100002,65
0.0,0.0,0.0,100002,65
0.0,0.0,0.0,100002,65
0.0,0.0,0.0,100002,65
0.0,0.0,0.0,100002,65
0.0,0.0,0.0,100002,65
0.0,0.0,0.0,100002,65
0.0,0.0,0.0,100002,65
0.0,0.0,0.0,100002,65
0.0,0.0,0.0,100002,65
0.0,0.0,0.0,100002,65
0.0,0.0,0.0,100002,65
0.0,0.0,0.0,100002,65
0.0,0.0,0.0,100002,65
0.0,0.0,0.0,100002,65
0.0,0.0,0.0,100002,65
0.0,0.0,0.0,100002,65
0.0,0.0,0.0,100002,65
0.0,0.0,0.0,100002,65
0.0,0.0,0.0,100002,65
0.0,0.0,0.0,100002,65
0.0,0.0,0.0,100002,65
0.0,0.0,0.0,100002,65
0.0,0.0,0.0,100002,65
0.0,0.0,0.0,100002,65
0.0,0.0,0.0,100002,65
0.0,0.0,0.0,100002,65
0.0,0.0,0.0,100002,65
0.0,0.0,0.0,100002,65
0.0,0.0,0.0,100002,65
0.0,0.0,0.0,100002,65
0.0,0.0,0.0,100002,65
0.0,0.0,0.0,100002,65
0.0,0.0,0.0,100002,65
0.0,0.0,0.0,100002,65
0.0,0.0,0.0,100002,65
0.0,0.0,0.0,100002,65
0.0,0.0,0.0,100002,65
0.0,0.0,0.0,100002,65
0.0,0.0,0.0,100002,65
0.0,0.0,0.0,100002,65
0.0,0.0,0.0,100002,65
0.0,0.0,0.0,100002,65
0.0,0.0,0.0,100002,65
0.0,0.0,0.0,100002,65
0.0,0.0,0.0,100002,65
0.0,0.0,0.0,100002,65
0.0,0.0,0.0,100002,65
0.0,0.0,0.0,100002,65
0.0,0.0,0.0,100002,65
0.0,0.0,0.0,100002,65
0.0,0.0,0.0,100002,65
0.0,0.0,0.0,100002,65
0.0,0.0,0.0,100002,65
0.0,0.0,0.0,100002,65
0.0,0.0,0.0,100002,65
0.0,0.0,0.0,100002,65
0.0,0.0,0.0,100002,65
0.0,0.0,0.0,100002,65
0.0,0.0,0.0,100002,65
0.0,0.0,0.0,100002,65
0.0,0.0,0.0,100002,65
0.0,0.0,0.0,100002,65
0.0,0.0,0.0,100002,65
0.0,0.0,0.0,100002,65
0.0,0.0,0.0,100002,65
0.0,0.0,0.0,100002,65
0.0,0.0,0.0,100002,65
0.0,0.0,0.0,100002,65
0.0,0.0,0.0,100002,65
0.0,0.0,0.0,100002,65
0.0,0.0,0.0,100002,65
0.0,0.0,0.0,100002,65
0.0,0.0,0.0,100002,65
0.0,0.0,0.0,100002,65
0.0,0.0,0.0,100002,65
0.0,0.0,0.0,100002,65
0.0,0.0,0.0,100002,65
0.0,0.0,0.0,100002,65
0.0,0.0,0.0,100002,65
0.0,0.0,0.0,100002,65
0.0,0.0,0.0,100002,65
0.0,0.0,0.0,100002,65
0.0,0.0,0.0,100002,65
0.0,0.0,0.0,100002,65
0.0,0.0,0.0,100002,65
0.0,0.0,0.0,100002,65
0.0,0.0,0.0,100002,65
0.0,0.0,0.0,100002,65
0.0,0.0,0.0,100002,65
0.0,0.0,0.0,100002,65
0.0,0.0,0.0,100002,65
0.0,0.0,0.0,100002,65
0.0,0.0,0.0,100002,65
0.0,0.0,0.0,100002,65
0.0,0.0,0.0,100002,65
0.0,0.0,0.0,100002,65
0.0,0.0,0.0,100002,65
0.0,0.0,0.0,100002,65
0.0,0.0,0.0,100002,65
0.0,0.0,0.0,100002,65
0.0,0.0,0.0,100002,65
0.0,0.0,0.0,100002,65
0.0,0.0,0.0,100002,65
0.0,0.0,0.0,100002,65
0.0,0.0,0.0,100002,65
0.0,0.0,0.0,100002,65
0.0,0.0,0.0,100002,65
0.0,0.0,0.0,100002,65
0.0,0.0,0.0,100002,65
0.0,0.0,0.0,100002,65
0.0,0.0,0.0,100002,65
0.0,0.0,0.0,100002,65
0.0,0.0,0.0,100002,65
0.0,0.0,0.0,100002,65
0.0,0.0,0.0,100002,65
0.0,0.0,0.0,100002,65
0.0,0.0,0.0,100002,65
0.0,0.0,0.0,100002,65
0.0,0.0,0.0,100002,65
0.0,0.0,0.0,100002,65
0.0,0.0,0.0,100002,65
0.0,0.0,0.0,100002,65
0.0,0.0,0.0,100002,65
0.0,0.0,0.0,100002,65
0.0,0.0,0.0,100002,65
0.0,0.0,0.0,100002,65
0.0,0.0,0.0,100002,65
0.0,0.0,0.0,100002,65
0.0,0.0,0.0,100002,65
0.0,0.0,0.0,100002,65
0.0,0.0,0.0,100002,65
0.0,0.0,0.0,100002,65
0.0,0.0,0.0,100002,65
0.0,0.0,0.0,100002,65
0.0,0.0,0.0,100002,65
0.0,0.0,0.0,100002,65
0.0,0.0,0.0,100002,65
0.0,0.0,0.0,100002,65
0.0,0.0,0.0,100002,65
0.0,0.0,0.0,100002,65
0.0,0.0,0.0,100002,65
0.0,0.0,0.0,100002,65
0.0,0.0,0.0,100002,65
0.0,0.0,0.0,100002,65
0.0,0.0,0.0,100002,65
0.0,0.0,0.0,100002,65
0.0,0.0,0.0,100002,65
0.0,0.0,0.0,100002,65
0.0,0.0,0.0,100002,65
0.0,0.0,0.0,100002,65
0.0,0.0,0.0,100002,65
0.0,0.0,0.0,100002,65
0.0,0.0,0.0,100002,65
0.0,0.0,0.0,100002,65
0.0,0.0,0.0,100002,65
0.0,0.0,0.0,100002,65
0.0,0.0,0.0,100002,65
0.0,0.0,0.0,100002,65
0.0,0.0,0.0,100002,65
0.0,0.0,0.0,100002,65
0.0,0.0,0.0,100002,65
0.0,0.0,0.0,100002,65
0.0,0.0,0.0,100002,65
0.0,0.0,0.0,100002,65
0.0,0.0,0.0,100002,65
0.0,0.0,0.0,100002,65
0.0,0.0,0.0,100002,65
0.0,0.0,0.0,100002,65
0.0,0.0,0.0,100002,65
0.0,0.0,0.0,100002,65
0.0,0.0,0.0,100002,65
0.0,0.0,0.0,100002,65
0.0,0.0,0.0,100002,65
0.0,0.0,0.0,100002,65
0.0,0.0,0.0,100002,65
0.0,0.0,0.0,100002,65
0.0,0.0,0.0,100002,65
0.0,0.0,0.0,100002,65
0.0,0.0,0.0,100002,65
0.0,0.0,0.0,100002,65
0.0,0.0,0.0,100002,65
0.0,0.0,0.0,100002,65
0.0,0.0,0.0,100002,65
0.0,0.0,0.0,100002,65
0.0,0.0,0.0,100002,65
0.0,0.0,0.0,100002,65
0.0,0.0,0.0,100002,65
0.0,0.0,0.0,100002,65
0.0,0.0,0.0,100002,65
0.0,0.0,0.0,100002,65
0.0,0.0,0.0,100002,65
0.0,0.0,0.0,100002,65
0.0,0.0,0.0,100002,65
0.0,0.0,0.0,100002,65
0.0,0.0,0.0,100002,65
0.0,0.0,0.0,100002,65
0.0,0.0,0.0,100002,65
0.0,0.0,0.0,100002,65
0.0,0.0,0.0,100002,65
0.0,0.0,0.0,100002,65
0.0,0.0,0.0,100002,65
0.0,0.0,0.0,100002,65
0.0,0.0,0.0,100002,65
0.0,0.0,0.0,100002,65
0.0,0.0,0.0,100002,65
0.0,0.0,0.0,100002,65
0.0,0.0,0.0,100002,65
0.0,0.0,0.0,100002,65
0.0,0.0,0.0,100002,65
0.0,0.0,0.0,100002,65
0.0,0.0,0.0,100002,65
0.0,0.0,0.0,100002,65
0.0,0.0,0.0,100002,65
0.0,0.0,0.0,100002,65
0.0,0.0,0.0,100002,65
0.0,0.0,0.0,100002,65
0.0,0.0,0.0,100002,65
0.0,0.0,0.0,100002,65
0.0,0.0,0.0,100002,65
0.0,0.0,0.0,100002,65
0.0,0.0,0.0,100002,65
0.0,0.0,0.0,100002,65
0.0,0.0,0.0,100002,65
0.0,0.0,0.0,100002,65
0.0,0.0,0.0,100002,65
0.0,0.0,0.0,100002,65
0.0,0.0,0.0,100002,65
0.0,0.0,0.0,100002,65
0.0,0.0,0.0,100002,65
0.0,0.0,0.0,100002,65
0.0,0.0,0.0,100002,65
0.0,0.0,0.0,100002,65
0.0,0.0,0.0,100002,65
0.0,0.0,0.0,100002,65
0.0,0.0,0.0,100002,65
0.0,0.0,0.0,100002,65
0.0,0.0,0.0,100002,65
0.0,0.0,0.0,100002,65
0.0,0.0,0.0,100002,65
0.0,0.0,0.0,100002,65
0.0,0.0,0.0,100002,65
0.0,0.0,0.0,100002,65
0.0,0.0,0.0,100002,65
0.0,0.0,0.0,100002,65
0.0,0.0,0.0,100002,65
0.0,0.0,0.0,100002,65
0.0,0.0,0.0,100002,65
0.0,0.0,0.0,100002,65
0.0,0.0,0.0,100002,65
0.0,0.0,0.0,100002,65
0.0,0.0,0.0,100002,65
0.0,0.0,0.0,100002,65
0.0,0.0,0.0,100002,65
0.0,0.0,0.0,100002,65
0.0,0.0,0.0,100002,65
0.0,0.0,0.0,100002,65
0.0,0.0,0.0,100002,65
0.0,0.0,0.0,100002,65
0.0,0.0,0.0,100002,65
0.0,0.0,0.0,100002,65
0.0,0.0,0.0,100002,65
0.0,0.0,0.0,100002,65
