1.2791,2.2257,4.224,18,1
1.2776,2.2253,4.2229,18,1
1.2791,2.2257,4.224,18,1
1.2776,2.2253,4.2229,18,1
1.2776,2.2253,4.2229,18,1
1.2776,2.2253,4.2229,18,1
1.2776,2.2253,4.2229,18,1
1.2776,2.2253,4.2229,18,1
1.2776,2.2253,4.2229,18,1
1.2776,2.2253,4.2229,18,1
1.2791,2.2257,4.224,18,1
1.2791,2.2257,4.224,18,1
1.2785,2.2266,4.2251,18,1
1.2776,2.2253,4.2229,18,1
1.2776,2.2253,4.2229,18,1
1.2776,2.2253,4.2229,18,1
1.2791,2.2257,4.224,18,1
1.2776,2.2253,4.2229,18,1
1.2776,2.2253,4.2229,18,1
1.2776,2.2253,4.2229,18,1
1.2776,2.2253,4.2229,18,1
1.2776,2.2253,4.2229,18,1
1.2776,2.2253,4.2229,18,1
1.2776,2.2253,4.2229,18,1
1.5202,2.4828,3.8915,19,2
1.5202,2.4828,3.8915,19,2
1.5199,2.4822,3.8917,19,2
1.5199,2.4822,3.8917,19,2
1.5199,2.4822,3.8917,19,2
1.5199,2.4822,3.8917,19,2
1.5202,2.4828,3.8915,19,2
1.5207,2.4821,3.8938,19,2
1.5202,2.483,3.8914,19,2
1.5207,2.4821,3.8938,19,2
1.5202,2.4828,3.8915,19,2
1.5199,2.4822,3.8917,19,2
1.5199,2.4822,3.8917,19,2
1.5199,2.4822,3.8917,19,2
1.5199,2.4822,3.8917,19,2
1.5202,2.483,3.8914,19,2
1.3802,2.9051,3.8307,23,3
1.3802,2.9051,3.8307,23,3
1.3774,2.9061,3.8273,23,3
1.3774,2.9061,3.8273,23,3
1.2069,2.8277,3.5712,23,3
1.3774,2.9061,3.8273,23,3
1.3774,2.9061,3.8273,23,3
1.2069,2.8277,3.5712,23,3
1.2069,2.8277,3.5712,23,3
1.2069,2.8277,3.5712,23,3
1.2069,2.8277,3.5712,23,3
1.2091,2.828,3.5736,23,3
1.2091,2.828,3.5736,23,3
1.2091,2.828,3.5736,23,3
1.2069,2.8277,3.5712,23,3
1.2069,2.8277,3.5712,23,3
1.2103,2.8273,3.5757,23,3
1.2103,2.8273,3.5757,23,3
1.2069,2.8277,3.5712,23,3
1.2091,2.828,3.5736,23,3
1.2091,2.828,3.5736,23,3
1.3802,2.9051,3.8307,23,3
1.3802,2.9051,3.8307,23,3
1.2125,2.8261,3.5769,23,3
1.3774,2.9061,3.8273,23,3
1.3774,2.9061,3.8273,23,3
1.3774,2.9061,3.8273,23,3
1.2091,2.828,3.5736,23,3
1.2091,2.828,3.5736,23,3
1.2091,2.828,3.5736,23,3
0.95925,2.1448,3.0246,28,4
0.95925,2.1448,3.0246,28,4
0.95925,2.1448,3.0246,28,4
0.95925,2.1448,3.0246,28,4
0.95925,2.1448,3.0246,28,4
0.95925,2.1448,3.0246,28,4
0.95994,2.1438,3.0246,28,4
0.95994,2.1438,3.0246,28,4
0.95994,2.1438,3.0246,28,4
0.95994,2.1438,3.0246,28,4
0.95994,2.1438,3.0246,28,4
0.95994,2.1438,3.0246,28,4
0.95994,2.1438,3.0246,28,4
0.95925,2.1448,3.0246,28,4
0.95925,2.1448,3.0246,28,4
0.95925,2.1448,3.0246,28,4
0.95994,2.1438,3.0246,28,4
0.95994,2.1438,3.0246,28,4
0.95925,2.1448,3.0246,28,4
0.95925,2.1448,3.0246,28,4
0.95994,2.1438,3.0246,28,4
0.95994,2.1438,3.0246,28,4
0.95994,2.1438,3.0246,28,4
1.0719,2.4477,3.054,41,5
1.0719,2.4477,3.054,41,5
1.0719,2.4477,3.054,41,5
1.0719,2.4477,3.054,41,5
1.0719,2.4477,3.054,41,5
1.0719,2.4477,3.054,41,5
1.0719,2.4477,3.054,41,5
1.0719,2.4477,3.054,41,5
1.0716,2.4484,3.0541,41,5
1.0716,2.4484,3.0541,41,5
1.0716,2.4484,3.0541,41,5
1.0719,2.4477,3.054,41,5
1.0719,2.4477,3.054,41,5
1.0719,2.4477,3.054,41,5
1.0719,2.4477,3.054,41,5
1.0719,2.4477,3.054,41,5
1.0719,2.4477,3.054,41,5
1.0719,2.4477,3.054,41,5
1.0719,2.4477,3.054,41,5
1.0716,2.4484,3.0541,41,5
1.0716,2.4484,3.0541,41,5
1.0719,2.4477,3.054,41,5
1.0719,2.4477,3.054,41,5
1.0719,2.4477,3.054,41,5
1.0716,2.4484,3.0541,41,5
1.0716,2.4484,3.0541,41,5
1.0719,2.4477,3.054,41,5
1.0719,2.4477,3.054,41,5
1.0719,2.4477,3.054,41,5
0.27365,2.2847,3.5654,43,6
0.27493,2.2845,3.567,43,6
0.27365,2.2847,3.5654,43,6
0.27493,2.2845,3.567,43,6
0.27493,2.2845,3.567,43,6
0.276,2.2846,3.5681,43,6
0.27493,2.2845,3.567,43,6
0.276,2.2846,3.5681,43,6
0.27346,2.2844,3.5643,43,6
0.27346,2.2844,3.5643,43,6
0.276,2.2846,3.5681,43,6
0.276,2.2846,3.5681,43,6
0.27605,2.285,3.5684,43,6
0.276,2.2846,3.5681,43,6
0.276,2.2846,3.5681,43,6
0.276,2.2846,3.5681,43,6
0.27365,2.2847,3.5654,43,6
0.27493,2.2845,3.567,43,6
0.27493,2.2845,3.567,43,6
0.276,2.2846,3.5681,43,6
1.7871,1.6722,3.3871,44,7
1.7866,1.6724,3.3874,44,7
1.7866,1.6721,3.3871,44,7
1.7866,1.6721,3.3871,44,7
1.7867,1.6724,3.3864,44,7
1.7866,1.6721,3.3871,44,7
1.7866,1.6721,3.3871,44,7
1.7867,1.6724,3.3864,44,7
1.7866,1.6721,3.3871,44,7
1.7877,1.6719,3.3875,44,7
1.7867,1.6724,3.3864,44,7
1.7867,1.6724,3.3864,44,7
1.7867,1.6724,3.3864,44,7
1.7856,1.6715,3.3863,44,7
1.7868,1.6725,3.3865,44,7
1.7868,1.6725,3.3865,44,7
1.7877,1.6719,3.3875,44,7
1.785,1.6732,3.3857,44,7
1.7877,1.6719,3.3875,44,7
1.785,1.6732,3.3857,44,7
1.7877,1.6719,3.3875,44,7
1.785,1.6732,3.3857,44,7
1.7866,1.6724,3.3874,44,7
1.785,1.6732,3.3857,44,7
1.7863,1.672,3.3869,44,7
1.7868,1.6725,3.3865,44,7
1.7856,1.6715,3.3863,44,7
1.7856,1.6715,3.3863,44,7
1.7856,1.6715,3.3863,44,7
1.7867,1.6724,3.3864,44,7
1.7872,1.6717,3.3866,44,7
1.7877,1.6712,3.3866,44,7
1.7877,1.6712,3.3866,44,7
1.7866,1.6721,3.3871,44,7
1.7867,1.6724,3.3864,44,7
1.7877,1.6719,3.3875,44,7
1.7877,1.6719,3.3875,44,7
1.7877,1.6719,3.3875,44,7
1.785,1.6732,3.3857,44,7
1.785,1.6732,3.3857,44,7
1.785,1.6732,3.3857,44,7
1.785,1.6732,3.3857,44,7
1.7877,1.6707,3.3875,44,7
1.785,1.6732,3.3857,44,7
1.785,1.6732,3.3857,44,7
1.785,1.6732,3.3857,44,7
1.7888,1.6718,3.3888,49,8
1.7886,1.6715,3.3889,49,8
1.7877,1.6699,3.3888,49,8
1.7877,1.6699,3.3888,49,8
1.7878,1.6709,3.3885,49,8
1.7888,1.6718,3.3888,49,8
1.7878,1.6709,3.3885,49,8
1.7888,1.6718,3.3888,49,8
1.7886,1.6715,3.3889,49,8
1.7886,1.6715,3.3889,49,8
1.7877,1.6699,3.3888,49,8
1.7878,1.6709,3.3885,49,8
0.39858,2.131,3.2071,53,9
0.39858,2.131,3.2071,53,9
0.39858,2.131,3.2071,53,9
0.39858,2.131,3.2071,53,9
0.39684,2.1317,3.2065,53,9
0.39858,2.131,3.2071,53,9
0.39858,2.131,3.2071,53,9
0.39858,2.131,3.2071,53,9
0.39684,2.1317,3.2065,53,9
0.39684,2.1317,3.2065,53,9
0.39684,2.1317,3.2065,53,9
0.39858,2.131,3.2071,53,9
0.39858,2.131,3.2071,53,9
0.39858,2.131,3.2071,53,9
0.39858,2.131,3.2071,53,9
0.39858,2.131,3.2071,53,9
0.39858,2.131,3.2071,53,9
0.39684,2.1317,3.2065,53,9
0.39684,2.1317,3.2065,53,9
0.39858,2.131,3.2071,53,9
1.8159,2.586,3.9983,54,10
1.8159,2.586,3.9983,54,10
1.8159,2.586,3.9983,54,10
1.8156,2.5882,3.9982,54,10
1.8149,2.5893,3.9974,54,10
1.8156,2.5882,3.9982,54,10
1.8151,2.5882,3.9977,54,10
1.8151,2.5882,3.9977,54,10
1.8152,2.5887,3.9975,54,10
1.8148,2.5893,3.9972,54,10
1.8135,2.5897,3.9976,54,10
1.814,2.5896,3.9982,54,10
1.8147,2.5891,3.9985,54,10
1.814,2.5896,3.9982,54,10
1.814,2.5896,3.9982,54,10
1.814,2.5896,3.9982,54,10
1.815,2.5892,3.9996,54,10
1.8148,2.5872,3.9952,54,10
1.8159,2.586,3.9983,54,10
1.8149,2.5893,3.9974,54,10
1.8149,2.5893,3.9974,54,10
1.8152,2.5887,3.9975,54,10
1.8152,2.5887,3.9975,54,10
1.8172,2.586,4.0009,54,10
1.8172,2.586,4.0009,54,10
1.8148,2.5893,3.9972,54,10
1.814,2.5896,3.9982,54,10
1.814,2.5896,3.9982,54,10
1.815,2.5892,3.9996,54,10
1.814,2.5896,3.9982,54,10
1.815,2.5892,3.9996,54,10
1.814,2.5896,3.9982,54,10
1.814,2.5896,3.9982,54,10
1.814,2.5896,3.9982,54,10
1.814,2.5896,3.9982,54,10
1.8156,2.5882,3.9982,54,10
1.8151,2.5882,3.9977,54,10
1.8147,2.5891,3.9985,54,10
1.8147,2.5891,3.9985,54,10
2.006,1.7613,3.4739,60,11
2.0036,1.7615,3.4759,60,11
2.006,1.7613,3.4739,60,11
2.0036,1.7615,3.4759,60,11
2.0036,1.7615,3.4759,60,11
2.0057,1.7601,3.4738,60,11
2.0036,1.7615,3.4759,60,11
2.0057,1.7601,3.4738,60,11
2.006,1.7613,3.4739,60,11
2.006,1.7613,3.4739,60,11
2.0057,1.7601,3.4738,60,11
2.0057,1.7601,3.4738,60,11
2.0057,1.7601,3.4738,60,11
2.0036,1.7615,3.4759,60,11
2.0036,1.7615,3.4759,60,11
2.006,1.7613,3.4739,60,11
2.006,1.7613,3.4739,60,11
2.0045,1.761,3.4736,60,11
2.0045,1.761,3.4736,60,11
2.0048,1.7608,3.474,60,11
1.0049,2.7145,2.8756,61,12
1.0049,2.7145,2.8756,61,12
1.0006,2.7111,2.8711,61,12
1.0008,2.7135,2.8715,61,12
1.0006,2.7111,2.8711,61,12
1.0008,2.7135,2.8715,61,12
1.0008,2.7135,2.8715,61,12
1.0011,2.7136,2.8708,61,12
1.0008,2.7135,2.8715,61,12
1.0011,2.7136,2.8708,61,12
1.0049,2.7145,2.8756,61,12
1.0052,2.7144,2.8763,61,12
1.0107,2.7148,2.8819,61,12
1.0107,2.7148,2.8819,61,12
1.0049,2.7145,2.8756,61,12
1.0006,2.7111,2.8711,61,12
1.0006,2.7111,2.8711,61,12
1.0011,2.7136,2.8708,61,12
1.0107,2.7148,2.8819,61,12
1.0107,2.7148,2.8819,61,12
1.0107,2.7148,2.8819,61,12
1.0079,2.7183,2.8821,61,12
1.0079,2.7183,2.8821,61,12
1.0079,2.7183,2.8821,61,12
1.0079,2.7183,2.8821,61,12
1.0102,2.7163,2.8834,61,12
1.8204,2.5906,4.005,63,13
1.8204,2.5906,4.005,63,13
1.8204,2.5906,4.005,63,13
1.8204,2.5906,4.005,63,13
1.8217,2.59,4.0075,63,13
1.8204,2.5906,4.005,63,13
1.8217,2.59,4.0075,63,13
1.8217,2.59,4.0075,63,13
1.8217,2.59,4.0075,63,13
1.8217,2.59,4.0075,63,13
1.8217,2.59,4.0075,63,13
1.8207,2.5895,4.0046,63,13
1.8205,2.5882,4.0041,63,13
1.8207,2.5895,4.0046,63,13
1.8189,2.5901,4.0029,63,13
1.8189,2.5901,4.0029,63,13
1.8181,2.5909,4.0021,63,13
1.8189,2.5901,4.0029,63,13
1.8181,2.5909,4.0021,63,13
1.8169,2.5877,3.9982,63,13
1.8169,2.5877,3.9982,63,13
1.8204,2.5906,4.005,63,13
1.8204,2.5906,4.005,63,13
1.8169,2.5877,3.9982,63,13
1.8169,2.5877,3.9982,63,13
1.8198,2.5877,4.0039,63,13
1.8198,2.5877,4.0039,63,13
1.8205,2.5882,4.0041,63,13
1.817,2.5907,4.0006,63,13
1.817,2.5907,4.0006,63,13
1.8164,2.5914,3.9996,63,13
1.8204,2.5906,4.005,63,13
1.8204,2.5906,4.005,63,13
1.8204,2.5906,4.005,63,13
1.8204,2.5906,4.005,63,13
1.8207,2.5895,4.0046,63,13
1.8207,2.5895,4.0046,63,13
1.8217,2.59,4.0075,63,13
1.8217,2.59,4.0075,63,13
1.8217,2.59,4.0075,63,13
1.8204,2.5906,4.005,63,13
1.8204,2.5906,4.005,63,13
1.8204,2.5906,4.005,63,13
1.8204,2.5906,4.005,63,13
1.8204,2.5906,4.005,63,13
1.8204,2.5906,4.005,63,13
1.8169,2.5877,3.9982,63,13
1.8181,2.5909,4.0021,63,13
1.8181,2.5909,4.0021,63,13
1.8189,2.5901,4.0029,63,13
1.8207,2.5895,4.0046,63,13
3.0056,2.8416,5.8123,71,14
3.0056,2.8411,5.8117,71,14
3.0056,2.8416,5.8123,71,14
3.0056,2.8411,5.8117,71,14
3.0056,2.8416,5.8123,71,14
3.0056,2.8411,5.8117,71,14
3.0065,2.8425,5.812,71,14
3.0056,2.8411,5.8117,71,14
3.0065,2.8425,5.812,71,14
3.0065,2.8425,5.812,71,14
3.0065,2.8425,5.812,71,14
3.0065,2.8425,5.812,71,14
3.0056,2.8416,5.8123,71,14
3.0056,2.8416,5.8123,71,14
3.0056,2.8416,5.8123,71,14
3.0056,2.8416,5.8123,71,14
3.0051,2.8407,5.8132,71,14
3.0051,2.8407,5.8132,71,14
3.0065,2.8425,5.812,71,14
3.0065,2.8425,5.812,71,14
3.0056,2.8416,5.8123,71,14
3.0056,2.8416,5.8123,71,14
3.0056,2.8416,5.8123,71,14
3.0065,2.8425,5.812,71,14
3.0065,2.8425,5.812,71,14
3.0065,2.8425,5.812,71,14
3.0065,2.8425,5.812,71,14
3.0065,2.8425,5.812,71,14
3.0065,2.8425,5.812,71,14
3.0065,2.8425,5.812,71,14
1.897,1.9144,4.4914,78,15
1.8978,1.9153,4.4933,78,15
1.897,1.9144,4.4914,78,15
1.8978,1.9153,4.4933,78,15
1.897,1.9144,4.4914,78,15
1.8978,1.9153,4.4933,78,15
1.8978,1.9153,4.4933,78,15
1.8978,1.9153,4.4933,78,15
1.8978,1.9153,4.4933,78,15
1.897,1.9144,4.4914,78,15
1.897,1.9144,4.4914,78,15
1.897,1.9144,4.4914,78,15
1.8978,1.9153,4.4933,78,15
1.8978,1.9153,4.4933,78,15
1.8978,1.9153,4.4933,78,15
1.8978,1.9153,4.4933,78,15
1.8978,1.9153,4.4933,78,15
1.8978,1.9153,4.4933,78,15
1.897,1.9144,4.4914,78,15
1.8978,1.9153,4.4933,78,15
1.8978,1.9153,4.4933,78,15
1.8976,1.9157,4.4933,84,16
1.8976,1.9157,4.4933,84,16
1.8976,1.9157,4.4933,84,16
1.8976,1.9157,4.4933,84,16
1.8976,1.9157,4.4933,84,16
1.8976,1.9157,4.4933,84,16
1.8972,1.9171,4.4927,84,16
1.8972,1.9171,4.4927,84,16
1.8976,1.9157,4.4933,84,16
1.8976,1.9157,4.4933,84,16
1.8987,1.9154,4.4934,84,16
1.8987,1.9154,4.4934,84,16
1.8976,1.9157,4.4933,84,16
1.8976,1.9157,4.4933,84,16
1.8976,1.9157,4.4933,84,16
1.8976,1.9157,4.4933,84,16
1.9455,2.6015,4.8885,99,17
1.9463,2.6015,4.8901,99,17
1.9455,2.6015,4.8885,99,17
1.9466,2.6018,4.8913,99,17
1.9455,2.6015,4.8885,99,17
1.9466,2.6018,4.8913,99,17
1.9455,2.6015,4.8885,99,17
1.9466,2.6018,4.8913,99,17
1.9466,2.6018,4.8913,99,17
1.9466,2.6018,4.8913,99,17
1.9476,2.6023,4.8943,99,17
1.9466,2.6018,4.8913,99,17
1.9476,2.6023,4.8943,99,17
1.9476,2.6023,4.8943,99,17
1.9481,2.6021,4.8942,99,17
1.9481,2.6021,4.8942,99,17
1.9478,2.6028,4.895,99,17
1.9485,2.6028,4.897,99,17
1.9494,2.6029,4.8973,99,17
1.9494,2.6029,4.8973,99,17
1.9493,2.6034,4.8979,99,17
1.9515,2.6032,4.8999,99,17
1.9493,2.6034,4.8979,99,17
1.9515,2.6032,4.8999,99,17
1.9493,2.6034,4.8979,99,17
1.9515,2.6032,4.8999,99,17
1.9493,2.6034,4.8979,99,17
1.9515,2.6032,4.8999,99,17
1.9515,2.6032,4.8999,99,17
1.9455,2.6015,4.8885,99,17
1.9455,2.6015,4.8885,99,17
1.9455,2.6015,4.8885,99,17
1.9455,2.6015,4.8885,99,17
1.9455,2.6015,4.8885,99,17
1.9493,2.6034,4.8979,99,17
1.9493,2.6034,4.8979,99,17
1.9466,2.6018,4.8913,99,17
1.9455,2.6015,4.8885,99,17
1.9515,2.6032,4.8999,99,17
1.9485,2.6028,4.897,99,17
1.9494,2.6029,4.8973,99,17
1.9515,2.6032,4.8999,99,17
1.9515,2.6032,4.8999,99,17
1.9515,2.6032,4.8999,99,17
1.9515,2.6032,4.8999,99,17
1.9515,2.6032,4.8999,99,17
1.9515,2.6032,4.8999,99,17
1.9455,2.6015,4.8885,99,17
1.9463,2.6015,4.8901,99,17
1.9481,2.6021,4.8942,99,17
1.9481,2.6021,4.8942,99,17
1.9478,2.6028,4.895,99,17
1.9478,2.6028,4.895,99,17
1.6834,2.232,4.2915,100,18
1.6825,2.2324,4.2912,100,18
1.6834,2.232,4.2915,100,18
1.6825,2.2324,4.2912,100,18
1.6834,2.232,4.2915,100,18
1.6834,2.232,4.2915,100,18
1.6834,2.232,4.2915,100,18
1.6834,2.232,4.2915,100,18
1.6825,2.2324,4.2912,100,18
1.6825,2.2324,4.2912,100,18
1.6834,2.232,4.2915,100,18
1.6834,2.232,4.2915,100,18
1.6834,2.232,4.2915,100,18
1.6834,2.232,4.2915,100,18
1.6834,2.232,4.2915,100,18
1.6825,2.2324,4.2912,100,18
1.6825,2.2324,4.2912,100,18
1.6825,2.2324,4.2912,100,18
1.6825,2.2324,4.2912,100,18
1.6825,2.2324,4.2912,100,18
1.6825,2.2324,4.2912,100,18
1.6834,2.232,4.2915,100,18
1.6834,2.232,4.2915,100,18
1.6834,2.232,4.2915,100,18
0.39386,2.3748,3.4411,122,19
0.39386,2.3748,3.4411,122,19
0.39456,2.3738,3.4412,122,19
0.39456,2.3738,3.4412,122,19
0.39445,2.3739,3.4407,122,19
0.39544,2.3737,3.4412,122,19
0.39544,2.3737,3.4412,122,19
0.39544,2.3737,3.4412,122,19
0.39675,2.3722,3.441,122,19
0.39485,2.3721,3.4406,122,19
0.39675,2.3722,3.441,122,19
0.38973,2.3683,3.437,122,19
0.38973,2.3683,3.437,122,19
0.38973,2.3683,3.437,122,19
0.38973,2.3683,3.437,122,19
0.38973,2.3683,3.437,122,19
0.38973,2.3683,3.437,122,19
0.39215,2.3703,3.4382,122,19
0.39215,2.3703,3.4382,122,19
0.39215,2.3703,3.4382,122,19
0.39713,2.372,3.4414,122,19
0.39524,2.3737,3.4413,122,19
0.38876,2.3688,3.4361,122,19
0.39465,2.3719,3.4406,122,19
0.39465,2.3719,3.4406,122,19
0.39465,2.3719,3.4406,122,19
0.39465,2.3719,3.4406,122,19
0.38713,2.3702,3.4359,122,19
0.39215,2.3703,3.4382,122,19
0.39431,2.3724,3.4409,122,19
0.39431,2.3724,3.4409,122,19
0.39431,2.3724,3.4409,122,19
0.39524,2.3737,3.4413,122,19
0.39445,2.3739,3.4407,122,19
0.39502,2.374,3.442,122,19
0.39502,2.374,3.442,122,19
0.39397,2.3755,3.4415,122,19
0.39386,2.3748,3.4411,122,19
0.39397,2.3755,3.4415,122,19
0.39386,2.3748,3.4411,122,19
0.39465,2.3719,3.4406,122,19
0.39465,2.3719,3.4406,122,19
0.39465,2.3719,3.4406,122,19
0.38876,2.3688,3.4361,122,19
0.39465,2.3719,3.4406,122,19
0.39465,2.3719,3.4406,122,19
0.39465,2.3719,3.4406,122,19
0.71171,2.0206,3.1015,125,20
0.71171,2.0206,3.1015,125,20
0.71171,2.0206,3.1015,125,20
0.71171,2.0206,3.1015,125,20
0.71171,2.0206,3.1015,125,20
0.71171,2.0206,3.1015,125,20
0.71171,2.0206,3.1015,125,20
0.71171,2.0206,3.1015,125,20
0.71171,2.0206,3.1015,125,20
0.71171,2.0206,3.1015,125,20
0.71171,2.0206,3.1015,125,20
0.71171,2.0206,3.1015,125,20
0.71171,2.0206,3.1015,125,20
0.71171,2.0206,3.1015,125,20
0.71171,2.0206,3.1015,125,20
0.71171,2.0206,3.1015,125,20
0.71171,2.0206,3.1015,125,20
0.71171,2.0206,3.1015,125,20
0.71171,2.0206,3.1015,125,20
0.62078,2.6205,2.9913,127,21
0.62078,2.6205,2.9913,127,21
0.62078,2.6205,2.9913,127,21
0.62078,2.6205,2.9913,127,21
0.62078,2.6205,2.9913,127,21
0.62078,2.6205,2.9913,127,21
0.62078,2.6205,2.9913,127,21
0.62078,2.6205,2.9913,127,21
0.62078,2.6205,2.9913,127,21
0.62078,2.6205,2.9913,127,21
0.62078,2.6205,2.9913,127,21
0.62078,2.6205,2.9913,127,21
0.62078,2.6205,2.9913,127,21
0.62078,2.6205,2.9913,127,21
0.62078,2.6205,2.9913,127,21
0.62078,2.6205,2.9913,127,21
0.62078,2.6205,2.9913,127,21
0.62078,2.6205,2.9913,127,21
0.62078,2.6205,2.9913,127,21
0.62078,2.6205,2.9913,127,21
0.62078,2.6205,2.9913,127,21
0.62078,2.6205,2.9913,127,21
0.62078,2.6205,2.9913,127,21
0.62078,2.6205,2.9913,127,21
0.62078,2.6205,2.9913,127,21
0.62078,2.6205,2.9913,127,21
0.62078,2.6205,2.9913,127,21
0.62078,2.6205,2.9913,127,21
0.62078,2.6205,2.9913,127,21
0.62078,2.6205,2.9913,127,21
0.62078,2.6205,2.9913,127,21
0.62078,2.6205,2.9913,127,21
0.62078,2.6205,2.9913,127,21
0.62078,2.6205,2.9913,127,21
0.62078,2.6205,2.9913,127,21
0.62078,2.6205,2.9913,127,21
1.6598,1.633,4.0842,129,22
1.6601,1.6327,4.0847,129,22
1.6595,1.6327,4.0834,129,22
1.6596,1.6325,4.0843,129,22
1.6605,1.6323,4.0819,129,22
1.6596,1.6325,4.0843,129,22
1.6605,1.6323,4.0819,129,22
1.6605,1.6321,4.0827,129,22
1.662,1.6318,4.0819,129,22
1.6614,1.6318,4.0818,129,22
1.6622,1.6314,4.082,129,22
1.6622,1.6314,4.0821,129,22
1.6611,1.6322,4.0815,129,22
1.6617,1.6322,4.0817,129,22
1.6621,1.6341,4.0823,129,22
1.6621,1.6327,4.0823,129,22
1.6621,1.6341,4.0823,129,22
1.6621,1.6341,4.0823,129,22
1.6621,1.6341,4.0823,129,22
1.6609,1.634,4.0824,129,22
1.6621,1.6341,4.0823,129,22
1.6609,1.634,4.0824,129,22
1.6609,1.634,4.0824,129,22
1.6609,1.634,4.0824,129,22
1.6609,1.634,4.0824,129,22
1.6609,1.634,4.0824,129,22
1.6609,1.634,4.0824,129,22
1.6642,1.634,4.081,129,22
1.6642,1.634,4.081,129,22
1.6621,1.6341,4.0823,129,22
1.6627,1.6328,4.0825,129,22
1.6642,1.634,4.081,129,22
1.6619,1.6314,4.0817,129,22
1.6612,1.6327,4.0827,129,22
1.6604,1.6333,4.0836,129,22
1.6619,1.6314,4.0817,129,22
1.66,1.6323,4.0832,129,22
1.6604,1.6333,4.0836,129,22
1.6606,1.632,4.0833,129,22
1.66,1.6323,4.0832,129,22
1.6597,1.6327,4.0835,129,22
1.6602,1.632,4.0839,129,22
1.6608,1.6316,4.0839,129,22
1.6608,1.6321,4.0837,129,22
1.6602,1.632,4.0839,129,22
1.6618,1.6316,4.0841,129,22
1.6623,1.6312,4.0847,129,22
1.662,1.6317,4.0843,129,22
1.662,1.6317,4.0843,129,22
1.6602,1.632,4.0839,129,22
1.6602,1.632,4.0839,129,22
1.6606,1.632,4.0833,129,22
1.6619,1.6314,4.0817,129,22
1.6619,1.6314,4.0817,129,22
1.6598,1.633,4.0842,129,22
1.6596,1.6327,4.0827,129,22
1.6603,1.6323,4.0818,129,22
1.6603,1.6323,4.0818,129,22
1.6622,1.6319,4.0818,129,22
1.6615,1.6315,4.0815,129,22
1.6615,1.6315,4.0815,129,22
1.6621,1.6327,4.0823,129,22
1.6621,1.6341,4.0823,129,22
1.6621,1.6327,4.0823,129,22
1.6621,1.6341,4.0823,129,22
1.6621,1.6341,4.0823,129,22
1.6609,1.634,4.0824,129,22
1.6609,1.634,4.0824,129,22
1.6623,1.6312,4.0847,129,22
1.6608,1.6321,4.0837,129,22
1.6597,1.6327,4.0835,129,22
1.6604,1.6333,4.0836,129,22
1.6604,1.6333,4.0836,129,22
1.6642,1.634,4.081,129,22
1.6642,1.634,4.081,129,22
1.6609,1.634,4.0824,129,22
1.6609,1.634,4.0824,129,22
1.6621,1.6341,4.0823,129,22
1.6621,1.6341,4.0823,129,22
1.6609,1.634,4.0824,129,22
2.5442,2.2962,4.2894,137,23
2.5442,2.2962,4.2894,137,23
2.5436,2.297,4.289,137,23
2.5436,2.297,4.289,137,23
2.5436,2.297,4.289,137,23
2.5436,2.297,4.289,137,23
2.5436,2.297,4.289,137,23
2.5436,2.297,4.289,137,23
2.5436,2.297,4.289,137,23
2.5436,2.297,4.289,137,23
2.5455,2.2968,4.2913,137,23
2.5455,2.2968,4.2913,137,23
2.5455,2.2968,4.2913,137,23
2.5436,2.297,4.289,137,23
2.5436,2.297,4.289,137,23
2.5437,2.2964,4.2885,137,23
2.5437,2.2964,4.2885,137,23
2.5442,2.2962,4.2894,137,23
2.5442,2.2962,4.2894,137,23
2.545,2.295,4.2894,137,23
2.5436,2.297,4.289,137,23
2.5436,2.297,4.289,137,23
2.5436,2.297,4.289,137,23
2.5436,2.297,4.289,137,23
2.5455,2.2968,4.2913,137,23
2.5436,2.297,4.289,137,23
2.5455,2.2968,4.2913,137,23
2.5455,2.2968,4.2913,137,23
2.5455,2.2968,4.2913,137,23
4.6229,3.0009,0.50931,138,24
4.6229,3.0009,0.50931,138,24
4.6229,3.0009,0.50931,138,24
4.6229,3.0009,0.50931,138,24
4.6229,3.0009,0.50931,138,24
4.6088,3.0016,0.49609,138,24
4.6239,3.0019,0.51274,138,24
4.6239,3.0019,0.51274,138,24
4.6088,3.0016,0.49609,138,24
4.6239,3.0019,0.51274,138,24
4.6239,3.0019,0.51274,138,24
4.6239,3.0019,0.51274,138,24
4.6229,3.0009,0.50931,138,24
4.6229,3.0009,0.50931,138,24
4.6229,3.0009,0.50931,138,24
4.6088,3.0016,0.49609,138,24
4.6239,3.0019,0.51274,138,24
4.6229,3.0009,0.50931,138,24
4.6229,3.0009,0.50931,138,24
4.6229,3.0009,0.50931,138,24
4.6229,3.0009,0.50931,138,24
4.6229,3.0009,0.50931,138,24
1.055,2.087,3.4942,153,25
1.055,2.087,3.4942,153,25
1.055,2.087,3.4942,153,25
1.055,2.087,3.4942,153,25
1.0563,2.086,3.4963,153,25
1.0563,2.086,3.4963,153,25
1.0566,2.0867,3.4941,153,25
1.0566,2.0867,3.4941,153,25
1.055,2.087,3.4942,153,25
1.0566,2.0867,3.4941,153,25
1.055,2.087,3.4942,153,25
1.0563,2.086,3.4963,153,25
1.0563,2.086,3.4963,153,25
1.0563,2.086,3.4963,153,25
1.0566,2.0867,3.4941,153,25
1.0563,2.086,3.4963,153,25
1.0566,2.0867,3.4941,153,25
1.0566,2.0867,3.4941,153,25
1.0566,2.0867,3.4941,153,25
1.0566,2.0867,3.4941,153,25
1.7015,1.601,4.1587,154,26
1.7015,1.601,4.1587,154,26
1.7014,1.601,4.1587,154,26
1.7014,1.601,4.1587,154,26
1.7014,1.601,4.1587,154,26
1.7014,1.601,4.1587,154,26
1.7016,1.6006,4.1582,154,26
1.7009,1.6016,4.158,154,26
1.7015,1.601,4.1587,154,26
1.7015,1.601,4.1587,154,26
1.7015,1.601,4.1587,154,26
1.7009,1.6016,4.158,154,26
1.7014,1.601,4.1587,154,26
1.7014,1.601,4.1587,154,26
1.7015,1.601,4.1587,154,26
1.7014,1.601,4.1587,154,26
2.3234,2.756,4.5953,158,27
2.3239,2.7566,4.5963,158,27
2.3239,2.7566,4.5963,158,27
2.3239,2.7566,4.5963,158,27
2.3226,2.7569,4.5945,158,27
2.3226,2.7569,4.5945,158,27
2.3226,2.7569,4.5945,158,27
2.3226,2.7569,4.5945,158,27
2.3179,2.7586,4.5888,158,27
2.3179,2.7586,4.5888,158,27
2.3158,2.7602,4.5878,158,27
2.3158,2.7602,4.5878,158,27
2.3175,2.7579,4.5894,158,27
2.3222,2.7554,4.5919,158,27
2.3175,2.7579,4.5894,158,27
2.3222,2.7554,4.5919,158,27
2.3237,2.7555,4.5934,158,27
2.3222,2.7554,4.5919,158,27
2.3222,2.7554,4.5919,158,27
2.3237,2.7555,4.5934,158,27
2.3222,2.7554,4.5919,158,27
2.3222,2.7554,4.5919,158,27
2.3222,2.7554,4.5919,158,27
2.3222,2.7554,4.5919,158,27
2.3222,2.7554,4.5919,158,27
2.3222,2.7554,4.5919,158,27
2.3222,2.7554,4.5919,158,27
2.3237,2.7555,4.5934,158,27
2.3222,2.7554,4.5919,158,27
2.3237,2.7555,4.5934,158,27
2.3222,2.7554,4.5919,158,27
2.3237,2.7555,4.5934,158,27
2.3234,2.756,4.5953,158,27
2.3239,2.7566,4.5963,158,27
2.3226,2.7569,4.5945,158,27
2.3226,2.7569,4.5945,158,27
2.3179,2.7586,4.5888,158,27
2.3179,2.7586,4.5888,158,27
2.3239,2.7566,4.5963,158,27
2.3237,2.7555,4.5934,158,27
2.3237,2.7555,4.5934,158,27
2.3237,2.7555,4.5934,158,27
2.3237,2.7555,4.5934,158,27
2.3237,2.7555,4.5934,158,27
2.3237,2.7555,4.5934,158,27
2.3237,2.7555,4.5934,158,27
2.3158,2.7602,4.5878,158,27
2.3158,2.7602,4.5878,158,27
2.3222,2.7554,4.5919,158,27
2.3222,2.7554,4.5919,158,27
2.3222,2.7554,4.5919,158,27
2.3237,2.7555,4.5934,158,27
2.3237,2.7555,4.5934,158,27
2.3237,2.7555,4.5934,158,27
2.3234,2.756,4.5953,158,27
2.3234,2.756,4.5953,158,27
2.3222,2.7554,4.5919,158,27
2.3222,2.7554,4.5919,158,27
2.3222,2.7554,4.5919,158,27
2.3237,2.7555,4.5934,158,27
2.3158,2.7602,4.5878,158,27
2.3158,2.7602,4.5878,158,27
0.74624,2.4271,3.7693,160,28
0.74624,2.4271,3.7693,160,28
0.74624,2.4271,3.7693,160,28
0.74624,2.4271,3.7693,160,28
0.74934,2.4251,3.771,160,28
0.74934,2.4251,3.771,160,28
0.74624,2.4271,3.7693,160,28
0.74624,2.4271,3.7693,160,28
0.74951,2.4234,3.7712,160,28
0.74951,2.4234,3.7712,160,28
0.74951,2.4234,3.7712,160,28
0.74934,2.4251,3.771,160,28
0.74934,2.4251,3.771,160,28
0.74624,2.4271,3.7693,160,28
0.74624,2.4271,3.7693,160,28
0.74624,2.4271,3.7693,160,28
0.74624,2.4271,3.7693,160,28
0.74624,2.4271,3.7693,160,28
0.74934,2.4251,3.771,160,28
0.74934,2.4251,3.771,160,28
1.7012,2.0061,3.4534,171,29
1.7012,2.0061,3.4534,171,29
1.7012,2.0061,3.4534,171,29
1.7012,2.0061,3.4534,171,29
1.7012,2.0061,3.4534,171,29
1.7012,2.0061,3.4534,171,29
1.7004,2.0071,3.4532,171,29
1.7004,2.0071,3.4532,171,29
1.7004,2.0071,3.4532,171,29
1.7004,2.0071,3.4532,171,29
1.7012,2.0061,3.4534,171,29
1.7012,2.0061,3.4534,171,29
1.7004,2.0071,3.4532,171,29
1.7012,2.0061,3.4534,171,29
1.7012,2.0061,3.4534,171,29
1.7012,2.0061,3.4534,171,29
2.1361,2.9369,4.9312,172,30
2.1361,2.9369,4.9312,172,30
2.1336,2.9381,4.9291,172,30
2.1336,2.9381,4.9291,172,30
2.1336,2.9381,4.9291,172,30
2.1336,2.9381,4.9291,172,30
2.1336,2.9381,4.9291,172,30
2.1336,2.9381,4.9291,172,30
2.1336,2.9381,4.9291,172,30
2.1336,2.9381,4.9291,172,30
2.1336,2.9381,4.9291,172,30
2.1361,2.9369,4.9312,172,30
2.1361,2.9369,4.9312,172,30
2.1361,2.9369,4.9312,172,30
2.1361,2.9369,4.9312,172,30
2.1361,2.9369,4.9312,172,30
2.1361,2.9369,4.9312,172,30
2.1336,2.9381,4.9291,172,30
2.1336,2.9381,4.9291,172,30
2.1336,2.9381,4.9291,172,30
2.1361,2.9369,4.9312,172,30
2.1361,2.9369,4.9312,172,30
2.1361,2.9369,4.9312,172,30
2.1336,2.9381,4.9291,172,30
2.1336,2.9381,4.9291,172,30
2.1336,2.9381,4.9291,172,30
1.8405,1.9861,3.7269,178,31
1.8395,1.988,3.727,178,31
1.8405,1.9861,3.7269,178,31
1.8395,1.988,3.727,178,31
1.8395,1.988,3.727,178,31
1.8395,1.988,3.727,178,31
1.8395,1.988,3.727,178,31
1.8395,1.988,3.727,178,31
1.8395,1.988,3.727,178,31
1.8395,1.988,3.727,178,31
1.8395,1.988,3.727,178,31
1.8412,1.9855,3.7265,178,31
1.8412,1.9855,3.7265,178,31
1.8412,1.9855,3.7265,178,31
1.8395,1.988,3.727,178,31
1.8395,1.988,3.727,178,31
1.8395,1.988,3.727,178,31
1.8395,1.988,3.727,178,31
1.8402,1.9867,3.7255,178,31
1.8402,1.9867,3.7255,178,31
1.8395,1.988,3.727,178,31
1.8395,1.988,3.727,178,31
1.8395,1.988,3.727,178,31
1.8395,1.988,3.727,178,31
1.8395,1.988,3.727,178,31
1.6628,1.632,4.0864,184,32
1.6628,1.632,4.0864,184,32
1.6611,1.6324,4.0841,184,32
1.6601,1.6332,4.0841,184,32
1.6606,1.6327,4.0841,184,32
1.6604,1.6326,4.084,184,32
1.6606,1.6327,4.0841,184,32
1.6604,1.6326,4.084,184,32
1.6609,1.632,4.084,184,32
1.6609,1.632,4.084,184,32
1.6609,1.632,4.084,184,32
1.6609,1.632,4.084,184,32
1.6609,1.632,4.084,184,32
1.6609,1.632,4.084,184,32
1.66,1.6328,4.0844,184,32
1.6604,1.6326,4.084,184,32
1.66,1.6328,4.0844,184,32
1.6604,1.6326,4.084,184,32
1.66,1.6328,4.0844,184,32
1.6601,1.6332,4.0841,184,32
1.6605,1.6328,4.0855,184,32
1.6605,1.6328,4.0855,184,32
1.66,1.6328,4.0844,184,32
1.6628,1.632,4.0864,184,32
1.6628,1.632,4.0864,184,32
1.6628,1.632,4.0864,184,32
1.6581,1.6334,4.0841,184,32
1.6586,1.6331,4.0847,184,32
1.6586,1.6331,4.0847,184,32
1.6612,1.6327,4.0864,184,32
1.6612,1.6327,4.0864,184,32
1.66,1.6324,4.0847,184,32
1.66,1.6324,4.0847,184,32
1.66,1.6324,4.0847,184,32
1.6609,1.632,4.084,184,32
1.66,1.6328,4.0844,184,32
1.66,1.6328,4.0844,184,32
1.6605,1.6328,4.0855,184,32
1.6605,1.6328,4.0855,184,32
1.6605,1.6328,4.0855,184,32
1.6609,1.632,4.084,184,32
1.6609,1.632,4.084,184,32
1.6609,1.632,4.084,184,32
1.2426,2.69,3.3147,190,33
1.2426,2.69,3.3147,190,33
1.2426,2.69,3.3147,190,33
1.2426,2.69,3.3147,190,33
1.2426,2.69,3.3147,190,33
1.2426,2.69,3.3147,190,33
1.2426,2.69,3.3147,190,33
1.2426,2.69,3.3147,190,33
1.2426,2.69,3.3147,190,33
1.2426,2.69,3.3147,190,33
1.2426,2.69,3.3147,190,33
1.2426,2.69,3.3147,190,33
1.2426,2.69,3.3147,190,33
1.2426,2.69,3.3147,190,33
1.2439,2.6923,3.3167,190,33
1.2439,2.6923,3.3167,190,33
1.463,2.459,3.343,194,34
1.463,2.459,3.343,194,34
1.4646,2.4584,3.3426,194,34
1.4657,2.4589,3.344,194,34
1.4657,2.4589,3.344,194,34
1.4627,2.4596,3.3412,194,34
1.4646,2.4595,3.3435,194,34
1.4646,2.4595,3.3435,194,34
1.4657,2.4589,3.344,194,34
1.4657,2.4589,3.344,194,34
1.4646,2.4584,3.3426,194,34
1.4657,2.4589,3.344,194,34
1.2438,2.6904,3.3148,195,35
1.2438,2.6904,3.3148,195,35
1.246,2.6907,3.3153,195,35
1.2418,2.6915,3.3124,195,35
1.2305,2.6898,3.2991,195,35
1.2295,2.6907,3.3,195,35
1.2305,2.6898,3.2991,195,35
1.2295,2.6907,3.3,195,35
1.2336,2.6904,3.3021,195,35
1.2259,2.6916,3.297,195,35
1.2259,2.6916,3.297,195,35
1.2295,2.6907,3.3,195,35
1.2259,2.6916,3.297,195,35
1.2418,2.6915,3.3124,195,35
1.2394,2.6912,3.3097,195,35
1.2233,2.6911,3.295,195,35
1.2326,2.6897,3.3039,195,35
1.2233,2.6911,3.295,195,35
1.2326,2.6897,3.3039,195,35
1.2326,2.6897,3.3039,195,35
1.2326,2.6897,3.3039,195,35
1.2357,2.6902,3.3022,195,35
1.2336,2.6904,3.3021,195,35
1.2428,2.6905,3.3137,195,35
1.2428,2.6905,3.3137,195,35
1.2428,2.6905,3.3137,195,35
1.2438,2.6904,3.3148,195,35
1.2438,2.6904,3.3148,195,35
1.2436,2.6908,3.3152,195,35
1.243,2.6912,3.3151,195,35
1.243,2.6912,3.3151,195,35
1.2377,2.6899,3.3079,195,35
1.2375,2.69,3.3076,195,35
1.2375,2.69,3.3076,195,35
1.2375,2.69,3.3076,195,35
1.2326,2.6897,3.3039,195,35
1.2326,2.6897,3.3039,195,35
1.1411,2.2655,3.2606,196,36
1.1405,2.2658,3.2607,196,36
1.1407,2.2659,3.2604,196,36
1.1408,2.2657,3.2607,196,36
1.1412,2.2657,3.2606,196,36
1.1407,2.2659,3.2604,196,36
1.1408,2.2657,3.2607,196,36
1.1412,2.2657,3.2606,196,36
1.1418,2.2664,3.2605,196,36
1.1418,2.2664,3.2605,196,36
1.1429,2.2665,3.2613,196,36
1.1429,2.2665,3.2613,196,36
1.1417,2.2638,3.2613,196,36
1.1417,2.2638,3.2613,196,36
1.1422,2.2662,3.2608,196,36
0.87696,2.3079,2.8675,196,36
0.87696,2.3079,2.8675,196,36
1.1408,2.2657,3.2607,196,36
1.1396,2.2663,3.2585,196,36
1.1408,2.2657,3.2607,196,36
1.1396,2.2663,3.2585,196,36
1.1405,2.2658,3.2607,196,36
1.1398,2.2658,3.2593,196,36
1.0601,2.3651,3.0669,196,36
1.0601,2.3651,3.0669,196,36
1.0601,2.3651,3.0669,196,36
0.87696,2.3079,2.8675,196,36
0.87696,2.3079,2.8675,196,36
1.1417,2.2638,3.2613,196,36
1.1429,2.2665,3.2613,196,36
1.1429,2.2665,3.2613,196,36
1.1429,2.2665,3.2613,196,36
1.1429,2.2665,3.2613,196,36
1.1429,2.2665,3.2613,196,36
1.1422,2.2662,3.2608,196,36
1.1422,2.2662,3.2608,196,36
0.87696,2.3079,2.8675,196,36
0.87696,2.3079,2.8675,196,36
1.142,2.2643,3.2613,196,36
1.1421,2.2634,3.2621,196,36
1.1425,2.2657,3.2623,196,36
1.1421,2.2634,3.2621,196,36
0.87696,2.3079,2.8675,196,36
0.87696,2.3079,2.8675,196,36
1.0601,2.3651,3.0669,196,36
1.0601,2.3651,3.0669,196,36
0.87696,2.3079,2.8675,196,36
0.87696,2.3079,2.8675,196,36
1.1425,2.2657,3.2623,196,36
1.1405,2.2658,3.2607,196,36
1.1398,2.2658,3.2593,196,36
1.0601,2.3651,3.0669,196,36
0.6762,1.8055,2.9159,200,37
0.6762,1.8055,2.9159,200,37
0.6762,1.8055,2.9159,200,37
0.6762,1.8055,2.9159,200,37
0.6762,1.8055,2.9159,200,37
0.6762,1.8055,2.9159,200,37
0.67727,1.8054,2.9156,200,37
0.67727,1.8054,2.9156,200,37
0.67727,1.8054,2.9156,200,37
0.6762,1.8055,2.9159,200,37
0.6762,1.8055,2.9159,200,37
0.67727,1.8054,2.9156,200,37
0.6762,1.8055,2.9159,200,37
0.6762,1.8055,2.9159,200,37
0.6762,1.8055,2.9159,200,37
0.6762,1.8055,2.9159,200,37
1.469,1.8649,4.1193,208,38
1.4694,1.8653,4.1192,208,38
1.469,1.8649,4.1193,208,38
1.4694,1.8653,4.1192,208,38
1.4688,1.8651,4.119,208,38
1.4688,1.8651,4.119,208,38
1.4688,1.8651,4.119,208,38
1.4688,1.8651,4.119,208,38
1.4694,1.8653,4.1192,208,38
1.4694,1.8653,4.1192,208,38
1.4694,1.8653,4.1192,208,38
1.4694,1.8653,4.1192,208,38
1.4682,1.8655,4.1185,208,38
1.4682,1.8655,4.1185,208,38
1.4688,1.8652,4.1186,208,38
1.4688,1.8651,4.119,208,38
1.4688,1.8651,4.119,208,38
1.4688,1.8651,4.119,208,38
1.4694,1.8653,4.1192,208,38
1.4694,1.8653,4.1192,208,38
1.4694,1.8653,4.1192,208,38
1.4688,1.8651,4.119,208,38
1.4674,1.8657,4.1181,208,38
1.4674,1.8657,4.1181,208,38
1.4674,1.8657,4.1181,208,38
1.4688,1.8651,4.119,208,38
1.0246,2.6021,4.0676,211,39
1.0241,2.6031,4.067,211,39
1.0246,2.6021,4.0676,211,39
1.0241,2.6031,4.067,211,39
1.0246,2.6021,4.0676,211,39
1.0241,2.6031,4.067,211,39
1.0241,2.6031,4.067,211,39
1.0241,2.6031,4.067,211,39
1.0241,2.6031,4.067,211,39
1.0234,2.603,4.0662,211,39
1.0234,2.603,4.0662,211,39
1.0234,2.603,4.0662,211,39
1.0241,2.6031,4.067,211,39
1.0241,2.6031,4.067,211,39
1.0241,2.6031,4.067,211,39
1.0214,2.6043,4.066,211,39
1.022,2.6037,4.0664,211,39
1.022,2.6037,4.0664,211,39
1.0246,2.6021,4.0676,211,39
1.0241,2.6031,4.067,211,39
1.0241,2.6031,4.067,211,39
5.5428,2.9024,1.8541,213,40
5.5432,2.9026,1.854,213,40
5.5439,2.902,1.8543,213,40
5.5439,2.902,1.8543,213,40
5.5439,2.902,1.8543,213,40
5.5439,2.902,1.8543,213,40
5.5439,2.902,1.8543,213,40
5.5439,2.902,1.8543,213,40
5.5439,2.902,1.8543,213,40
5.5439,2.902,1.8543,213,40
5.5432,2.9026,1.854,213,40
5.5432,2.9026,1.854,213,40
5.5392,2.9017,1.8519,213,40
5.5392,2.9017,1.8519,213,40
5.5392,2.9017,1.8519,213,40
5.5432,2.9026,1.854,213,40
5.5439,2.902,1.8543,213,40
5.5439,2.902,1.8543,213,40
5.545,2.9023,1.8573,213,40
5.5459,2.9032,1.8564,213,40
5.5459,2.9032,1.8564,213,40
5.5459,2.9032,1.8564,213,40
5.5439,2.902,1.8543,213,40
5.5439,2.902,1.8543,213,40
5.5439,2.902,1.8543,213,40
5.5439,2.902,1.8543,213,40
0.8181,2.1229,2.7778,214,41
0.8181,2.1229,2.7778,214,41
0.8181,2.1229,2.7778,214,41
0.8181,2.1229,2.7778,214,41
0.8181,2.1229,2.7778,214,41
0.8181,2.1229,2.7778,214,41
0.8181,2.1229,2.7778,214,41
0.8181,2.1229,2.7778,214,41
0.8181,2.1229,2.7778,214,41
0.8181,2.1229,2.7778,214,41
0.8181,2.1229,2.7778,214,41
0.8181,2.1229,2.7778,214,41
0.8181,2.1229,2.7778,214,41
0.8181,2.1229,2.7778,214,41
0.8181,2.1229,2.7778,214,41
0.8181,2.1229,2.7778,214,41
0.8181,2.1229,2.7778,214,41
0.8181,2.1229,2.7778,214,41
0.8181,2.1229,2.7778,214,41
0.8181,2.1229,2.7778,214,41
0.8181,2.1229,2.7778,214,41
0.81703,2.1218,2.7774,214,41
0.81703,2.1218,2.7774,214,41
0.8181,2.1229,2.7778,214,41
0.8181,2.1229,2.7778,214,41
0.8181,2.1229,2.7778,214,41
2.349,2.1009,4.1916,221,42
2.3484,2.1011,4.1917,221,42
2.3486,2.1018,4.1918,221,42
2.3489,2.1014,4.1925,221,42
2.349,2.1014,4.1926,221,42
2.3489,2.1021,4.1927,221,42
2.3489,2.1021,4.1927,221,42
2.3495,2.1021,4.1933,221,42
2.3489,2.1021,4.1927,221,42
2.3489,2.1021,4.1927,221,42
2.3497,2.1021,4.1942,221,42
2.3492,2.1033,4.1939,221,42
2.3492,2.1033,4.1939,221,42
2.3497,2.1021,4.1942,221,42
2.3497,2.1021,4.1942,221,42
2.3492,2.1033,4.1939,221,42
2.3497,2.1021,4.1942,221,42
2.3497,2.1021,4.1942,221,42
2.3497,2.1021,4.1942,221,42
2.3497,2.1021,4.1942,221,42
2.3492,2.1033,4.1939,221,42
2.3489,2.1014,4.1925,221,42
2.3489,2.1014,4.1925,221,42
2.3489,2.1014,4.1925,221,42
2.3489,2.1014,4.1925,221,42
2.3489,2.1014,4.1925,221,42
2.3489,2.1014,4.1925,221,42
2.3484,2.1011,4.1917,221,42
2.3484,2.1011,4.1917,221,42
2.349,2.1014,4.1926,221,42
2.3488,2.1012,4.1915,221,42
2.3488,2.1012,4.1915,221,42
2.3495,2.1021,4.1933,221,42
2.3495,2.1021,4.1933,221,42
2.3497,2.1021,4.1942,221,42
2.3497,2.1021,4.1942,221,42
2.3497,2.1021,4.1942,221,42
2.3492,2.1033,4.1939,221,42
2.3497,2.1021,4.1942,221,42
2.3492,2.1033,4.1939,221,42
2.3489,2.1014,4.1925,221,42
2.3489,2.1014,4.1925,221,42
2.3484,2.1011,4.1917,221,42
2.3489,2.1014,4.1925,221,42
2.3489,2.1014,4.1925,221,42
2.3489,2.1014,4.1925,221,42
2.3495,2.101,4.1918,221,42
2.3501,2.1008,4.192,221,42
2.3501,2.1008,4.192,221,42
2.3501,2.1008,4.192,221,42
2.3497,2.1021,4.1942,221,42
2.3497,2.1021,4.1942,221,42
2.3497,2.1021,4.1942,221,42
0.32217,2.4752,2.8777,226,43
0.32217,2.4752,2.8777,226,43
0.32217,2.4752,2.8777,226,43
0.32217,2.4752,2.8777,226,43
0.32217,2.4752,2.8777,226,43
0.32217,2.4752,2.8777,226,43
0.32217,2.4752,2.8777,226,43
0.32217,2.4752,2.8777,226,43
0.32217,2.4752,2.8777,226,43
0.32217,2.4752,2.8777,226,43
0.32217,2.4752,2.8777,226,43
0.32217,2.4752,2.8777,226,43
0.32217,2.4752,2.8777,226,43
0.32217,2.4752,2.8777,226,43
0.32217,2.4752,2.8777,226,43
0.32217,2.4752,2.8777,226,43
0.32217,2.4752,2.8777,226,43
0.32217,2.4752,2.8777,226,43
0.32217,2.4752,2.8777,226,43
0.32217,2.4752,2.8777,226,43
0.32217,2.4752,2.8777,226,43
0.32217,2.4752,2.8777,226,43
0.32217,2.4752,2.8777,226,43
0.32217,2.4752,2.8777,226,43
0.32217,2.4752,2.8777,226,43
0.32217,2.4752,2.8777,226,43
0.32217,2.4752,2.8777,226,43
0.32217,2.4752,2.8777,226,43
0.32217,2.4752,2.8777,226,43
0.0055109,2.6896,2.0489,235,44
0.0048335,2.6895,2.0496,235,44
0.0064247,2.6891,2.0495,235,44
0.0064247,2.6891,2.0495,235,44
0.0064247,2.6891,2.0495,235,44
0.0065384,2.6901,2.0494,235,44
0.0065384,2.6901,2.0494,235,44
0.006412,2.6896,2.0495,235,44
0.0065384,2.6901,2.0494,235,44
0.0065384,2.6901,2.0494,235,44
0.006412,2.6896,2.0495,235,44
0.006412,2.6896,2.0495,235,44
0.006412,2.6896,2.0495,235,44
0.006412,2.6896,2.0495,235,44
0.006412,2.6896,2.0495,235,44
0.006412,2.6896,2.0495,235,44
0.006412,2.6896,2.0495,235,44
0.006412,2.6896,2.0495,235,44
0.006412,2.6896,2.0495,235,44
0.006412,2.6896,2.0495,235,44
0.009706,2.6895,2.0521,235,44
0.009706,2.6895,2.0521,235,44
0.010414,2.6895,2.0527,235,44
0.0065384,2.6901,2.0494,235,44
0.0064247,2.6891,2.0495,235,44
0.0064247,2.6891,2.0495,235,44
0.0064247,2.6891,2.0495,235,44
0.0064247,2.6891,2.0495,235,44
0.0048335,2.6895,2.0496,235,44
0.0048335,2.6895,2.0496,235,44
0.010414,2.6895,2.0527,235,44
0.010414,2.6895,2.0527,235,44
0.010414,2.6895,2.0527,235,44
0.0046808,2.689,2.0481,235,44
0.010414,2.6895,2.0527,235,44
0.009706,2.6895,2.0521,235,44
0.009706,2.6895,2.0521,235,44
0.009706,2.6895,2.0521,235,44
0.009706,2.6895,2.0521,235,44
0.009706,2.6895,2.0521,235,44
0.006412,2.6896,2.0495,235,44
0.006412,2.6896,2.0495,235,44
0.0065384,2.6901,2.0494,235,44
0.0065384,2.6901,2.0494,235,44
0.0065384,2.6901,2.0494,235,44
0.006412,2.6896,2.0495,235,44
0.0048335,2.6895,2.0496,235,44
0.0048335,2.6895,2.0496,235,44
0.0064247,2.6891,2.0495,235,44
0.0055109,2.6896,2.0489,235,44
0.0055109,2.6896,2.0489,235,44
0.0055109,2.6896,2.0489,235,44
0.0055109,2.6896,2.0489,235,44
0.006412,2.6896,2.0495,235,44
0.006412,2.6896,2.0495,235,44
0.006412,2.6896,2.0495,235,44
1.6631,1.6306,4.0894,240,45
1.6613,1.6341,4.0895,240,45
1.6602,1.6333,4.0892,240,45
1.6602,1.6333,4.0892,240,45
1.6613,1.6324,4.0896,240,45
1.6565,1.6332,4.0881,240,45
1.6613,1.6324,4.0896,240,45
1.6613,1.6324,4.0896,240,45
1.6631,1.6306,4.0894,240,45
1.6613,1.6341,4.0895,240,45
1.6602,1.6333,4.0892,240,45
1.6602,1.6333,4.0892,240,45
0.53643,1.9783,3.2562,252,46
0.53643,1.9783,3.2562,252,46
0.53643,1.9783,3.2562,252,46
0.53643,1.9783,3.2562,252,46
0.53613,1.9761,3.2552,252,46
0.53613,1.9761,3.2552,252,46
0.53195,1.9785,3.2561,252,46
0.53195,1.9785,3.2561,252,46
0.53613,1.9761,3.2552,252,46
0.53613,1.9761,3.2552,252,46
0.53613,1.9761,3.2552,252,46
0.53195,1.9785,3.2561,252,46
0.53195,1.9785,3.2561,252,46
2.3186,2.1833,4.4581,260,47
2.3186,2.1833,4.4581,260,47
2.3186,2.1833,4.4581,260,47
2.3186,2.1833,4.4581,260,47
2.3186,2.1833,4.4581,260,47
2.3186,2.1833,4.4581,260,47
2.3186,2.1833,4.4581,260,47
2.3186,2.1833,4.4581,260,47
2.3186,2.1833,4.4581,260,47
2.3186,2.1833,4.4581,260,47
2.3186,2.1833,4.4581,260,47
2.3186,2.1833,4.4581,260,47
2.3186,2.1833,4.4581,260,47
2.3186,2.1833,4.4581,260,47
2.3186,2.1833,4.4581,260,47
2.3186,2.1833,4.4581,260,47
2.3177,2.1838,4.4584,260,47
2.3177,2.1838,4.4584,260,47
2.3186,2.1833,4.4581,260,47
2.3186,2.1833,4.4581,260,47
1.5687,2.2866,3.965,263,48
1.5687,2.2866,3.965,263,48
1.5687,2.2866,3.965,263,48
1.5687,2.2866,3.965,263,48
1.5687,2.2866,3.965,263,48
1.5687,2.2866,3.965,263,48
1.5687,2.2866,3.965,263,48
1.5687,2.2866,3.965,263,48
1.5687,2.2866,3.965,263,48
1.5687,2.2866,3.965,263,48
1.5687,2.2866,3.965,263,48
1.5687,2.2866,3.965,263,48
1.5687,2.2866,3.965,263,48
1.5687,2.2866,3.965,263,48
1.5687,2.2866,3.965,263,48
1.5687,2.2866,3.965,263,48
1.5687,2.2866,3.965,263,48
1.5687,2.2866,3.965,263,48
1.5687,2.2866,3.965,263,48
1.5687,2.2866,3.965,263,48
1.5687,2.2866,3.965,263,48
1.5687,2.2866,3.965,263,48
1.5687,2.2866,3.965,263,48
1.5687,2.2866,3.965,263,48
1.5687,2.2866,3.965,263,48
1.5687,2.2866,3.965,263,48
1.5687,2.2866,3.965,263,48
1.5687,2.2866,3.965,263,48
0.32224,2.2958,3.4113,276,49
0.32224,2.2958,3.4113,276,49
0.32479,2.297,3.4119,276,49
0.32224,2.2958,3.4113,276,49
0.32508,2.2965,3.4118,276,49
0.32479,2.297,3.4119,276,49
0.32508,2.2965,3.4118,276,49
0.32623,2.298,3.4124,276,49
0.32479,2.297,3.4119,276,49
0.32623,2.298,3.4124,276,49
0.32623,2.298,3.4124,276,49
0.32479,2.297,3.4119,276,49
0.32623,2.298,3.4124,276,49
0.32623,2.298,3.4124,276,49
0.32479,2.297,3.4119,276,49
0.32623,2.298,3.4124,276,49
0.32623,2.298,3.4124,276,49
0.32427,2.2969,3.4101,276,49
0.32427,2.2969,3.4101,276,49
0.32427,2.2969,3.4101,276,49
0.32427,2.2969,3.4101,276,49
0.32427,2.2969,3.4101,276,49
0.32427,2.2969,3.4101,276,49
0.32427,2.2969,3.4101,276,49
0.32623,2.298,3.4124,276,49
0.32623,2.298,3.4124,276,49
0.32427,2.2969,3.4101,276,49
0.32427,2.2969,3.4101,276,49
0.32427,2.2969,3.4101,276,49
0.32427,2.2969,3.4101,276,49
0.32427,2.2969,3.4101,276,49
0.32427,2.2969,3.4101,276,49
0.32427,2.2969,3.4101,276,49
0.32427,2.2969,3.4101,276,49
0.32324,2.2956,3.4107,276,49
0.32324,2.2956,3.4107,276,49
0.32224,2.2958,3.4113,276,49
0.32224,2.2958,3.4113,276,49
0.32427,2.2969,3.4101,276,49
0.32623,2.298,3.4124,276,49
0.32479,2.297,3.4119,276,49
0.32479,2.297,3.4119,276,49
0.32479,2.297,3.4119,276,49
0.32479,2.297,3.4119,276,49
0.32479,2.297,3.4119,276,49
0.32479,2.297,3.4119,276,49
0.32479,2.297,3.4119,276,49
0.32479,2.297,3.4119,276,49
0.32479,2.297,3.4119,276,49
0.32224,2.2958,3.4113,276,49
0.32427,2.2969,3.4101,276,49
0.32427,2.2969,3.4101,276,49
0.32427,2.2969,3.4101,276,49
2.141,2.1541,4.9789,278,50
2.141,2.1541,4.9789,278,50
2.141,2.1541,4.9789,278,50
2.141,2.1541,4.9789,278,50
2.1412,2.1535,4.9784,278,50
2.1412,2.1535,4.9784,278,50
2.1412,2.1535,4.9784,278,50
2.141,2.1541,4.9789,278,50
2.141,2.1541,4.9789,278,50
2.1412,2.1535,4.9784,278,50
2.1412,2.1535,4.9784,278,50
2.1412,2.1535,4.9784,278,50
2.141,2.1541,4.9789,278,50
2.141,2.1541,4.9789,278,50
2.1412,2.1535,4.9784,278,50
2.141,2.1541,4.9789,278,50
2.141,2.1541,4.9789,278,50
2.141,2.1541,4.9789,278,50
2.1412,2.1535,4.9784,278,50
2.1412,2.1535,4.9784,278,50
2.1412,2.1535,4.9784,278,50
0.55522,2.7843,3.2509,283,51
0.55522,2.7843,3.2509,283,51
0.55522,2.7843,3.2509,283,51
0.55522,2.7843,3.2509,283,51
0.55522,2.7843,3.2509,283,51
0.55522,2.7843,3.2509,283,51
0.55522,2.7843,3.2509,283,51
0.55522,2.7843,3.2509,283,51
0.55522,2.7843,3.2509,283,51
0.55522,2.7843,3.2509,283,51
0.55522,2.7843,3.2509,283,51
0.55522,2.7843,3.2509,283,51
0.55522,2.7843,3.2509,283,51
0.55522,2.7843,3.2509,283,51
0.55522,2.7843,3.2509,283,51
0.55522,2.7843,3.2509,283,51
1.2683,2.505,2.9779,284,52
1.267,2.5052,2.9771,284,52
1.2648,2.5061,2.9762,284,52
1.2675,2.5055,2.9781,284,52
1.263,2.506,2.9751,284,52
1.2648,2.5061,2.9762,284,52
1.2675,2.5055,2.9781,284,52
1.263,2.506,2.9751,284,52
1.2641,2.5063,2.9752,284,52
1.2626,2.5057,2.9752,284,52
1.2626,2.5057,2.9752,284,52
1.2626,2.5057,2.9752,284,52
1.263,2.506,2.9751,284,52
1.2608,2.5062,2.9745,284,52
1.263,2.506,2.9751,284,52
1.2608,2.5062,2.9745,284,52
1.2608,2.5062,2.9745,284,52
1.2608,2.5062,2.9745,284,52
1.2608,2.5062,2.9745,284,52
1.2626,2.5057,2.9752,284,52
1.2608,2.5062,2.9745,284,52
1.2626,2.5057,2.9752,284,52
1.2683,2.505,2.9779,284,52
1.2683,2.505,2.9779,284,52
1.2683,2.505,2.9779,284,52
1.2608,2.5062,2.9745,284,52
1.2641,2.5063,2.9752,284,52
1.2641,2.5063,2.9752,284,52
1.2641,2.5063,2.9752,284,52
1.2675,2.5055,2.9781,284,52
1.2675,2.5055,2.9781,284,52
1.267,2.5052,2.9771,284,52
1.267,2.5052,2.9771,284,52
1.267,2.5052,2.9771,284,52
1.267,2.5052,2.9771,284,52
1.2626,2.5057,2.9752,284,52
0.22343,2.6187,3.3415,285,53
0.22343,2.6187,3.3415,285,53
0.22343,2.6187,3.3415,285,53
0.22343,2.6187,3.3415,285,53
0.22103,2.6184,3.3409,285,53
0.22767,2.6179,3.3439,285,53
0.22343,2.6187,3.3415,285,53
0.22767,2.6179,3.3439,285,53
0.22767,2.6179,3.3439,285,53
0.22767,2.6179,3.3439,285,53
0.22767,2.6179,3.3439,285,53
0.22767,2.6179,3.3439,285,53
0.22767,2.6179,3.3439,285,53
0.22767,2.6179,3.3439,285,53
0.22767,2.6179,3.3439,285,53
0.22343,2.6187,3.3415,285,53
0.22343,2.6187,3.3415,285,53
0.22343,2.6187,3.3415,285,53
0.21903,2.6184,3.3395,285,53
0.22103,2.6184,3.3409,285,53
0.22103,2.6184,3.3409,285,53
0.22343,2.6187,3.3415,285,53
0.21903,2.6184,3.3395,285,53
0.22767,2.6179,3.3439,285,53
0.22767,2.6179,3.3439,285,53
0.22767,2.6179,3.3439,285,53
0.22767,2.6179,3.3439,285,53
0.22767,2.6179,3.3439,285,53
0.22343,2.6187,3.3415,285,53
0.22343,2.6187,3.3415,285,53
0.22343,2.6187,3.3415,285,53
0.22343,2.6187,3.3415,285,53
0.22343,2.6187,3.3415,285,53
0.22767,2.6179,3.3439,285,53
0.22767,2.6179,3.3439,285,53
0.22767,2.6179,3.3439,285,53
0.45125,2.4487,2.7172,286,54
0.45125,2.4487,2.7172,286,54
0.4474,2.4493,2.7147,286,54
0.4474,2.4493,2.7147,286,54
0.4474,2.4493,2.7147,286,54
0.4474,2.4493,2.7147,286,54
0.4474,2.4493,2.7147,286,54
0.4474,2.4493,2.7147,286,54
0.4474,2.4493,2.7147,286,54
0.4474,2.4493,2.7147,286,54
0.4474,2.4493,2.7147,286,54
0.4508,2.4496,2.7182,286,54
0.45205,2.4492,2.7183,286,54
0.44678,2.4491,2.7141,286,54
0.44678,2.4491,2.7141,286,54
0.4474,2.4493,2.7147,286,54
0.4508,2.4496,2.7182,286,54
0.4508,2.4496,2.7182,286,54
0.4474,2.4493,2.7147,286,54
0.4474,2.4493,2.7147,286,54
0.45205,2.4492,2.7183,286,54
0.45205,2.4492,2.7183,286,54
0.45202,2.4498,2.7193,286,54
0.4474,2.4493,2.7147,286,54
0.4474,2.4493,2.7147,286,54
0.4474,2.4493,2.7147,286,54
1.4744,2.0932,4.3503,287,55
1.4751,2.0946,4.3495,287,55
1.4744,2.0932,4.3503,287,55
1.4735,2.0956,4.349,287,55
1.4735,2.0956,4.349,287,55
1.4718,2.0966,4.3476,287,55
1.474,2.0968,4.3463,287,55
1.4751,2.0946,4.3495,287,55
1.4725,2.0959,4.3488,287,55
1.4773,2.0954,4.3466,287,55
1.4773,2.0954,4.3466,287,55
1.4773,2.0954,4.3466,287,55
1.4744,2.0932,4.3503,287,55
1.4744,2.0932,4.3503,287,55
1.474,2.0968,4.3463,287,55
1.474,2.0968,4.3463,287,55
1.4735,2.0956,4.349,287,55
1.4744,2.0932,4.3503,287,55
1.4725,2.0959,4.3488,287,55
1.4718,2.0966,4.3476,287,55
1.4718,2.0966,4.3476,287,55
1.4773,2.0954,4.3466,287,55
1.4744,2.0932,4.3503,287,55
1.4743,2.0949,4.3498,287,55
1.4743,2.0949,4.3498,287,55
1.4743,2.0954,4.3493,287,55
0.45055,2.45,2.7177,295,56
0.44462,2.4503,2.7134,295,56
0.44606,2.449,2.713,295,56
0.44365,2.4494,2.7119,295,56
0.44606,2.449,2.713,295,56
0.44606,2.449,2.713,295,56
0.44365,2.4494,2.7119,295,56
0.44606,2.449,2.713,295,56
0.44606,2.449,2.713,295,56
0.44365,2.4494,2.7119,295,56
0.44365,2.4494,2.7119,295,56
0.44245,2.4503,2.7111,295,56
0.44365,2.4494,2.7119,295,56
0.44245,2.4503,2.7111,295,56
0.44365,2.4494,2.7119,295,56
0.44245,2.4503,2.7111,295,56
0.44462,2.4503,2.7134,295,56
0.44319,2.4508,2.7115,295,56
0.44374,2.4515,2.7124,295,56
0.44374,2.4515,2.7124,295,56
0.44245,2.4503,2.7111,295,56
0.44606,2.449,2.713,295,56
0.44606,2.449,2.713,295,56
0.45055,2.45,2.7177,295,56
0.45055,2.45,2.7177,295,56
0.45055,2.45,2.7177,295,56
0.44606,2.449,2.713,295,56
0.44606,2.449,2.713,295,56
0.44245,2.4503,2.7111,295,56
0.44245,2.4503,2.7111,295,56
0.44374,2.4515,2.7124,295,56
0.44374,2.4515,2.7124,295,56
0.44374,2.4515,2.7124,295,56
0.44462,2.4503,2.7134,295,56
0.44462,2.4503,2.7134,295,56
0.44589,2.4511,2.7143,295,56
0.44589,2.4511,2.7143,295,56
0.44365,2.4494,2.7119,295,56
0.44365,2.4494,2.7119,295,56
0.44365,2.4494,2.7119,295,56
0.44245,2.4503,2.7111,295,56
2.9739,2.87,5.8907,299,57
2.9718,2.8695,5.887,299,57
2.9718,2.8695,5.887,299,57
2.9718,2.8707,5.887,299,57
2.9718,2.8695,5.887,299,57
2.9718,2.8695,5.887,299,57
2.9718,2.8695,5.887,299,57
2.9718,2.8695,5.887,299,57
2.9718,2.8695,5.887,299,57
2.9718,2.8695,5.887,299,57
2.9718,2.8695,5.887,299,57
2.9718,2.8695,5.887,299,57
2.9718,2.8695,5.887,299,57
2.9718,2.8695,5.887,299,57
2.9718,2.8695,5.887,299,57
2.9752,2.8703,5.8928,299,57
2.9718,2.8695,5.887,299,57
2.9718,2.8695,5.887,299,57
2.9718,2.8695,5.887,299,57
2.9739,2.87,5.8907,299,57
2.9718,2.8695,5.887,299,57
2.9718,2.8695,5.887,299,57
2.9718,2.8707,5.887,299,57
2.9718,2.8695,5.887,299,57
2.9718,2.8695,5.887,299,57
2.9718,2.8695,5.887,299,57
2.9718,2.8695,5.887,299,57
2.9718,2.8695,5.887,299,57
2.9718,2.8695,5.887,299,57
2.9718,2.8695,5.887,299,57
2.9718,2.8695,5.887,299,57
0.44004,2.4483,2.7075,301,58
0.44023,2.4486,2.7083,301,58
0.44147,2.4462,2.7092,301,58
0.44197,2.4468,2.7078,301,58
0.44147,2.4462,2.7092,301,58
0.44197,2.4468,2.7078,301,58
0.44197,2.4468,2.7078,301,58
0.44197,2.4468,2.7078,301,58
0.44023,2.4486,2.7083,301,58
0.43972,2.4483,2.7066,301,58
0.43872,2.4429,2.707,301,58
0.43872,2.4429,2.707,301,58
0.44023,2.4486,2.7083,301,58
0.44197,2.4468,2.7078,301,58
0.44197,2.4468,2.7078,301,58
0.44477,2.4488,2.7121,301,58
0.44477,2.4488,2.7121,301,58
0.44477,2.4488,2.7121,301,58
1.5325,1.6166,3.2915,305,59
1.5325,1.6166,3.2915,305,59
1.5325,1.6166,3.2915,305,59
1.5282,1.6197,3.2876,305,59
1.5282,1.6197,3.2876,305,59
1.5282,1.6197,3.2876,305,59
1.5325,1.6166,3.2915,305,59
1.5325,1.6166,3.2915,305,59
1.5282,1.6197,3.2876,305,59
1.5325,1.6166,3.2915,305,59
1.5282,1.6197,3.2876,305,59
1.5282,1.6197,3.2876,305,59
1.5325,1.6166,3.2915,305,59
1.5325,1.6166,3.2915,305,59
1.5282,1.6197,3.2876,305,59
1.5282,1.6197,3.2876,305,59
0.32303,2.2968,3.4089,308,60
0.32303,2.2968,3.4089,308,60
0.32303,2.2968,3.4089,308,60
0.32303,2.2968,3.4089,308,60
0.32219,2.2963,3.4094,308,60
0.32219,2.2963,3.4094,308,60
0.32324,2.2982,3.4094,308,60
0.32324,2.2982,3.4094,308,60
0.32219,2.2963,3.4094,308,60
0.32219,2.2963,3.4094,308,60
0.32219,2.2963,3.4094,308,60
0.32303,2.2968,3.4089,308,60
0.32303,2.2968,3.4089,308,60
0.32219,2.2963,3.4094,308,60
0.32303,2.2968,3.4089,308,60
0.32303,2.2968,3.4089,308,60
1.0813,1.7903,3.7174,310,61
1.0813,1.7903,3.7174,310,61
1.0813,1.7903,3.7174,310,61
1.0813,1.7903,3.7174,310,61
1.0808,1.7902,3.718,310,61
1.0808,1.7902,3.718,310,61
1.0813,1.7903,3.7174,310,61
1.0799,1.7904,3.7172,310,61
1.0813,1.7903,3.7174,310,61
1.0808,1.7902,3.718,310,61
1.0808,1.7902,3.718,310,61
1.0799,1.7904,3.7172,310,61
1.0799,1.7904,3.7172,310,61
1.0813,1.7903,3.7174,310,61
1.0808,1.7902,3.718,310,61
1.0808,1.7902,3.718,310,61
1.3911,2.1561,3.1761,315,62
1.3911,2.1561,3.1761,315,62
1.3907,2.1566,3.1752,315,62
1.3907,2.1566,3.1752,315,62
1.3907,2.1566,3.1752,315,62
1.3907,2.1566,3.1752,315,62
1.3907,2.1566,3.1752,315,62
1.3911,2.1561,3.1761,315,62
1.3902,2.1562,3.1746,315,62
1.3915,2.1556,3.1765,315,62
1.3902,2.1562,3.1746,315,62
1.3896,2.1561,3.1744,315,62
1.3903,2.1564,3.1739,315,62
1.3903,2.1564,3.1739,315,62
1.3907,2.1566,3.1752,315,62
1.3902,2.1562,3.1746,315,62
1.3902,2.1562,3.1746,315,62
1.3902,2.1562,3.1746,315,62
1.3902,2.1562,3.1746,315,62
1.391,2.1557,3.1759,315,62
1.3915,2.1556,3.1765,315,62
1.3915,2.1556,3.1765,315,62
1.3907,2.1566,3.1752,315,62
1.3907,2.1566,3.1752,315,62
1.3907,2.1566,3.1752,315,62
1.8908,1.9658,3.904,328,63
1.8908,1.9658,3.904,328,63
1.8901,1.9658,3.9047,328,63
1.8901,1.9658,3.9047,328,63
1.8899,1.9664,3.9044,328,63
1.8901,1.9658,3.9047,328,63
1.8899,1.9664,3.9044,328,63
1.8899,1.9664,3.9044,328,63
1.89,1.9666,3.9052,328,63
1.8899,1.9664,3.9044,328,63
1.8901,1.9666,3.9055,328,63
1.8901,1.9666,3.9055,328,63
1.8901,1.9666,3.9055,328,63
1.8888,1.9669,3.9053,328,63
1.8888,1.9669,3.9053,328,63
1.8881,1.9667,3.9049,328,63
1.8894,1.9668,3.905,328,63
1.8894,1.9668,3.905,328,63
1.8905,1.9661,3.9049,328,63
1.8908,1.9658,3.904,328,63
1.8908,1.9658,3.904,328,63
1.8881,1.9667,3.9049,328,63
1.8888,1.9669,3.9053,328,63
1.8908,1.9658,3.904,328,63
1.8901,1.9658,3.9047,328,63
1.8901,1.9658,3.9047,328,63
1.8901,1.9666,3.9055,328,63
1.8901,1.9666,3.9055,328,63
1.8908,1.9658,3.904,328,63
1.8908,1.9658,3.904,328,63
1.8901,1.9666,3.9055,328,63
1.8901,1.9666,3.9055,328,63
1.8901,1.9666,3.9055,328,63
2.1423,2.1536,4.9814,330,64
2.1419,2.1548,4.9804,330,64
2.1423,2.1536,4.9814,330,64
2.1423,2.1536,4.9814,330,64
2.1423,2.1536,4.9814,330,64
2.1423,2.1536,4.9814,330,64
2.1422,2.1548,4.9817,330,64
2.1422,2.1548,4.9817,330,64
2.1422,2.1548,4.9817,330,64
2.1422,2.1548,4.9817,330,64
2.1422,2.1548,4.9817,330,64
2.1422,2.1548,4.9817,330,64
2.1423,2.1536,4.9814,330,64
2.1423,2.1536,4.9814,330,64
2.1423,2.1536,4.9814,330,64
2.1423,2.1536,4.9814,330,64
2.1419,2.1548,4.9804,330,64
2.1419,2.1548,4.9804,330,64
2.1419,2.1548,4.9804,330,64
2.1423,2.1536,4.9814,330,64
2.1423,2.1536,4.9814,330,64
2.1422,2.1548,4.9817,330,64
2.1422,2.1548,4.9817,330,64
2.1422,2.1548,4.9817,330,64
2.1431,2.1552,4.9807,330,64
2.1431,2.1552,4.9807,330,64
2.1422,2.1548,4.9817,330,64
2.1419,2.1548,4.9804,330,64
2.1419,2.1548,4.9804,330,64
2.1419,2.1548,4.9804,330,64
2.1423,2.1536,4.9814,330,64
2.1422,2.1548,4.9817,330,64
2.1419,2.1548,4.9804,330,64
2.1419,2.1548,4.9804,330,64
2.1419,2.1548,4.9804,330,64
2.1419,2.1548,4.9804,330,64
2.1422,2.1548,4.9817,330,64
2.1422,2.1548,4.9817,330,64
2.1422,2.1548,4.9817,330,64
2.1422,2.1548,4.9817,330,64
2.1422,2.1548,4.9817,330,64
2.1422,2.1548,4.9817,330,64
1.2526,2.6837,2.758,332,65
1.2554,2.6846,2.7625,332,65
1.24,2.6224,2.892,332,65
1.24,2.6224,2.892,332,65
1.2403,2.6222,2.8928,332,65
1.2403,2.6222,2.8928,332,65
1.2406,2.6221,2.8931,332,65
1.2406,2.6221,2.8931,332,65
1.2406,2.6221,2.8931,332,65
1.2406,2.6221,2.8931,332,65
1.2406,2.6221,2.8931,332,65
1.2406,2.6221,2.8931,332,65
1.2406,2.6221,2.8931,332,65
1.2406,2.6221,2.8931,332,65
1.2406,2.6221,2.8931,332,65
1.2406,2.622,2.8929,332,65
1.2554,2.6846,2.7625,332,65
1.2554,2.6846,2.7625,332,65
1.2416,2.6219,2.8936,332,65
1.2416,2.6219,2.8936,332,65
1.2414,2.6219,2.8935,332,65
1.241,2.6219,2.8932,332,65
1.241,2.6219,2.8932,332,65
1.241,2.6219,2.8932,332,65
1.2554,2.6846,2.7625,332,65
1.2554,2.6846,2.7625,332,65
1.2406,2.622,2.8929,332,65
1.2406,2.6221,2.8931,332,65
1.2406,2.6221,2.8931,332,65
1.2406,2.6221,2.8931,332,65
1.2416,2.6219,2.8936,332,65
1.2416,2.6219,2.8936,332,65
1.2416,2.6219,2.8936,332,65
1.5705,2.2869,3.9695,333,66
1.5705,2.2869,3.9695,333,66
1.5705,2.2869,3.9695,333,66
1.5705,2.2869,3.9695,333,66
1.5705,2.2869,3.9695,333,66
1.5705,2.2869,3.9695,333,66
1.5748,2.2864,3.9717,333,66
1.5705,2.2869,3.9695,333,66
1.5705,2.2869,3.9695,333,66
1.5705,2.2869,3.9695,333,66
1.5705,2.2869,3.9695,333,66
1.5705,2.2869,3.9695,333,66
1.5705,2.2869,3.9695,333,66
1.2535,2.6859,4.3323,337,67
1.2535,2.6859,4.3323,337,67
1.2535,2.6859,4.3323,337,67
1.2535,2.6859,4.3323,337,67
1.2535,2.6859,4.3323,337,67
1.2535,2.6859,4.3323,337,67
1.2535,2.6859,4.3323,337,67
1.2535,2.6859,4.3323,337,67
1.2535,2.6859,4.3323,337,67
1.2535,2.6859,4.3323,337,67
1.2535,2.6859,4.3323,337,67
1.2535,2.6859,4.3323,337,67
1.2535,2.6859,4.3323,337,67
1.2535,2.6859,4.3323,337,67
1.2535,2.6859,4.3323,337,67
1.2535,2.6859,4.3323,337,67
0.54567,2.3937,3.4298,344,68
0.54567,2.3937,3.4298,344,68
0.54567,2.3937,3.4298,344,68
0.54567,2.3937,3.4298,344,68
0.54567,2.3937,3.4298,344,68
0.54567,2.3937,3.4298,344,68
0.54567,2.3937,3.4298,344,68
0.54567,2.3937,3.4298,344,68
0.54626,2.3931,3.4293,344,68
0.54567,2.3937,3.4298,344,68
0.54567,2.3937,3.4298,344,68
0.54567,2.3937,3.4298,344,68
0.54567,2.3937,3.4298,344,68
0.54567,2.3937,3.4298,344,68
0.54567,2.3937,3.4298,344,68
0.54567,2.3937,3.4298,344,68
0.54567,2.3937,3.4298,344,68
0.54567,2.3937,3.4298,344,68
0.54567,2.3937,3.4298,344,68
0.54567,2.3937,3.4298,344,68
1.193,1.848,3.6435,348,69
1.193,1.848,3.6435,348,69
1.1927,1.8488,3.6444,348,69
1.1927,1.8488,3.6444,348,69
1.1927,1.8488,3.6444,348,69
1.1927,1.8488,3.6444,348,69
1.1932,1.8477,3.644,348,69
1.1932,1.8473,3.6436,348,69
1.1932,1.8473,3.6436,348,69
1.193,1.848,3.6435,348,69
1.1927,1.8488,3.6444,348,69
1.1927,1.8488,3.6444,348,69
1.1926,1.8477,3.6436,348,69
1.1926,1.8477,3.6436,348,69
1.1927,1.8488,3.6444,348,69
1.1927,1.8488,3.6444,348,69
1.9798,1.8997,3.819,349,70
1.9798,1.8997,3.819,349,70
1.9798,1.8997,3.819,349,70
1.9798,1.8997,3.819,349,70
1.9798,1.8997,3.819,349,70
1.9798,1.8997,3.819,349,70
1.9798,1.8997,3.819,349,70
1.978,1.8993,3.8195,349,70
1.978,1.8993,3.8195,349,70
1.978,1.8993,3.8195,349,70
1.978,1.8993,3.8195,349,70
1.9784,1.8985,3.8195,349,70
1.9784,1.8985,3.8195,349,70
1.9778,1.8977,3.8192,349,70
1.9778,1.8977,3.8192,349,70
1.9778,1.8977,3.8192,349,70
1.9778,1.8977,3.8192,349,70
1.9778,1.8977,3.8192,349,70
1.9778,1.8977,3.8192,349,70
1.9798,1.8997,3.819,349,70
1.9798,1.8997,3.819,349,70
1.9798,1.8997,3.819,349,70
1.9784,1.8985,3.8195,349,70
1.9778,1.8977,3.8192,349,70
1.9778,1.8977,3.8192,349,70
1.9778,1.8977,3.8192,349,70
1.9778,1.8977,3.8192,349,70
1.9778,1.8977,3.8192,349,70
1.9778,1.8977,3.8192,349,70
1.9778,1.8977,3.8192,349,70
1.9778,1.8977,3.8192,349,70
1.9798,1.8997,3.819,349,70
1.9798,1.8997,3.819,349,70
1.9779,1.8992,3.8191,349,70
1.9791,1.8987,3.8193,349,70
1.9794,1.8976,3.8191,349,70
1.9794,1.8976,3.8191,349,70
1.9798,1.8997,3.819,349,70
1.9798,1.8997,3.819,349,70
1.9798,1.8997,3.819,349,70
1.9798,1.8997,3.819,349,70
0.4601,2.4508,2.5656,354,71
0.4601,2.4508,2.5656,354,71
0.46088,2.4507,2.564,354,71
0.46057,2.4511,2.5633,354,71
0.46088,2.4507,2.564,354,71
0.46088,2.4507,2.564,354,71
0.46057,2.4511,2.5633,354,71
0.46057,2.4511,2.5633,354,71
0.46009,2.4503,2.5663,354,71
0.45901,2.4477,2.5642,354,71
0.45901,2.4477,2.5642,354,71
0.4601,2.4508,2.5656,354,71
0.4601,2.4508,2.5656,354,71
0.46057,2.4511,2.5633,354,71
0.46057,2.4511,2.5633,354,71
0.45868,2.4524,2.5647,354,71
0.45868,2.4524,2.5647,354,71
1.3927,2.1562,3.1772,355,72
1.392,2.1555,3.1767,355,72
1.3907,2.1569,3.1758,355,72
1.3899,2.1571,3.1758,355,72
1.3907,2.1569,3.1758,355,72
1.3899,2.1571,3.1758,355,72
1.3924,2.1551,3.1766,355,72
1.3924,2.1551,3.1766,355,72
1.3924,2.1551,3.1766,355,72
1.3924,2.1551,3.1766,355,72
1.3924,2.1551,3.1766,355,72
1.3924,2.1551,3.1766,355,72
1.3924,2.1551,3.1766,355,72
1.3899,2.1571,3.1758,355,72
1.3919,2.1561,3.1774,355,72
1.3899,2.1571,3.1758,355,72
1.3919,2.1561,3.1774,355,72
1.3899,2.1571,3.1758,355,72
1.3919,2.1561,3.1774,355,72
1.392,2.1555,3.1767,355,72
1.3922,2.1557,3.1776,355,72
1.3924,2.1551,3.1766,355,72
1.3924,2.1551,3.1766,355,72
1.3919,2.1557,3.1768,355,72
1.3923,2.1563,3.1771,355,72
1.3919,2.1557,3.1768,355,72
1.3924,2.1551,3.1766,355,72
1.3924,2.1551,3.1766,355,72
1.3924,2.1551,3.1766,355,72
1.3919,2.1561,3.1774,355,72
1.3919,2.1561,3.1774,355,72
1.3919,2.1561,3.1774,355,72
1.3919,2.1561,3.1774,355,72
1.3922,2.1557,3.1776,355,72
1.392,2.1557,3.1772,355,72
1.392,2.1557,3.1772,355,72
1.3922,2.1557,3.1776,355,72
1.3924,2.1551,3.1766,355,72
1.3924,2.1551,3.1766,355,72
1.3924,2.1551,3.1766,355,72
1.3924,2.1551,3.1766,355,72
0.51544,3.0374,2.4323,365,73
0.51694,3.0408,2.4328,365,73
0.51165,3.0366,2.4284,365,73
0.51694,3.0408,2.4328,365,73
0.51165,3.0366,2.4284,365,73
0.51694,3.0408,2.4328,365,73
0.51694,3.0408,2.4328,365,73
0.51694,3.0408,2.4328,365,73
0.51694,3.0408,2.4328,365,73
0.50799,3.0398,2.4245,365,73
0.51694,3.0408,2.4328,365,73
0.50799,3.0398,2.4245,365,73
0.51165,3.0366,2.4284,365,73
0.51544,3.0374,2.4323,365,73
0.51694,3.0408,2.4328,365,73
0.51378,3.0405,2.4311,365,73
0.51675,3.0402,2.434,365,73
0.51165,3.0366,2.4284,365,73
0.51165,3.0366,2.4284,365,73
0.50799,3.0398,2.4245,365,73
0.50799,3.0398,2.4245,365,73
0.50799,3.0398,2.4245,365,73
0.51165,3.0366,2.4284,365,73
0.51694,3.0408,2.4328,365,73
0.51694,3.0408,2.4328,365,73
0.51694,3.0408,2.4328,365,73
6.1718,2.8632,2.5359,370,74
6.1718,2.8632,2.5359,370,74
6.1758,2.8642,2.5389,370,74
6.1758,2.8642,2.5389,370,74
6.1758,2.8642,2.5389,370,74
6.1758,2.8642,2.5389,370,74
6.1734,2.8633,2.5373,370,74
6.1734,2.8633,2.5373,370,74
6.1718,2.8632,2.5359,370,74
6.1718,2.8632,2.5359,370,74
6.1696,2.8637,2.535,370,74
6.1696,2.8637,2.535,370,74
6.1734,2.8633,2.5373,370,74
6.1718,2.8632,2.5359,370,74
6.1718,2.8632,2.5359,370,74
6.1758,2.8642,2.5389,370,74
6.1734,2.8633,2.5373,370,74
6.1718,2.8632,2.5359,370,74
6.1718,2.8632,2.5359,370,74
6.1734,2.8633,2.5373,370,74
1.4414,2.2518,3.566,372,75
1.4414,2.2518,3.566,372,75
1.4414,2.2518,3.566,372,75
1.4414,2.2518,3.566,372,75
1.4414,2.2518,3.566,372,75
1.4414,2.2518,3.566,372,75
1.4414,2.2518,3.566,372,75
1.4414,2.2518,3.566,372,75
1.4414,2.2518,3.566,372,75
1.4414,2.2518,3.566,372,75
1.4418,2.2515,3.566,372,75
1.4418,2.2515,3.566,372,75
1.4418,2.2515,3.566,372,75
1.4414,2.2518,3.566,372,75
1.4414,2.2518,3.566,372,75
1.4414,2.2518,3.566,372,75
1.4414,2.2518,3.566,372,75
1.4414,2.2518,3.566,372,75
1.4414,2.2518,3.566,372,75
1.4414,2.2518,3.566,372,75
1.4414,2.2518,3.566,372,75
1.4414,2.2518,3.566,372,75
1.4414,2.2518,3.566,372,75
1.4414,2.2518,3.566,372,75
4.6659,2.9911,0.38743,376,76
4.6664,2.9918,0.38822,376,76
4.6752,2.991,0.39759,376,76
4.674,2.991,0.39646,376,76
4.6974,2.9899,0.42092,376,76
4.6974,2.9899,0.42092,376,76
4.6974,2.9899,0.42092,376,76
4.6974,2.9899,0.42092,376,76
4.6974,2.9899,0.42092,376,76
4.674,2.991,0.39646,376,76
4.674,2.991,0.39646,376,76
4.6664,2.9918,0.38822,376,76
4.6664,2.9918,0.38822,376,76
4.6715,2.991,0.39331,376,76
4.6715,2.991,0.39331,376,76
4.6861,2.9905,0.40872,376,76
4.6974,2.9899,0.42092,376,76
4.6974,2.9899,0.42092,376,76
4.6974,2.9899,0.42092,376,76
4.6974,2.9899,0.42092,376,76
4.6974,2.9899,0.42092,376,76
4.674,2.991,0.39646,376,76
4.6664,2.9918,0.38822,376,76
4.6974,2.9899,0.42092,376,76
4.6974,2.9899,0.42092,376,76
2.4262,2.3362,4.5574,381,77
2.4262,2.3362,4.5574,381,77
2.4268,2.3362,4.557,381,77
2.4268,2.3362,4.557,381,77
2.4265,2.3373,4.5586,381,77
2.4265,2.3373,4.5578,381,77
2.4265,2.3373,4.5586,381,77
2.4266,2.3375,4.5587,381,77
2.428,2.3376,4.5602,381,77
2.4266,2.3375,4.5587,381,77
2.428,2.3376,4.5602,381,77
2.428,2.3376,4.5602,381,77
2.4266,2.3375,4.5587,381,77
2.4266,2.3375,4.5587,381,77
2.4266,2.3375,4.5587,381,77
2.4266,2.3375,4.5587,381,77
2.4266,2.3375,4.5587,381,77
2.4266,2.3375,4.5587,381,77
2.4266,2.3375,4.5587,381,77
2.4265,2.3373,4.5578,381,77
2.4266,2.3375,4.5587,381,77
2.4255,2.3373,4.5572,381,77
2.4255,2.3373,4.5572,381,77
2.4255,2.3373,4.5572,381,77
2.4266,2.3361,4.5575,381,77
2.4266,2.3361,4.5575,381,77
2.4261,2.3367,4.5577,381,77
2.428,2.3376,4.5602,381,77
2.428,2.3376,4.5602,381,77
2.4262,2.3362,4.5574,381,77
2.4268,2.3362,4.557,381,77
2.4268,2.3362,4.557,381,77
2.4265,2.3373,4.5578,381,77
2.4265,2.3373,4.5578,381,77
2.4266,2.3375,4.5587,381,77
2.4266,2.3375,4.5587,381,77
2.4266,2.3375,4.5587,381,77
2.4266,2.3375,4.5587,381,77
2.428,2.3376,4.5602,381,77
2.4266,2.3375,4.5587,381,77
2.4266,2.3375,4.5587,381,77
2.4266,2.3375,4.5587,381,77
2.4261,2.3355,4.5572,381,77
2.4262,2.3362,4.5574,381,77
2.4266,2.3375,4.5587,381,77
1.2586,2.6849,4.3346,385,78
1.2609,2.6862,4.3378,385,78
1.2586,2.6849,4.3346,385,78
1.2609,2.6862,4.3378,385,78
1.2609,2.6862,4.3378,385,78
1.2609,2.6862,4.3378,385,78
1.2609,2.6862,4.3378,385,78
1.2609,2.6862,4.3378,385,78
1.2609,2.6862,4.3378,385,78
1.2609,2.6862,4.3378,385,78
1.2593,2.6853,4.3352,385,78
1.2593,2.6853,4.3352,385,78
1.2609,2.6862,4.3378,385,78
1.2609,2.6862,4.3378,385,78
1.2609,2.6862,4.3378,385,78
1.2586,2.6849,4.3346,385,78
1.2609,2.6862,4.3378,385,78
1.2609,2.6862,4.3378,385,78
1.2609,2.6862,4.3378,385,78
1.2609,2.6862,4.3378,385,78
1.2609,2.6862,4.3378,385,78
1.2609,2.6862,4.3378,385,78
1.2609,2.6862,4.3378,385,78
1.2609,2.6862,4.3378,385,78
1.1225,2.7998,3.6474,386,79
1.1225,2.7998,3.6474,386,79
1.1225,2.7998,3.6474,386,79
1.1225,2.7998,3.6474,386,79
1.1225,2.7998,3.6474,386,79
1.1225,2.7998,3.6474,386,79
1.1225,2.7998,3.6474,386,79
1.1225,2.7998,3.6474,386,79
1.1225,2.7998,3.6474,386,79
1.1225,2.7998,3.6474,386,79
1.1225,2.7998,3.6474,386,79
1.1225,2.7998,3.6474,386,79
1.1225,2.7998,3.6474,386,79
1.1189,2.7992,3.6444,386,79
1.1225,2.7998,3.6474,386,79
1.1225,2.7998,3.6474,386,79
1.1225,2.7998,3.6474,386,79
1.1225,2.7998,3.6474,386,79
1.1225,2.7998,3.6474,386,79
1.1189,2.7992,3.6444,386,79
1.1189,2.7992,3.6444,386,79
1.1225,2.7998,3.6474,386,79
1.1225,2.7998,3.6474,386,79
1.1225,2.7998,3.6474,386,79
1.1225,2.7998,3.6474,386,79
1.1225,2.7998,3.6474,386,79
1.1225,2.7998,3.6474,386,79
1.1225,2.7998,3.6474,386,79
1.1189,2.7992,3.6444,386,79
1.1225,2.7998,3.6474,386,79
1.1225,2.7998,3.6474,386,79
0.77642,2.141,3.9558,397,80
0.77987,2.1407,3.9564,397,80
0.77642,2.141,3.9558,397,80
0.77987,2.1407,3.9564,397,80
0.77987,2.1407,3.9564,397,80
0.77987,2.1407,3.9564,397,80
0.77987,2.1407,3.9564,397,80
0.77642,2.141,3.9558,397,80
0.77642,2.141,3.9558,397,80
0.77987,2.1407,3.9564,397,80
0.77987,2.1407,3.9564,397,80
0.77987,2.1407,3.9564,397,80
0.78071,2.1419,3.9597,397,80
0.77987,2.1407,3.9564,397,80
0.78071,2.1419,3.9597,397,80
2.6476,2.2915,4.7946,400,81
2.6476,2.2915,4.7946,400,81
2.6466,2.2913,4.7938,400,81
2.6466,2.2913,4.7938,400,81
2.6454,2.2914,4.7901,400,81
2.6466,2.2913,4.7938,400,81
2.6454,2.2914,4.7901,400,81
2.6454,2.2914,4.7901,400,81
2.6454,2.2914,4.7901,400,81
2.6454,2.2914,4.7901,400,81
2.6454,2.2914,4.7901,400,81
2.6454,2.2914,4.7901,400,81
2.6454,2.2914,4.7901,400,81
2.6454,2.2914,4.7901,400,81
2.647,2.2909,4.7928,400,81
2.6472,2.2908,4.7934,400,81
2.6454,2.2914,4.7901,400,81
2.6454,2.2914,4.7901,400,81
2.6454,2.2914,4.7901,400,81
2.6454,2.2914,4.7901,400,81
2.6476,2.2915,4.7946,400,81
2.6475,2.2905,4.7931,400,81
2.6476,2.2915,4.7946,400,81
2.6466,2.2913,4.7938,400,81
2.6454,2.2914,4.7901,400,81
2.6454,2.2914,4.7901,400,81
2.6454,2.2914,4.7901,400,81
2.6454,2.2914,4.7901,400,81
2.6475,2.2905,4.7931,400,81
2.6454,2.2914,4.7901,400,81
2.6454,2.2914,4.7901,400,81
2.6454,2.2914,4.7901,400,81
2.4714,2.7229,4.9942,404,82
2.4714,2.7229,4.9942,404,82
2.4665,2.7237,4.9919,404,82
2.4714,2.7229,4.9942,404,82
2.4665,2.7237,4.9919,404,82
2.4661,2.7248,4.991,404,82
2.4714,2.7229,4.9942,404,82
2.4661,2.7248,4.991,404,82
2.4734,2.7219,4.9973,404,82
2.4734,2.7219,4.9973,404,82
2.4667,2.7248,4.9903,404,82
2.4734,2.7219,4.9973,404,82
2.4688,2.7244,4.9935,404,82
2.4667,2.7248,4.9903,404,82
2.4688,2.7244,4.9935,404,82
2.4688,2.7244,4.9935,404,82
2.4685,2.7247,4.9925,404,82
2.469,2.7242,4.9926,404,82
2.4683,2.7244,4.9917,404,82
2.4671,2.7246,4.9904,404,82
2.4683,2.7244,4.9917,404,82
2.4683,2.7244,4.9917,404,82
2.4683,2.7244,4.9917,404,82
2.467,2.7243,4.99,404,82
2.467,2.7243,4.99,404,82
2.4671,2.7246,4.9904,404,82
2.467,2.7243,4.99,404,82
2.4685,2.7247,4.9925,404,82
2.4685,2.7247,4.9925,404,82
2.4667,2.7248,4.9903,404,82
2.4667,2.7248,4.9903,404,82
2.4667,2.7248,4.9903,404,82
2.4667,2.7248,4.9903,404,82
2.4661,2.7248,4.991,404,82
2.4655,2.725,4.989,404,82
2.4665,2.7237,4.9919,404,82
2.4674,2.7231,4.9916,404,82
2.4701,2.7216,4.9916,404,82
2.4652,2.7258,4.9885,404,82
2.4652,2.7258,4.9885,404,82
2.4652,2.7258,4.9885,404,82
2.4673,2.7246,4.9899,404,82
2.4683,2.7244,4.9917,404,82
2.4714,2.7229,4.9942,404,82
2.4714,2.7229,4.9942,404,82
2.4714,2.7229,4.9942,404,82
2.4697,2.7226,4.9906,404,82
2.4675,2.7247,4.9889,404,82
2.4675,2.7247,4.9889,404,82
2.4673,2.7246,4.9897,404,82
2.4673,2.7246,4.9899,404,82
2.467,2.7243,4.99,404,82
2.467,2.7243,4.99,404,82
2.4673,2.7246,4.9899,404,82
2.4714,2.7229,4.9942,404,82
2.4667,2.7238,4.9912,404,82
2.466,2.7236,4.9904,404,82
2.466,2.7236,4.9904,404,82
2.4714,2.7229,4.9942,404,82
2.4714,2.7229,4.9942,404,82
2.4714,2.7229,4.9942,404,82
2.4688,2.7244,4.9935,404,82
2.4688,2.7244,4.9935,404,82
2.4714,2.7229,4.9942,404,82
2.4714,2.7229,4.9942,404,82
2.4714,2.7229,4.9942,404,82
2.4688,2.7244,4.9935,404,82
2.4683,2.7244,4.9917,404,82
2.4683,2.7244,4.9917,404,82
2.4683,2.7244,4.9917,404,82
2.4683,2.7244,4.9917,404,82
2.4714,2.7229,4.9942,404,82
2.4714,2.7229,4.9942,404,82
2.4714,2.7229,4.9942,404,82
2.4678,2.722,4.9909,404,82
2.467,2.7243,4.99,404,82
2.467,2.7243,4.99,404,82
2.467,2.7243,4.99,404,82
2.4683,2.7244,4.9917,404,82
2.4683,2.7244,4.9917,404,82
1.6019,1.8365,4.2584,407,83
1.6019,1.8365,4.2584,407,83
1.6019,1.8365,4.2584,407,83
1.6022,1.8357,4.2584,407,83
1.6019,1.8365,4.2584,407,83
1.6019,1.8365,4.2584,407,83
1.6022,1.8357,4.2584,407,83
1.6022,1.8357,4.2584,407,83
1.6019,1.8365,4.2584,407,83
1.6022,1.8357,4.2584,407,83
1.6022,1.8357,4.2584,407,83
1.6016,1.836,4.2585,407,83
1.6014,1.8356,4.2588,407,83
1.6014,1.8356,4.2588,407,83
1.6016,1.836,4.2585,407,83
1.6022,1.8357,4.2584,407,83
1.6022,1.8357,4.2584,407,83
1.6019,1.8365,4.2584,407,83
1.6019,1.8365,4.2584,407,83
1.6014,1.8356,4.2588,407,83
1.6019,1.8365,4.2584,407,83
1.6019,1.8365,4.2584,407,83
1.6019,1.8365,4.2584,407,83
1.6022,1.8357,4.2584,407,83
1.4466,2.3902,3.2597,410,84
1.4466,2.3902,3.2597,410,84
1.4454,2.3897,3.2591,410,84
1.4454,2.3897,3.2591,410,84
1.4454,2.3897,3.2591,410,84
1.4454,2.3897,3.2591,410,84
1.4454,2.3897,3.2591,410,84
1.4454,2.3897,3.2591,410,84
1.4454,2.3897,3.2591,410,84
1.4454,2.3897,3.2591,410,84
1.4454,2.3897,3.2591,410,84
1.4466,2.3902,3.2597,410,84
1.4466,2.3902,3.2597,410,84
1.4454,2.3897,3.2591,410,84
1.4454,2.3897,3.2591,410,84
1.4454,2.3897,3.2591,410,84
1.4454,2.3897,3.2591,410,84
1.4466,2.3902,3.2597,410,84
1.4454,2.3897,3.2591,410,84
1.4454,2.3897,3.2591,410,84
1.4454,2.3897,3.2591,410,84
1.4454,2.3897,3.2591,410,84
1.4454,2.3897,3.2591,410,84
1.4466,2.3902,3.2597,410,84
1.4466,2.3902,3.2597,410,84
1.4454,2.3897,3.2591,410,84
1.4454,2.3897,3.2591,410,84
2.4697,2.723,4.9921,412,85
2.4697,2.723,4.9921,412,85
2.4689,2.7239,4.9921,412,85
2.4689,2.7239,4.9921,412,85
2.4705,2.7222,4.9938,412,85
2.4689,2.7245,4.9933,412,85
2.4689,2.7245,4.9933,412,85
2.4694,2.7242,4.9938,412,85
2.4689,2.7245,4.9933,412,85
2.4689,2.7245,4.9933,412,85
2.4694,2.7242,4.9938,412,85
2.4689,2.7245,4.9933,412,85
2.4689,2.7245,4.9933,412,85
2.4694,2.7242,4.9938,412,85
2.4661,2.7247,4.9881,412,85
2.4661,2.7247,4.9881,412,85
2.4677,2.7246,4.9908,412,85
2.4705,2.7222,4.9938,412,85
2.4694,2.7242,4.9938,412,85
2.4705,2.7222,4.9938,412,85
2.4704,2.7223,4.9926,412,85
2.4697,2.723,4.9921,412,85
2.4694,2.7242,4.9938,412,85
2.4695,2.7245,4.9939,412,85
2.4695,2.7245,4.9939,412,85
2.4677,2.7246,4.9908,412,85
2.4677,2.7246,4.9908,412,85
2.4697,2.723,4.9921,412,85
2.4661,2.7247,4.9881,412,85
2.4689,2.7245,4.9933,412,85
2.4661,2.7247,4.9881,412,85
2.4661,2.7247,4.9881,412,85
2.4677,2.7246,4.9908,412,85
2.4661,2.7247,4.9881,412,85
2.4695,2.7245,4.9939,412,85
2.0133,1.9497,4.7519,420,86
2.0133,1.9497,4.7519,420,86
2.0133,1.9497,4.7519,420,86
2.0133,1.9497,4.7519,420,86
2.0135,1.9501,4.7523,420,86
2.0135,1.9501,4.7523,420,86
2.0137,1.9495,4.7516,420,86
2.0135,1.9501,4.7523,420,86
2.0135,1.9501,4.7523,420,86
2.0133,1.9497,4.7519,420,86
2.0135,1.9501,4.7523,420,86
2.0135,1.9501,4.7523,420,86
2.0135,1.9501,4.7523,420,86
2.0135,1.9501,4.7523,420,86
2.0133,1.9497,4.7519,420,86
2.0133,1.9497,4.7519,420,86
1.1199,2.8015,3.6452,427,87
1.1199,2.8015,3.6452,427,87
1.1191,2.8015,3.6448,427,87
1.1191,2.8015,3.6448,427,87
1.1191,2.8015,3.6448,427,87
1.1191,2.8015,3.6448,427,87
1.1073,2.7985,3.635,427,87
1.1073,2.7985,3.635,427,87
1.1073,2.7985,3.635,427,87
1.1073,2.7985,3.635,427,87
1.1073,2.7985,3.635,427,87
1.1073,2.7985,3.635,427,87
1.1073,2.7985,3.635,427,87
1.1073,2.7985,3.635,427,87
1.1073,2.7985,3.635,427,87
1.1199,2.8015,3.6452,427,87
1.1073,2.7985,3.635,427,87
1.1073,2.7985,3.635,427,87
1.1073,2.7985,3.635,427,87
1.1199,2.8015,3.6452,427,87
1.1191,2.8015,3.6448,427,87
1.1191,2.8015,3.6448,427,87
1.1191,2.8015,3.6448,427,87
1.1191,2.8015,3.6448,427,87
1.1073,2.7985,3.635,427,87
1.1073,2.7985,3.635,427,87
1.1073,2.7985,3.635,427,87
1.1073,2.7985,3.635,427,87
1.1073,2.7985,3.635,427,87
1.1073,2.7985,3.635,427,87
1.1073,2.7985,3.635,427,87
1.1073,2.7985,3.635,427,87
1.1073,2.7985,3.635,427,87
1.1192,2.8011,3.6456,427,87
1.1192,2.8011,3.6456,427,87
1.3756,2.3876,3.8424,428,88
1.3756,2.3876,3.8424,428,88
1.374,2.3888,3.841,428,88
1.374,2.3888,3.841,428,88
1.3695,2.3889,3.8347,428,88
1.3695,2.3889,3.8347,428,88
1.3695,2.3889,3.8347,428,88
1.3695,2.3889,3.8347,428,88
1.3695,2.3889,3.8347,428,88
1.374,2.3888,3.841,428,88
1.374,2.3888,3.841,428,88
1.374,2.3888,3.841,428,88
1.374,2.3888,3.841,428,88
1.374,2.3888,3.841,428,88
1.3695,2.3889,3.8347,428,88
1.3743,2.3881,3.8409,428,88
1.3752,2.3881,3.8413,428,88
1.3752,2.3881,3.8413,428,88
1.3695,2.3889,3.8347,428,88
1.3756,2.3876,3.8424,428,88
1.374,2.3888,3.841,428,88
1.3756,2.3876,3.8424,428,88
1.374,2.3888,3.841,428,88
1.374,2.3888,3.841,428,88
1.3695,2.3889,3.8347,428,88
1.374,2.3888,3.841,428,88
1.374,2.3888,3.841,428,88
1.374,2.3888,3.841,428,88
1.374,2.3888,3.841,428,88
1.374,2.3888,3.841,428,88
1.3756,2.3876,3.8424,428,88
1.8401,1.8011,4.0939,432,89
1.8401,1.8011,4.0939,432,89
1.8391,1.8023,4.0933,432,89
1.8391,1.8023,4.0933,432,89
1.8391,1.8023,4.0933,432,89
1.8391,1.8023,4.0933,432,89
1.8391,1.8023,4.0933,432,89
1.8391,1.8023,4.0933,432,89
1.8391,1.8023,4.0933,432,89
1.8391,1.8023,4.0933,432,89
1.8391,1.8023,4.0933,432,89
1.8391,1.8023,4.0933,432,89
1.8391,1.8023,4.0933,432,89
1.8391,1.8023,4.0933,432,89
1.8391,1.8001,4.0949,432,89
1.8391,1.8023,4.0933,432,89
1.8391,1.8001,4.0949,432,89
1.8391,1.8023,4.0933,432,89
1.8394,1.7998,4.0953,432,89
1.8395,1.8002,4.0958,432,89
1.8395,1.8002,4.0958,432,89
1.8395,1.8002,4.0958,432,89
1.8391,1.8001,4.0949,432,89
1.8391,1.8001,4.0949,432,89
1.8401,1.8011,4.0939,432,89
1.8392,1.7993,4.0954,432,89
1.8393,1.7998,4.0962,432,89
1.8391,1.8023,4.0933,432,89
1.8391,1.8023,4.0933,432,89
1.8391,1.8023,4.0933,432,89
1.8391,1.8023,4.0933,432,89
1.8401,1.8011,4.0939,432,89
1.8401,1.8011,4.0939,432,89
1.8401,1.8011,4.0939,432,89
1.8401,1.8011,4.0939,432,89
1.8393,1.7998,4.0962,432,89
1.8391,1.8023,4.0933,432,89
1.8391,1.8023,4.0933,432,89
1.8391,1.8023,4.0933,432,89
1.1206,2.8006,3.6465,436,90
1.1203,2.7998,3.6468,436,90
1.1203,2.7998,3.6468,436,90
1.1203,2.8005,3.6464,436,90
1.1197,2.7994,3.6461,436,90
1.1197,2.7994,3.6461,436,90
1.1192,2.8005,3.6452,436,90
1.1197,2.7994,3.6461,436,90
1.1197,2.7994,3.6461,436,90
1.1192,2.8005,3.6452,436,90
1.1186,2.8006,3.6447,436,90
1.1186,2.8006,3.6447,436,90
1.1186,2.8006,3.6447,436,90
1.1197,2.7994,3.6461,436,90
1.1197,2.7994,3.6461,436,90
1.1203,2.7998,3.6468,436,90
1.1208,2.7999,3.6462,436,90
1.1203,2.8,3.6456,436,90
1.1208,2.7999,3.6462,436,90
1.123,2.7996,3.6482,436,90
1.123,2.7996,3.6482,436,90
1.1186,2.8006,3.6447,436,90
1.1203,2.8,3.6456,436,90
1.1203,2.8,3.6456,436,90
1.1206,2.8006,3.6465,436,90
1.1206,2.8006,3.6465,436,90
1.1206,2.8006,3.6465,436,90
1.1203,2.7998,3.6468,436,90
1.1206,2.8006,3.6465,436,90
1.1203,2.7998,3.6468,436,90
1.1186,2.8006,3.6447,436,90
1.1197,2.7994,3.6461,436,90
1.1197,2.7994,3.6461,436,90
1.1197,2.7994,3.6461,436,90
1.1197,2.7994,3.6461,436,90
1.1186,2.8006,3.6447,436,90
1.1186,2.8006,3.6447,436,90
1.9094,2.0679,4.3834,441,91
1.9096,2.0687,4.3841,441,91
1.9094,2.0679,4.3834,441,91
1.9096,2.0687,4.3841,441,91
1.9094,2.0679,4.3834,441,91
1.9094,2.0679,4.3834,441,91
1.9102,2.0671,4.3854,441,91
1.9102,2.0671,4.3854,441,91
1.9102,2.0671,4.3854,441,91
1.9096,2.0687,4.3841,441,91
1.9111,2.0695,4.3836,441,91
1.9096,2.0687,4.3841,441,91
1.9111,2.0695,4.3836,441,91
1.9094,2.0679,4.3834,441,91
1.9094,2.0679,4.3834,441,91
1.9094,2.0679,4.3834,441,91
1.9094,2.0679,4.3834,441,91
1.9094,2.0679,4.3834,441,91
1.9094,2.0679,4.3834,441,91
1.9111,2.0695,4.3836,441,91
1.9111,2.0695,4.3836,441,91
1.9102,2.0671,4.3854,441,91
1.9098,2.0676,4.3838,441,91
1.9082,2.0694,4.3845,441,91
1.9082,2.0694,4.3845,441,91
1.9092,2.0692,4.384,441,91
1.9094,2.0679,4.3834,441,91
1.9102,2.0671,4.3854,441,91
1.9102,2.0671,4.3854,441,91
0.067741,2.797,2.8324,445,92
0.067448,2.7978,2.832,445,92
0.067741,2.797,2.8324,445,92
0.067448,2.7978,2.832,445,92
0.067448,2.7978,2.832,445,92
0.067448,2.7978,2.832,445,92
0.067559,2.7967,2.8318,445,92
0.067559,2.7967,2.8318,445,92
0.067559,2.7967,2.8318,445,92
0.067559,2.7967,2.8318,445,92
0.067559,2.7967,2.8318,445,92
0.067448,2.7978,2.832,445,92
0.067741,2.797,2.8324,445,92
0.067741,2.797,2.8324,445,92
0.067741,2.797,2.8324,445,92
0.067448,2.7978,2.832,445,92
0.067741,2.797,2.8324,445,92
0.067559,2.7967,2.8318,445,92
0.067021,2.7978,2.8324,445,92
0.067021,2.7978,2.8324,445,92
0.067021,2.7978,2.8324,445,92
0.067559,2.7967,2.8318,445,92
0.067559,2.7967,2.8318,445,92
0.067559,2.7967,2.8318,445,92
0.067021,2.7978,2.8324,445,92
0.067741,2.797,2.8324,445,92
0.067021,2.7978,2.8324,445,92
0.067021,2.7978,2.8324,445,92
1.6135,1.807,3.9688,451,93
1.613,1.8058,3.968,451,93
1.6135,1.807,3.9688,451,93
1.6138,1.8043,3.9697,451,93
1.6138,1.8043,3.9697,451,93
1.6133,1.8046,3.9696,451,93
1.6143,1.8037,3.97,451,93
1.6133,1.8046,3.9696,451,93
1.6143,1.8037,3.97,451,93
1.6135,1.8044,3.9698,451,93
1.6133,1.8041,3.9697,451,93
1.6133,1.8041,3.9697,451,93
1.6133,1.8041,3.9697,451,93
1.6133,1.8041,3.9697,451,93
1.6143,1.8037,3.97,451,93
1.6143,1.8037,3.97,451,93
1.6143,1.8037,3.97,451,93
1.6133,1.8041,3.9697,451,93
1.6143,1.8037,3.97,451,93
1.6143,1.8037,3.97,451,93
1.613,1.8058,3.968,451,93
1.6135,1.807,3.9688,451,93
1.6135,1.807,3.9688,451,93
1.6121,1.8067,3.9676,451,93
1.6128,1.8065,3.9676,451,93
1.6128,1.8065,3.9676,451,93
1.6136,1.8061,3.9681,451,93
1.6135,1.8044,3.9698,451,93
1.6133,1.8041,3.9697,451,93
1.6135,1.8044,3.9698,451,93
1.6143,1.8037,3.97,451,93
1.6143,1.8037,3.97,451,93
1.613,1.8058,3.968,451,93
1.6143,1.8037,3.97,451,93
1.613,1.8058,3.968,451,93
1.6135,1.807,3.9688,451,93
1.6143,1.8037,3.97,451,93
1.6143,1.8037,3.97,451,93
1.6143,1.8037,3.97,451,93
1.6143,1.8037,3.97,451,93
1.6143,1.8037,3.97,451,93
1.6143,1.8037,3.97,451,93
1.6135,1.807,3.9688,451,93
1.3812,1.5865,3.836,455,94
1.3812,1.5865,3.836,455,94
1.3812,1.5865,3.836,455,94
1.3812,1.5865,3.836,455,94
1.3814,1.5877,3.8362,455,94
1.3814,1.5877,3.8362,455,94
1.3814,1.5877,3.8362,455,94
1.3814,1.5877,3.8362,455,94
1.3815,1.5871,3.8359,455,94
1.3816,1.5866,3.8362,455,94
1.3815,1.5871,3.8359,455,94
1.3814,1.5877,3.8362,455,94
1.3814,1.5877,3.8362,455,94
1.3814,1.5877,3.8362,455,94
1.3814,1.5877,3.8362,455,94
1.3812,1.5865,3.836,455,94
1.3812,1.5865,3.836,455,94
1.3816,1.5866,3.8362,455,94
1.3814,1.5877,3.8362,455,94
1.3814,1.5877,3.8362,455,94
1.0828,2.1377,3.6274,460,95
1.0828,2.1377,3.6274,460,95
1.0831,2.1374,3.628,460,95
1.0831,2.1374,3.628,460,95
1.0831,2.1374,3.628,460,95
1.0831,2.1374,3.628,460,95
1.0831,2.1374,3.628,460,95
1.0831,2.1374,3.628,460,95
1.0831,2.1374,3.628,460,95
1.0831,2.1374,3.628,460,95
1.0831,2.1374,3.628,460,95
1.0831,2.1374,3.628,460,95
1.0831,2.1374,3.628,460,95
1.0831,2.1374,3.628,460,95
1.0828,2.1377,3.6274,460,95
1.0828,2.1377,3.6274,460,95
1.0831,2.1374,3.628,460,95
1.0831,2.1374,3.628,460,95
1.0831,2.1374,3.628,460,95
1.0831,2.1374,3.628,460,95
1.0824,2.1371,3.6264,460,95
1.0824,2.1371,3.6264,460,95
2.4737,2.7764,4.2352,461,96
2.4737,2.7764,4.2352,461,96
2.4742,2.7759,4.2358,461,96
2.4742,2.7759,4.2358,461,96
2.4737,2.7764,4.2352,461,96
2.4742,2.7759,4.2358,461,96
2.4742,2.7759,4.2358,461,96
2.4742,2.7759,4.2358,461,96
2.4742,2.7759,4.2358,461,96
2.4737,2.7764,4.2352,461,96
2.4737,2.7764,4.2352,461,96
2.4737,2.7764,4.2352,461,96
2.4737,2.7764,4.2352,461,96
2.4737,2.7764,4.2352,461,96
2.4737,2.7764,4.2352,461,96
2.4742,2.7759,4.2358,461,96
2.4737,2.7764,4.2352,461,96
2.4742,2.7759,4.2358,461,96
2.4742,2.7759,4.2358,461,96
2.4737,2.7764,4.2352,461,96
2.4737,2.7764,4.2352,461,96
2.4742,2.7759,4.2358,461,96
2.4742,2.7759,4.2358,461,96
2.1086,2.5563,4.9185,462,97
2.1086,2.5563,4.9185,462,97
2.1086,2.5563,4.9185,462,97
2.1086,2.5563,4.9185,462,97
2.1086,2.5563,4.9185,462,97
2.107,2.56,4.9181,462,97
2.107,2.56,4.9181,462,97
2.107,2.56,4.9181,462,97
2.107,2.56,4.9181,462,97
2.1086,2.5563,4.9185,462,97
2.1086,2.5563,4.9185,462,97
2.1086,2.5563,4.9185,462,97
2.1086,2.5563,4.9185,462,97
2.1086,2.5563,4.9185,462,97
0.74721,1.9978,2.7436,479,98
0.74401,1.9988,2.7431,479,98
0.7449,1.9982,2.7446,479,98
0.74436,1.9983,2.743,479,98
0.74401,1.9988,2.7431,479,98
0.74362,1.9992,2.7434,479,98
0.74436,1.9983,2.743,479,98
0.74498,1.997,2.7449,479,98
0.74498,1.997,2.7449,479,98
0.74498,1.997,2.7449,479,98
0.74498,1.997,2.7449,479,98
0.74498,1.997,2.7449,479,98
0.74527,1.9972,2.745,479,98
0.74527,1.9972,2.745,479,98
0.74527,1.9972,2.745,479,98
0.7449,1.9982,2.7446,479,98
0.7449,1.9982,2.7446,479,98
0.7442,1.9985,2.7427,479,98
0.7442,1.9985,2.7427,479,98
0.74721,1.9978,2.7436,479,98
0.74721,1.9978,2.7436,479,98
0.74721,1.9978,2.7436,479,98
0.7449,1.9982,2.7446,479,98
0.74721,1.9978,2.7436,479,98
0.7449,1.9982,2.7446,479,98
0.7449,1.9982,2.7446,479,98
0.74434,1.9992,2.743,479,98
0.74498,1.997,2.7449,479,98
0.74362,1.9992,2.7434,479,98
0.74436,1.9983,2.743,479,98
0.74498,1.997,2.7449,479,98
0.74527,1.9972,2.745,479,98
0.74527,1.9972,2.745,479,98
0.74527,1.9972,2.745,479,98
0.74527,1.9972,2.745,479,98
0.74527,1.9972,2.745,479,98
0.74527,1.9972,2.745,479,98
0.69182,2.1941,3.9444,483,99
0.69182,2.1941,3.9444,483,99
0.69219,2.1934,3.9453,483,99
0.69135,2.1905,3.9442,483,99
0.69107,2.1925,3.9433,483,99
0.69048,2.1937,3.9427,483,99
0.69182,2.1902,3.9422,483,99
0.69144,2.1913,3.9418,483,99
0.69144,2.1913,3.9418,483,99
0.69144,2.1913,3.9418,483,99
0.69144,2.1913,3.9418,483,99
0.68929,2.1936,3.9421,483,99
0.69006,2.1924,3.9414,483,99
0.69006,2.1924,3.9414,483,99
0.6895,2.194,3.9428,483,99
0.6895,2.194,3.9428,483,99
0.69168,2.1946,3.9447,483,99
0.69076,2.1954,3.9456,483,99
0.69168,2.1946,3.9447,483,99
0.69139,2.1946,3.9457,483,99
0.69168,2.1929,3.9439,483,99
0.68959,2.1932,3.9428,483,99
0.6887,2.1931,3.9421,483,99
0.68929,2.1936,3.9421,483,99
0.68929,2.1936,3.9421,483,99
0.68929,2.1936,3.9421,483,99
0.68929,2.1936,3.9421,483,99
0.6887,2.1931,3.9421,483,99
0.69168,2.1929,3.9439,483,99
0.69182,2.1941,3.9444,483,99
0.69182,2.1941,3.9444,483,99
0.69182,2.1902,3.9422,483,99
0.69182,2.1941,3.9444,483,99
0.69182,2.1902,3.9422,483,99
0.69182,2.1902,3.9422,483,99
0.6887,2.1931,3.9421,483,99
0.68929,2.1936,3.9421,483,99
0.6887,2.1931,3.9421,483,99
0.6887,2.1931,3.9421,483,99
0.69168,2.1929,3.9439,483,99
0.69144,2.1913,3.9418,483,99
0.69144,2.1913,3.9418,483,99
0.69144,2.1913,3.9418,483,99
0.68929,2.1936,3.9421,483,99
0.68929,2.1936,3.9421,483,99
0.68929,2.1936,3.9421,483,99
1.9904,2.1292,3.4394,489,100
1.9905,2.1294,3.4393,489,100
1.9907,2.129,3.4393,489,100
1.9905,2.1294,3.4393,489,100
1.9905,2.1294,3.4393,489,100
1.9907,2.129,3.4393,489,100
1.9905,2.1294,3.4393,489,100
1.9905,2.1294,3.4393,489,100
1.9907,2.129,3.4393,489,100
1.9905,2.1294,3.4393,489,100
1.9907,2.129,3.4393,489,100
1.9907,2.129,3.4393,489,100
1.9905,2.1294,3.4393,489,100
1.9905,2.1294,3.4393,489,100
1.9905,2.1294,3.4393,489,100
1.9904,2.1292,3.4394,489,100
1.9904,2.1292,3.4394,489,100
1.9904,2.1292,3.4394,489,100
1.9905,2.1294,3.4393,489,100
1.9907,2.129,3.4393,489,100
1.9905,2.1294,3.4393,489,100
1.9907,2.129,3.4398,489,100
1.9907,2.129,3.4398,489,100
1.9907,2.129,3.4393,489,100
1.9907,2.129,3.4393,489,100
1.9907,2.129,3.4393,489,100
1.9907,2.129,3.4393,489,100
1.9907,2.129,3.4393,489,100
0.0,0.0,0.0,100001,101
0.0,0.0,0.0,100001,101
0.0,0.0,0.0,100001,101
0.0,0.0,0.0,100001,101
0.0,0.0,0.0,100001,101
0.0,0.0,0.0,100001,101
0.0,0.0,0.0,100001,101
0.0,0.0,0.0,100001,101
0.0,0.0,0.0,100001,101
0.0,0.0,0.0,100001,101
0.0,0.0,0.0,100001,101
0.0,0.0,0.0,100001,101
0.0,0.0,0.0,100001,101
0.0,0.0,0.0,100001,101
0.0,0.0,0.0,100001,101
0.0,0.0,0.0,100001,101
0.0,0.0,0.0,100001,101
0.0,0.0,0.0,100001,101
0.0,0.0,0.0,100001,101
0.0,0.0,0.0,100001,101
0.0,0.0,0.0,100001,101
0.0,0.0,0.0,100001,101
0.0,0.0,0.0,100001,101
0.0,0.0,0.0,100001,101
0.0,0.0,0.0,100001,101
0.0,0.0,0.0,100001,101
0.0,0.0,0.0,100001,101
0.0,0.0,0.0,100001,101
0.0,0.0,0.0,100001,101
0.0,0.0,0.0,100001,101
0.0,0.0,0.0,100001,101
0.0,0.0,0.0,100001,101
0.0,0.0,0.0,100001,101
0.0,0.0,0.0,100001,101
0.0,0.0,0.0,100001,101
0.0,0.0,0.0,100001,101
0.0,0.0,0.0,100001,101
0.0,0.0,0.0,100001,101
0.0,0.0,0.0,100001,101
0.0,0.0,0.0,100001,101
0.0,0.0,0.0,100001,101
0.0,0.0,0.0,100001,101
0.0,0.0,0.0,100001,101
0.0,0.0,0.0,100001,101
0.0,0.0,0.0,100001,101
0.0,0.0,0.0,100001,101
0.0,0.0,0.0,100001,101
0.0,0.0,0.0,100001,101
0.0,0.0,0.0,100001,101
0.0,0.0,0.0,100001,101
0.0,0.0,0.0,100001,101
0.0,0.0,0.0,100001,101
0.0,0.0,0.0,100001,101
0.0,0.0,0.0,100001,101
0.0,0.0,0.0,100001,101
0.0,0.0,0.0,100001,101
0.0,0.0,0.0,100001,101
0.0,0.0,0.0,100001,101
0.0,0.0,0.0,100001,101
0.0,0.0,0.0,100001,101
0.0,0.0,0.0,100001,101
0.0,0.0,0.0,100001,101
0.0,0.0,0.0,100001,101
0.0,0.0,0.0,100001,101
0.0,0.0,0.0,100001,101
0.0,0.0,0.0,100001,101
0.0,0.0,0.0,100001,101
0.0,0.0,0.0,100001,101
0.0,0.0,0.0,100001,101
0.0,0.0,0.0,100001,101
0.0,0.0,0.0,100001,101
0.0,0.0,0.0,100001,101
0.0,0.0,0.0,100001,101
0.0,0.0,0.0,100001,101
0.0,0.0,0.0,100001,101
0.0,0.0,0.0,100001,101
0.0,0.0,0.0,100001,101
0.0,0.0,0.0,100001,101
0.0,0.0,0.0,100001,101
0.0,0.0,0.0,100001,101
0.0,0.0,0.0,100001,101
0.0,0.0,0.0,100001,101
0.0,0.0,0.0,100001,101
0.0,0.0,0.0,100001,101
0.0,0.0,0.0,100001,101
0.0,0.0,0.0,100001,101
0.0,0.0,0.0,100001,101
0.0,0.0,0.0,100001,101
0.0,0.0,0.0,100001,101
0.0,0.0,0.0,100001,101
0.0,0.0,0.0,100001,101
0.0,0.0,0.0,100001,101
0.0,0.0,0.0,100001,101
0.0,0.0,0.0,100001,101
0.0,0.0,0.0,100001,101
0.0,0.0,0.0,100001,101
0.0,0.0,0.0,100001,101
0.0,0.0,0.0,100001,101
0.0,0.0,0.0,100001,101
0.0,0.0,0.0,100001,101
0.0,0.0,0.0,100001,101
0.0,0.0,0.0,100001,101
0.0,0.0,0.0,100001,101
0.0,0.0,0.0,100001,101
0.0,0.0,0.0,100001,101
0.0,0.0,0.0,100001,101
0.0,0.0,0.0,100001,101
0.0,0.0,0.0,100001,101
0.0,0.0,0.0,100001,101
0.0,0.0,0.0,100001,101
0.0,0.0,0.0,100001,101
0.0,0.0,0.0,100001,101
0.0,0.0,0.0,100001,101
0.0,0.0,0.0,100001,101
0.0,0.0,0.0,100001,101
0.0,0.0,0.0,100001,101
0.0,0.0,0.0,100001,101
0.0,0.0,0.0,100001,101
0.0,0.0,0.0,100001,101
0.0,0.0,0.0,100001,101
0.0,0.0,0.0,100001,101
0.0,0.0,0.0,100001,101
0.0,0.0,0.0,100001,101
0.0,0.0,0.0,100001,101
0.0,0.0,0.0,100001,101
0.0,0.0,0.0,100001,101
0.0,0.0,0.0,100001,101
0.0,0.0,0.0,100001,101
0.0,0.0,0.0,100001,101
0.0,0.0,0.0,100001,101
0.0,0.0,0.0,100001,101
0.0,0.0,0.0,100001,101
0.0,0.0,0.0,100001,101
0.0,0.0,0.0,100001,101
0.0,0.0,0.0,100001,101
0.0,0.0,0.0,100001,101
0.0,0.0,0.0,100001,101
0.0,0.0,0.0,100001,101
0.0,0.0,0.0,100001,101
0.0,0.0,0.0,100001,101
0.0,0.0,0.0,100001,101
0.0,0.0,0.0,100001,101
0.0,0.0,0.0,100001,101
0.0,0.0,0.0,100001,101
0.0,0.0,0.0,100001,101
0.0,0.0,0.0,100001,101
0.0,0.0,0.0,100001,101
0.0,0.0,0.0,100001,101
0.0,0.0,0.0,100001,101
0.0,0.0,0.0,100001,101
0.0,0.0,0.0,100001,101
0.0,0.0,0.0,100001,101
0.0,0.0,0.0,100001,101
0.0,0.0,0.0,100001,101
0.0,0.0,0.0,100001,101
0.0,0.0,0.0,100001,101
0.0,0.0,0.0,100001,101
0.0,0.0,0.0,100001,101
0.0,0.0,0.0,100001,101
0.0,0.0,0.0,100001,101
0.0,0.0,0.0,100001,101
0.0,0.0,0.0,100001,101
0.0,0.0,0.0,100001,101
0.0,0.0,0.0,100001,101
0.0,0.0,0.0,100001,101
0.0,0.0,0.0,100001,101
0.0,0.0,0.0,100001,101
0.0,0.0,0.0,100001,101
0.0,0.0,0.0,100001,101
0.0,0.0,0.0,100001,101
0.0,0.0,0.0,100001,101
0.0,0.0,0.0,100001,101
0.0,0.0,0.0,100001,101
0.0,0.0,0.0,100001,101
0.0,0.0,0.0,100001,101
0.0,0.0,0.0,100001,101
0.0,0.0,0.0,100001,101
0.0,0.0,0.0,100001,101
0.0,0.0,0.0,100001,101
0.0,0.0,0.0,100001,101
0.0,0.0,0.0,100001,101
0.0,0.0,0.0,100001,101
0.0,0.0,0.0,100001,101
0.0,0.0,0.0,100001,101
0.0,0.0,0.0,100001,101
0.0,0.0,0.0,100001,101
0.0,0.0,0.0,100001,101
0.0,0.0,0.0,100001,101
0.0,0.0,0.0,100001,101
0.0,0.0,0.0,100001,101
0.0,0.0,0.0,100001,101
0.0,0.0,0.0,100001,101
0.0,0.0,0.0,100001,101
0.0,0.0,0.0,100001,101
0.0,0.0,0.0,100001,101
0.0,0.0,0.0,100001,101
0.0,0.0,0.0,100001,101
0.0,0.0,0.0,100001,101
0.0,0.0,0.0,100001,101
0.0,0.0,0.0,100001,101
0.0,0.0,0.0,100001,101
0.0,0.0,0.0,100001,101
0.0,0.0,0.0,100001,101
0.0,0.0,0.0,100001,101
0.0,0.0,0.0,100001,101
0.0,0.0,0.0,100001,101
0.0,0.0,0.0,100001,101
0.0,0.0,0.0,100001,101
0.0,0.0,0.0,100001,101
0.0,0.0,0.0,100001,101
0.0,0.0,0.0,100001,101
0.0,0.0,0.0,100001,101
0.0,0.0,0.0,100001,101
0.0,0.0,0.0,100001,101
0.0,0.0,0.0,100001,101
0.0,0.0,0.0,100001,101
0.0,0.0,0.0,100001,101
0.0,0.0,0.0,100001,101
0.0,0.0,0.0,100001,101
0.0,0.0,0.0,100001,101
0.0,0.0,0.0,100001,101
0.0,0.0,0.0,100001,101
0.0,0.0,0.0,100001,101
0.0,0.0,0.0,100001,101
0.0,0.0,0.0,100001,101
0.0,0.0,0.0,100001,101
0.0,0.0,0.0,100001,101
0.0,0.0,0.0,100001,101
0.0,0.0,0.0,100001,101
0.0,0.0,0.0,100001,101
0.0,0.0,0.0,100001,101
0.0,0.0,0.0,100001,101
0.0,0.0,0.0,100001,101
0.0,0.0,0.0,100001,101
0.0,0.0,0.0,100001,101
0.0,0.0,0.0,100001,101
0.0,0.0,0.0,100001,101
0.0,0.0,0.0,100001,101
0.0,0.0,0.0,100001,101
0.0,0.0,0.0,100001,101
0.0,0.0,0.0,100001,101
0.0,0.0,0.0,100001,101
0.0,0.0,0.0,100001,101
0.0,0.0,0.0,100001,101
0.0,0.0,0.0,100001,101
0.0,0.0,0.0,100001,101
0.0,0.0,0.0,100001,101
0.0,0.0,0.0,100001,101
0.0,0.0,0.0,100001,101
0.0,0.0,0.0,100001,101
0.0,0.0,0.0,100002,102
0.0,0.0,0.0,100002,102
0.0,0.0,0.0,100002,102
0.0,0.0,0.0,100002,102
0.0,0.0,0.0,100002,102
0.0,0.0,0.0,100002,102
0.0,0.0,0.0,100002,102
0.0,0.0,0.0,100002,102
0.0,0.0,0.0,100002,102
0.0,0.0,0.0,100002,102
0.0,0.0,0.0,100002,102
0.0,0.0,0.0,100002,102
0.0,0.0,0.0,100002,102
0.0,0.0,0.0,100002,102
0.0,0.0,0.0,100002,102
0.0,0.0,0.0,100002,102
0.0,0.0,0.0,100002,102
0.0,0.0,0.0,100002,102
0.0,0.0,0.0,100002,102
0.0,0.0,0.0,100002,102
0.0,0.0,0.0,100002,102
0.0,0.0,0.0,100002,102
0.0,0.0,0.0,100002,102
0.0,0.0,0.0,100002,102
0.0,0.0,0.0,100002,102
0.0,0.0,0.0,100002,102
0.0,0.0,0.0,100002,102
0.0,0.0,0.0,100002,102
0.0,0.0,0.0,100002,102
0.0,0.0,0.0,100002,102
0.0,0.0,0.0,100002,102
0.0,0.0,0.0,100002,102
0.0,0.0,0.0,100002,102
0.0,0.0,0.0,100002,102
0.0,0.0,0.0,100002,102
0.0,0.0,0.0,100002,102
0.0,0.0,0.0,100002,102
0.0,0.0,0.0,100002,102
0.0,0.0,0.0,100002,102
0.0,0.0,0.0,100002,102
0.0,0.0,0.0,100002,102
0.0,0.0,0.0,100002,102
0.0,0.0,0.0,100002,102
0.0,0.0,0.0,100002,102
0.0,0.0,0.0,100002,102
0.0,0.0,0.0,100002,102
0.0,0.0,0.0,100002,102
0.0,0.0,0.0,100002,102
0.0,0.0,0.0,100002,102
0.0,0.0,0.0,100002,102
0.0,0.0,0.0,100002,102
0.0,0.0,0.0,100002,102
0.0,0.0,0.0,100002,102
0.0,0.0,0.0,100002,102
0.0,0.0,0.0,100002,102
0.0,0.0,0.0,100002,102
0.0,0.0,0.0,100002,102
0.0,0.0,0.0,100002,102
0.0,0.0,0.0,100002,102
0.0,0.0,0.0,100002,102
0.0,0.0,0.0,100002,102
0.0,0.0,0.0,100002,102
0.0,0.0,0.0,100002,102
0.0,0.0,0.0,100002,102
0.0,0.0,0.0,100002,102
0.0,0.0,0.0,100002,102
0.0,0.0,0.0,100002,102
0.0,0.0,0.0,100002,102
0.0,0.0,0.0,100002,102
0.0,0.0,0.0,100002,102
0.0,0.0,0.0,100002,102
0.0,0.0,0.0,100002,102
0.0,0.0,0.0,100002,102
0.0,0.0,0.0,100002,102
0.0,0.0,0.0,100002,102
0.0,0.0,0.0,100002,102
0.0,0.0,0.0,100002,102
0.0,0.0,0.0,100002,102
0.0,0.0,0.0,100002,102
0.0,0.0,0.0,100002,102
0.0,0.0,0.0,100002,102
0.0,0.0,0.0,100002,102
0.0,0.0,0.0,100002,102
0.0,0.0,0.0,100002,102
0.0,0.0,0.0,100002,102
0.0,0.0,0.0,100002,102
0.0,0.0,0.0,100002,102
0.0,0.0,0.0,100002,102
0.0,0.0,0.0,100002,102
0.0,0.0,0.0,100002,102
0.0,0.0,0.0,100002,102
0.0,0.0,0.0,100002,102
0.0,0.0,0.0,100002,102
0.0,0.0,0.0,100002,102
0.0,0.0,0.0,100002,102
0.0,0.0,0.0,100002,102
0.0,0.0,0.0,100002,102
0.0,0.0,0.0,100002,102
0.0,0.0,0.0,100002,102
0.0,0.0,0.0,100002,102
0.0,0.0,0.0,100002,102
0.0,0.0,0.0,100002,102
0.0,0.0,0.0,100002,102
0.0,0.0,0.0,100002,102
0.0,0.0,0.0,100002,102
0.0,0.0,0.0,100002,102
0.0,0.0,0.0,100002,102
0.0,0.0,0.0,100002,102
0.0,0.0,0.0,100002,102
0.0,0.0,0.0,100002,102
0.0,0.0,0.0,100002,102
0.0,0.0,0.0,100002,102
0.0,0.0,0.0,100002,102
0.0,0.0,0.0,100002,102
0.0,0.0,0.0,100002,102
0.0,0.0,0.0,100002,102
0.0,0.0,0.0,100002,102
0.0,0.0,0.0,100002,102
0.0,0.0,0.0,100002,102
0.0,0.0,0.0,100002,102
0.0,0.0,0.0,100002,102
0.0,0.0,0.0,100002,102
0.0,0.0,0.0,100002,102
0.0,0.0,0.0,100002,102
0.0,0.0,0.0,100002,102
0.0,0.0,0.0,100002,102
0.0,0.0,0.0,100002,102
0.0,0.0,0.0,100002,102
0.0,0.0,0.0,100002,102
0.0,0.0,0.0,100002,102
0.0,0.0,0.0,100002,102
0.0,0.0,0.0,100002,102
0.0,0.0,0.0,100002,102
0.0,0.0,0.0,100002,102
0.0,0.0,0.0,100002,102
0.0,0.0,0.0,100002,102
0.0,0.0,0.0,100002,102
0.0,0.0,0.0,100002,102
0.0,0.0,0.0,100002,102
0.0,0.0,0.0,100002,102
0.0,0.0,0.0,100002,102
0.0,0.0,0.0,100002,102
0.0,0.0,0.0,100002,102
0.0,0.0,0.0,100002,102
0.0,0.0,0.0,100002,102
0.0,0.0,0.0,100002,102
0.0,0.0,0.0,100002,102
0.0,0.0,0.0,100002,102
0.0,0.0,0.0,100002,102
0.0,0.0,0.0,100002,102
0.0,0.0,0.0,100002,102
0.0,0.0,0.0,100002,102
0.0,0.0,0.0,100002,102
0.0,0.0,0.0,100002,102
0.0,0.0,0.0,100002,102
0.0,0.0,0.0,100002,102
0.0,0.0,0.0,100002,102
0.0,0.0,0.0,100002,102
0.0,0.0,0.0,100002,102
0.0,0.0,0.0,100002,102
0.0,0.0,0.0,100002,102
0.0,0.0,0.0,100002,102
0.0,0.0,0.0,100002,102
0.0,0.0,0.0,100002,102
0.0,0.0,0.0,100002,102
0.0,0.0,0.0,100002,102
0.0,0.0,0.0,100002,102
0.0,0.0,0.0,100002,102
0.0,0.0,0.0,100002,102
0.0,0.0,0.0,100002,102
0.0,0.0,0.0,100002,102
0.0,0.0,0.0,100002,102
0.0,0.0,0.0,100002,102
0.0,0.0,0.0,100002,102
0.0,0.0,0.0,100002,102
0.0,0.0,0.0,100002,102
0.0,0.0,0.0,100002,102
0.0,0.0,0.0,100002,102
0.0,0.0,0.0,100002,102
0.0,0.0,0.0,100002,102
0.0,0.0,0.0,100002,102
0.0,0.0,0.0,100002,102
0.0,0.0,0.0,100002,102
0.0,0.0,0.0,100002,102
0.0,0.0,0.0,100002,102
0.0,0.0,0.0,100002,102
0.0,0.0,0.0,100002,102
0.0,0.0,0.0,100002,102
0.0,0.0,0.0,100002,102
0.0,0.0,0.0,100002,102
0.0,0.0,0.0,100002,102
0.0,0.0,0.0,100002,102
0.0,0.0,0.0,100002,102
0.0,0.0,0.0,100002,102
0.0,0.0,0.0,100002,102
0.0,0.0,0.0,100002,102
0.0,0.0,0.0,100002,102
0.0,0.0,0.0,100002,102
0.0,0.0,0.0,100002,102
0.0,0.0,0.0,100002,102
0.0,0.0,0.0,100002,102
0.0,0.0,0.0,100002,102
0.0,0.0,0.0,100002,102
0.0,0.0,0.0,100002,102
0.0,0.0,0.0,100002,102
0.0,0.0,0.0,100002,102
0.0,0.0,0.0,100002,102
0.0,0.0,0.0,100002,102
0.0,0.0,0.0,100002,102
0.0,0.0,0.0,100002,102
0.0,0.0,0.0,100002,102
0.0,0.0,0.0,100002,102
0.0,0.0,0.0,100002,102
0.0,0.0,0.0,100002,102
0.0,0.0,0.0,100002,102
0.0,0.0,0.0,100002,102
0.0,0.0,0.0,100002,102
0.0,0.0,0.0,100002,102
0.0,0.0,0.0,100002,102
0.0,0.0,0.0,100002,102
0.0,0.0,0.0,100002,102
0.0,0.0,0.0,100002,102
0.0,0.0,0.0,100002,102
0.0,0.0,0.0,100002,102
0.0,0.0,0.0,100002,102
0.0,0.0,0.0,100002,102
0.0,0.0,0.0,100002,102
0.0,0.0,0.0,100002,102
0.0,0.0,0.0,100002,102
0.0,0.0,0.0,100002,102
0.0,0.0,0.0,100002,102
0.0,0.0,0.0,100002,102
0.0,0.0,0.0,100002,102
0.0,0.0,0.0,100002,102
0.0,0.0,0.0,100002,102
0.0,0.0,0.0,100002,102
0.0,0.0,0.0,100002,102
0.0,0.0,0.0,100002,102
0.0,0.0,0.0,100002,102
0.0,0.0,0.0,100002,102
0.0,0.0,0.0,100002,102
0.0,0.0,0.0,100002,102
0.0,0.0,0.0,100002,102
0.0,0.0,0.0,100002,102
0.0,0.0,0.0,100002,102
0.0,0.0,0.0,100002,102
0.0,0.0,0.0,100002,102
0.0,0.0,0.0,100002,102
0.0,0.0,0.0,100002,102
